benchmark,configuration,attempted,successful,completion,runtime_median_s,runtime_iqr_s,runtime_max_s,peak_rss_median_mib,peak_rss_max_mib,timeouts,oom,context_bound,seed_pairs,exact_seed_matches,seed_mismatches,missing_seed_pairs
isu,B0,88,88,100.0%,12.90,5.80–23.03,659.39,332.9,15534.9,0,0,0,80,76,4,8
isu,A1,88,88,100.0%,11.42,5.61–21.58,316.72,322.5,5167.7,0,0,0,—,—,—,—
isu,A2,88,88,100.0%,12.67,5.80–22.90,396.66,321.1,8327.4,0,0,0,—,—,—,—
isu,A4,88,88,100.0%,14.73,5.96–22.65,420.74,340.3,9155.9,0,0,0,—,—,—,—
isu,A5,88,88,100.0%,12.82,5.78–21.89,502.09,331.2,12529.7,0,0,0,—,—,—,—
web3bugs,B0,65,61,93.8%,7.61,3.84–20.99,59.58,237.0,1047.4,0,0,0,61,61,0,4
web3bugs,A1,65,61,93.8%,7.31,3.74–14.78,58.32,229.2,1044.1,0,0,0,—,—,—,—
web3bugs,A2,65,61,93.8%,7.60,3.84–18.49,59.72,231.4,1046.8,0,0,0,—,—,—,—
web3bugs,A4,65,61,93.8%,8.06,3.84–20.90,64.88,244.5,1048.5,0,0,0,—,—,—,—
web3bugs,A5,65,61,93.8%,7.61,3.79–20.20,59.72,233.1,1043.0,0,0,0,—,—,—,—
