dataset,item_id,subject,status,reason,evidence
ISU,isu-08012d284cc5c894,2023-03-polynomial#h-07,ACQUISITION_FAILURE,exact audited Git repository revision could not be fetched: repository or requested Git object is unavailable; substitutes were not accepted as source-equivalent,https://github.com/code-423n4/2023-03-polynomial.git@aeecafc8aaceab1ebeb94117459946032ccdff1e
ISU,isu-2f54a050d80e44db,2024-jul-gemnify-proleague#h-2,ACQUISITION_FAILURE,exact audited Git repository revision could not be fetched: repository or requested Git object is unavailable; substitutes were not accepted as source-equivalent,https://github.com/GMX-For-NFT/gemnify-contract.git@4810eb86d3391ba9e2eab26a725e9c7f63a3fa9e
ISU,isu-3600db65b0363d63,2024-jul-gemnify-proleague#h-5,ACQUISITION_FAILURE,exact audited Git repository revision could not be fetched: repository or requested Git object is unavailable; substitutes were not accepted as source-equivalent,https://github.com/GMX-For-NFT/gemnify-contract.git@4810eb86d3391ba9e2eab26a725e9c7f63a3fa9e
ISU,isu-5a378fce12442b76,2024-06-strateg-proleague#h-1,ACQUISITION_FAILURE,exact audited Git repository revision could not be fetched: repository or requested Git object is unavailable; substitutes were not accepted as source-equivalent,https://github.com/strateg-protocol/strateg-protocol-core.git@325a2cca5bca189e194f48cfe561b0ed16fad527
ISU,isu-68088a5b0a6df553,2023-05-particle#h-06,ACQUISITION_FAILURE,exact audited Git repository revision could not be fetched: repository or requested Git object is unavailable; substitutes were not accepted as source-equivalent,https://github.com/code-423n4/2023-05-particle.git@1caf678bc20c24c96fc8f6b0046383ff0e9d2a6f
ISU,isu-696e521de930042e,2024-06-strateg-proleague#h-4,ACQUISITION_FAILURE,exact audited Git repository revision could not be fetched: repository or requested Git object is unavailable; substitutes were not accepted as source-equivalent,https://github.com/strateg-protocol/strateg-protocol-core.git@3705996c0791bf6ad58003fb19070ccafcf78c6b
ISU,isu-75daa7931b85c90d,2023-03-polynomial#h-01,ACQUISITION_FAILURE,exact audited Git repository revision could not be fetched: repository or requested Git object is unavailable; substitutes were not accepted as source-equivalent,https://github.com/code-423n4/2023-03-polynomial.git@aeecafc8aaceab1ebeb94117459946032ccdff1e
ISU,isu-bd1cee16e89b05be,2023-03-polynomial#h-05,ACQUISITION_FAILURE,exact audited Git repository revision could not be fetched: repository or requested Git object is unavailable; substitutes were not accepted as source-equivalent,https://github.com/code-423n4/2023-03-polynomial.git@aeecafc8aaceab1ebeb94117459946032ccdff1e
ISU,isu-e9b6781be5ff75b5,2023-05-particle#h-02,ACQUISITION_FAILURE,exact audited Git repository revision could not be fetched: repository or requested Git object is unavailable; substitutes were not accepted as source-equivalent,https://github.com/code-423n4/2023-05-particle.git@bbd1c01407a017046c86fdb483bbabfb1fb085d8
ISU,isu-f7386becee7ae490,2023-03-polynomial#h-04,ACQUISITION_FAILURE,exact audited Git repository revision could not be fetched: repository or requested Git object is unavailable; substitutes were not accepted as source-equivalent,https://github.com/code-423n4/2023-03-polynomial.git@aeecafc8aaceab1ebeb94117459946032ccdff1e
Web3Bugs,3,Web3Bugs snapshot 3,PARTIAL_COMPILE_POST_FAILURE,missing dependency source @uniswap/v2-core/contracts/interfaces/IUniswapV2Pair.sol,benchmarks/web3bugs/best_effort_build_runs/3/web3bugs-3-best-effort-20260814T184250Z-2ac771a58ac6426e8435106a3c2ac3ff/attempt_manifest.json
Web3Bugs,7,Web3Bugs snapshot 7,PARTIAL_COMPILE_POST_FAILURE,missing dependency source openzeppelin-solidity/contracts/access/Ownable.sol,benchmarks/web3bugs/best_effort_build_runs/7/web3bugs-7-best-effort-20260814T184250Z-28843795438e4709b1ee35aee646e4ea/attempt_manifest.json
Web3Bugs,8,Web3Bugs snapshot 8,ATTEMPTED_FAILED,Hardhat could not retrieve the required compiler-version list (HH502) in the frozen environment,benchmarks/web3bugs/best_effort_build_runs/8/web3bugs-8-best-effort-20260817T192058Z-7ecb3737d9b54f8bbd3f953b9efe829c/attempt_manifest.json
Web3Bugs,13,Web3Bugs snapshot 13,ATTEMPTED_FAILED,Solidity compilation fails against the resolved OpenZeppelin API; alternative attempts that changed tracked files were rejected,benchmarks/web3bugs/best_effort_build_runs/13/web3bugs-13-best-effort-20260817T190825Z-8e452412b1ed4b2d952327037671156d/attempt_manifest.json
Web3Bugs,14,Web3Bugs snapshot 14,EXPLICIT_NO_COMPATIBLE_COMPILER,no single compiler satisfies exact pragmas 0.6.12 and 0.8.4 across the complete snapshot,benchmarks/web3bugs/best_effort_build_summary.csv
Web3Bugs,17,Web3Bugs snapshot 17,ATTEMPTED_FAILED,snapshot is missing project-local contracts/interfaces/IChainlinkAggregator.sol,benchmarks/web3bugs/best_effort_build_runs/17/web3bugs-17-best-effort-20260817T185743Z-ba7f24bfd9b84df3ba3ae3cb0aeb8e40/attempt_manifest.json
Web3Bugs,19,Web3Bugs snapshot 19,PARTIAL_COMPILE_POST_FAILURE,missing dependency source @openzeppelin/contracts/utils/Address.sol,benchmarks/web3bugs/best_effort_build_runs/19/web3bugs-19-best-effort-20260814T184251Z-4e68445386de448fa2688d2a05deda3f/attempt_manifest.json
Web3Bugs,20,Web3Bugs snapshot 20,PARTIAL_COMPILE_POST_FAILURE,snapshot is missing relative source ./iBEP677.sol,benchmarks/web3bugs/best_effort_build_runs/20/web3bugs-20-best-effort-20260814T184251Z-0ffae0b893cd485e9c74a4a4799779ac/attempt_manifest.json
Web3Bugs,23,Web3Bugs snapshot 23,PARTIAL_COMPILE_POST_FAILURE,Solidity type error: supportsInterface selector is unavailable on nERC1155Interface; partial artifacts only,benchmarks/web3bugs/best_effort_build_runs/23/web3bugs-23-best-effort-20260814T182942Z-c2e3ed5c1aed4f7fb6cb3297910ec96a/attempt_manifest.json
Web3Bugs,27,Web3Bugs snapshot 27,ATTEMPTED_FAILED,dependency acquisition/build could not obtain the required Hardhat compiler toolchain,benchmarks/web3bugs/best_effort_build_runs/27/web3bugs-27-best-effort-20260817T192118Z-a4e1ee751d624782be917894aa88b6a2/attempt_manifest.json
Web3Bugs,30,Web3Bugs snapshot 30,PARTIAL_COMPILE_POST_FAILURE,Solidity parser error in StablesConverter.sol: expected ')' but got '{'; 252 partial artifacts emitted,benchmarks/web3bugs/best_effort_build_runs/30/web3bugs-30-best-effort-20260814T183127Z-4d87003b8efc40a98f0489c7887e75a6/attempt_manifest.json
Web3Bugs,32,Web3Bugs snapshot 32,EXPLICIT_NO_COMPATIBLE_COMPILER,no single compiler satisfies exact pragmas 0.7.5 and 0.8.6; solc 0.7.5 is absent from the frozen inventory,benchmarks/web3bugs/best_effort_build_summary.csv
Web3Bugs,37,Web3Bugs snapshot 37,ATTEMPTED_FAILED,pinned gitpkg dependency endpoint returns HTTP 402 Payment Required,benchmarks/web3bugs/best_effort_build_runs/37/web3bugs-37-best-effort-20260817T185209Z-afeb14f63bf1498993039d824f5b4d58/attempt_manifest.json
Web3Bugs,38,Web3Bugs snapshot 38,PARTIAL_COMPILE_POST_FAILURE,snapshot is missing relative dependency source ../libs/SafeERC20.sol,benchmarks/web3bugs/best_effort_build_runs/38/web3bugs-38-best-effort-20260814T184251Z-8d92b00052b14f19ad5e680556abd221/attempt_manifest.json
Web3Bugs,42,Web3Bugs snapshot 42,ATTEMPTED_FAILED,checked-in Hardhat configuration is invalid under its resolved dependency/runtime set (HH8),benchmarks/web3bugs/best_effort_build_runs/42/web3bugs-42-best-effort-20260817T185548Z-6e5a538b64e943e88c43047e4b5efd63/attempt_manifest.json
Web3Bugs,43,Web3Bugs snapshot 43,PARTIAL_COMPILE_POST_FAILURE,"resolved JavaScript dependency uses Array.findLast, unavailable under the frozen Node 16 runtime; partial artifact only",benchmarks/web3bugs/best_effort_build_runs/43/web3bugs-43-best-effort-20260814T183206Z-dba02db024bc481bb95e2ca151e361a5/attempt_manifest.json
Web3Bugs,55,Web3Bugs snapshot 55,PARTIAL_COMPILE_POST_FAILURE,snapshot is missing relative module source modules/erc20/src/test/mocks/MockERC20.sol,benchmarks/web3bugs/best_effort_build_runs/55/web3bugs-55-best-effort-20260814T184251Z-32bb859fc2774acdb1c010cad18b3766/attempt_manifest.json
Web3Bugs,56,Web3Bugs snapshot 56,PARTIAL_COMPILE_POST_FAILURE,"Solidity compilation emitted 329 artifacts, then the Vyper plugin failed because Docker socket access is unavailable",benchmarks/web3bugs/best_effort_build_runs/56/web3bugs-56-best-effort-20260814T183304Z-8da763a56562459ea3297aa82b30e842/attempt_manifest.json
Web3Bugs,58,Web3Bugs snapshot 58,ATTEMPTED_FAILED,Hardhat plugin hardhat-deploy-ethers requires undeclared @nomicfoundation/hardhat-ethers (HH801),benchmarks/web3bugs/best_effort_build_runs/58/web3bugs-58-best-effort-20260817T185552Z-2fca46ebb0b64845ac7f73f64da5dac7/attempt_manifest.json
Web3Bugs,59,Web3Bugs snapshot 59,ATTEMPTED_FAILED,checked-in Hardhat configuration requires an absent src/.env file,benchmarks/web3bugs/best_effort_build_runs/59/web3bugs-59-best-effort-20260817T191142Z-7dc476582e9045d4a797ed49293ee7ae/attempt_manifest.json
Web3Bugs,65,Web3Bugs snapshot 65,ATTEMPTED_FAILED,"resolved Hardhat release requires Node 22.13 or newer, outside the frozen Node toolchain",benchmarks/web3bugs/best_effort_build_runs/65/web3bugs-65-best-effort-20260814T184618Z-dab80f8560204039a3c705bcb3801399/attempt_manifest.json
Web3Bugs,69,Web3Bugs snapshot 69,ATTEMPTED_FAILED,resolved JavaScript dependency uses Array.findLast under frozen Node 16; other attempts either failed validation or mutated tracked files,benchmarks/web3bugs/best_effort_build_runs/69/web3bugs-69-best-effort-20260817T190951Z-477b1fd7fb6a45c2a579bc425c97f9eb/attempt_manifest.json
Web3Bugs,71,Web3Bugs snapshot 71,ATTEMPTED_FAILED,checked-in Hardhat configuration requires absent .key and .infuraKey secret files,benchmarks/web3bugs/best_effort_build_runs/71/web3bugs-71-best-effort-20260814T183409Z-4d36eea5e1f74a89a35a783e113af62a/attempt_manifest.json
Web3Bugs,72,Web3Bugs snapshot 72,ATTEMPTED_FAILED,Brownie could not retrieve the required solc version list/compiler,benchmarks/web3bugs/best_effort_build_runs/72/web3bugs-72-best-effort-20260817T192144Z-eb51a7f192ba40a998b4cdb7c910bf93/attempt_manifest.json
Web3Bugs,74,Web3Bugs snapshot 74,ATTEMPTED_FAILED,pinned @timeswap-labs/timeswap-v1-core package requires GitHub Packages authentication (HTTP 401),benchmarks/web3bugs/best_effort_build_runs/74/web3bugs-74-best-effort-20260817T185213Z-a09de00280bc4e6ca948427a704af178/attempt_manifest.json
Web3Bugs,75,Web3Bugs snapshot 75,ATTEMPTED_FAILED,checked-in Hardhat configuration requires absent .secrets.json,benchmarks/web3bugs/best_effort_build_runs/75/web3bugs-75-best-effort-20260814T184756Z-9c290296ee88495c846c7b653336fce7/attempt_manifest.json
Web3Bugs,80,Web3Bugs snapshot 80,PARTIAL_COMPILE_POST_FAILURE,missing dependency source @yield-protocol/utils-v2/contracts/cast/CastBytes32Bytes6.sol,benchmarks/web3bugs/best_effort_build_runs/80/web3bugs-80-best-effort-20260814T184251Z-1fb89655c80046f699748fa3862cba2f/attempt_manifest.json
Web3Bugs,83,Web3Bugs snapshot 83,ATTEMPTED_FAILED,TypeScript configuration requests an unsupported module target (TS6046),benchmarks/web3bugs/best_effort_build_runs/83/web3bugs-83-best-effort-20260814T183501Z-041223db962145cfa37e4babc470ce40/attempt_manifest.json
Web3Bugs,90,Web3Bugs snapshot 90,PARTIAL_COMPILE_POST_FAILURE,missing dependency source @openzeppelin/contracts-upgradeable/utils/introspection/ERC165CheckerUpgradeable.sol,benchmarks/web3bugs/best_effort_build_runs/90/web3bugs-90-best-effort-20260814T184251Z-b7bb7451467b4bb4bef7fcb32df8c94b/attempt_manifest.json
Web3Bugs,92,Web3Bugs snapshot 92,ATTEMPTED_FAILED,"native Makefile requires nix-env, which is absent from the frozen environment",benchmarks/web3bugs/best_effort_build_runs/92/web3bugs-92-best-effort-20260814T183508Z-f75a9223baf14a55b1ee56248bfa1d43/attempt_manifest.json
Web3Bugs,96,Web3Bugs snapshot 96,PARTIAL_COMPILE_POST_FAILURE,pinned @timeswap-labs/timeswap-v1-core package requires GitHub Packages authentication (HTTP 401); only partial artifacts were recoverable,benchmarks/web3bugs/best_effort_build_runs/96/web3bugs-96-best-effort-20260814T184839Z-b862acff099347f3952ec387ae3c9df0/attempt_manifest.json
Web3Bugs,97,Web3Bugs snapshot 97,ATTEMPTED_FAILED,dependency specification is incomplete: required git dependency has no commit hash,benchmarks/web3bugs/best_effort_build_runs/97/web3bugs-97-best-effort-20260817T185240Z-22cf58a739684d6b8bf749596350181a/attempt_manifest.json
Web3Bugs,101,Web3Bugs snapshot 101,ATTEMPTED_FAILED,Foundry test sources require absent lib/forge-std; the checked-in contract tree includes those sources in compilation,benchmarks/web3bugs/best_effort_build_runs/101/web3bugs-101-best-effort-20260814T185637Z-0c6b1d168b144716a4a1802d9f82fd70/attempt_manifest.json
Web3Bugs,109,Web3Bugs snapshot 109,ATTEMPTED_FAILED,Ethereum Waffle could not fetch required compiler 0.8.9,benchmarks/web3bugs/best_effort_build_runs/109/web3bugs-109-best-effort-20260817T185609Z-6b71cb2a4b3c4228acd733a661e07a87/attempt_manifest.json
Web3Bugs,125,Web3Bugs snapshot 125,PARTIAL_COMPILE_POST_FAILURE,snapshot is missing libraries/swap/CurveswapAdapter.sol; partial artifacts only,benchmarks/web3bugs/best_effort_build_runs/125/web3bugs-125-best-effort-20260814T184252Z-23152484a769464fa6b9f19334d02c59/attempt_manifest.json
Web3Bugs,190,Web3Bugs snapshot 190,ATTEMPTED_FAILED,a pinned private GitHub dependency requires credentials; terminal prompts are disabled,benchmarks/web3bugs/best_effort_build_runs/190/web3bugs-190-best-effort-20260817T193014Z-f82f9acb886a4b219c90f8cf5fc5fb59/attempt_manifest.json
Web3Bugs,193,Web3Bugs snapshot 193,ATTEMPTED_FAILED,checked-in Foundry remappings reference absent lib/solmate (including ERC721.sol),benchmarks/web3bugs/best_effort_build_runs/193/web3bugs-193-best-effort-20260817T192625Z-44605fab88bb46acafd9d42b2e9a6452/attempt_manifest.json
