dataset,item_id,subject,status,source_or_evidence
ISU,isu-02d8a520d0da4d32,2023-01-popcorn#h-11,COMPILED,https://github.com/code-423n4/2023-01-popcorn.git@9382ae9c6414df7f9b5aecd5754c59019ced60b7
ISU,isu-04290457af95545c,2021-12-vader#h-10,COMPILED,https://github.com/code-423n4/2021-12-vader.git@842662a9837929f160c7a1f5a2e4a7c03e715e1b
ISU,isu-07e25f367baf0ecb,2023-02-malt#h-06,COMPILED,https://github.com/code-423n4/2023-02-malt.git@700f9b468f9cf8c9c5cffaa1eba1b8dea40503f9
ISU,isu-0e01a20ef25bb2fb,2022-04-backd#h-02,COMPILED,https://github.com/code-423n4/2022-04-backd.git@c856714a50437cb33240a5964b63687c9876275b
ISU,isu-0e465664136af674,2022-01-behodler#h-04,COMPILED,https://github.com/code-423n4/2022-01-behodler.git@ce1e7893bdbff8bd7b70474e902e990ac4aeafaf
ISU,isu-1326fc61d280d92a,2024-01-renft#h-07,COMPILED,https://github.com/re-nft/smart-contracts.git@3ddd32455a849c3c6dc3c3aad7a33a6c9b44c291
ISU,isu-140bdc30e6ad4e0f,2023-08-dopex#h-08,COMPILED,https://github.com/code-423n4/2023-08-dopex.git@00601a3f4e3f662007b077bf1b201c9f5f00a8b6
ISU,isu-1489a907db2c88e6,2022-09-frax#h-01,COMPILED,https://github.com/code-423n4/2022-09-frax.git@dc6684f77b4e9bd965e8862be7f5fb71473a4c4c
ISU,isu-18d31ac12f1753ed,2023-02-malt#h-01,COMPILED,https://github.com/code-423n4/2023-02-malt.git@63d0e77070886d1c8b4ca6241a747656a0441175
ISU,isu-1b5be01d594891c0,2022-12-tessera#h-06,COMPILED,https://github.com/code-423n4/2022-12-tessera.git@f37a11407da2af844bbfe868e1422e3665a5f8e4
ISU,isu-1c705b46e47ec11f,2024-03-revert-lend#h-02,COMPILED,https://github.com/code-423n4/2024-03-revert-lend.git@62ad70e634082930aed861e153d2c1e0cc94e44e
ISU,isu-205a80b00fbad2f4,2024-01-curves#h-02,COMPILED,https://github.com/code-423n4/2024-01-curves.git@516aedb7b9a8d341d0d2666c23780d2bd8a9a600
ISU,isu-211c9c334eb3c204,2023-05-ajna#h-02,COMPILED,https://github.com/code-423n4/2023-05-ajna.git@276942bc2f97488d07b887c8edceaaab7a5c3964
ISU,isu-217034fbb08f5c0d,2022-11-stakehouse#h-10,COMPILED,https://github.com/code-423n4/2022-11-stakehouse.git@08a34ed4505173e7cad2d3b2bde92863b61716c8
ISU,isu-22f5ab17878ded98,2024-09-legion-evm-zenith#h-3,COMPILED,https://github.com/Legion-Team/evm-contracts.git@c020bd1b84faab99d1b8738b48d1e253e4557671
ISU,isu-22f9f26d7f3ed280,2023-05-party#h-01,COMPILED,https://github.com/code-423n4/2023-05-party.git@f6f80dde81d86e397ba4f3dedb561e23d58ec884
ISU,isu-26042bb2179bcaca,2021-11-unlock#h-04,COMPILED,https://github.com/code-423n4/2021-11-unlock.git@84086b6486d9691e3f5e1ac696c794eea610c814
ISU,isu-2b297e5f738d42f7,2024-04-gondi#h-17,COMPILED,https://github.com/code-423n4/2024-04-gondi.git@b9863d73c08fcdd2337dc80a8b5e0917e18b036c
ISU,isu-2b94c599523fa1df,2024-06-playfi-proleague#h-2,COMPILED,https://github.com/PlayFi-Labs/node-license-sale-contracts.git@219c9ac0c963074cdd032f1188d0b5b7f6e3ccbb
ISU,isu-2bc4442d2f8c0d9e,2022-10-juicebox#h-01,COMPILED,https://github.com/jbx-protocol/juice-nft-rewards.git@f9893b1497098241dd3a664956d8016ff0d0efd0
ISU,isu-2c16ce676efb9c65,2022-11-stakehouse#h-16,COMPILED,https://github.com/code-423n4/2022-11-stakehouse.git@4b6828e9c807f2f7c569e6d721ca1289f7cf7112
ISU,isu-2d5b45fab3d5c487,2023-07-basin#h-01,COMPILED,https://github.com/code-423n4/2023-07-basin.git@9403cf973e95ef7219622dbbe2a08396af90b64c
ISU,isu-31ee582e2e7591af,2023-02-malt#h-03,COMPILED,https://github.com/code-423n4/2023-02-malt.git@700f9b468f9cf8c9c5cffaa1eba1b8dea40503f9
ISU,isu-372237591d0d9a31,2022-12-forgeries#h-01,COMPILED,https://github.com/code-423n4/2022-12-forgeries.git@42e2996aaec205a93685bfb32d47eca79941e2bf
ISU,isu-376534817b6f3897,2023-03-mute#h-01,COMPILED,https://github.com/code-423n4/2023-03-mute.git@4d8b13add2907b17ac14627cfa04e0c3cc9a2bed
ISU,isu-3828918ea43c25ff,2023-11-zetachain#h-06,COMPILED,https://github.com/code-423n4/2023-11-zetachain.git@b237708ed5e86f12c4bddabddfd42f001e81941a
ISU,isu-3c60182de8dc2cd0,2024-07-optimism#h-03,COMPILED,https://github.com/code-423n4/2024-07-optimism.git@70556044e5e080930f686c4e5acde420104bb2c4
ISU,isu-3e38d51d43d09a02,2023-02-malt#h-02,COMPILED,https://github.com/code-423n4/2023-02-malt.git@700f9b468f9cf8c9c5cffaa1eba1b8dea40503f9
ISU,isu-3f04c08732ee612c,2023-06-lybra#h-02,COMPILED,https://github.com/code-423n4/2023-06-lybra.git@4f7ee7b143d75faebfc9cceb21a0ac794d84978a
ISU,isu-40ff331ab2d74b97,2022-12-gogopool#h-01,COMPILED,https://github.com/code-423n4/2022-12-gogopool.git@aec9928d8bdce8a5a4efe45f54c39d4fc7313731
ISU,isu-4198ebcb807fbc55,2021-11-bootfinance#h-03,COMPILED,https://github.com/code-423n4/2021-11-bootfinance.git@f102ee73eb320532c5a7c1e833f225c479577e39
ISU,isu-43ea9dbca4e2aa00,2022-08-olympus#h-03,COMPILED,https://github.com/code-423n4/2022-08-olympus.git@b5e139d732eb4c07102f149fb9426d356af617aa
ISU,isu-4466760c47c2baca,2022-11-stakehouse#h-06,COMPILED,https://github.com/code-423n4/2022-11-stakehouse.git@08a34ed4505173e7cad2d3b2bde92863b61716c8
ISU,isu-4552f0e361ef04d8,2024-03-dittoeth#h-04,COMPILED,https://github.com/code-423n4/2024-03-dittoeth.git@91faf46078bb6fe8ce9f55bcb717e5d2d302d22e
ISU,isu-457df0c341b72a40,2024-06-playfi-proleague#h-1,COMPILED,https://github.com/PlayFi-Labs/node-license-sale-contracts.git@219c9ac0c963074cdd032f1188d0b5b7f6e3ccbb
ISU,isu-483c1ab3704b6517,2023-01-astaria#h-06,COMPILED,https://github.com/code-423n4/2023-01-astaria.git@1bfc58b42109b839528ab1c21dc9803d663df898
ISU,isu-4d0b80c5f3074c1c,2023-08-dopex#h-05,COMPILED,https://github.com/code-423n4/2023-08-dopex.git@00601a3f4e3f662007b077bf1b201c9f5f00a8b6
ISU,isu-5364060b2d89c4e1,2022-12-tessera#h-04,COMPILED,https://github.com/code-423n4/2022-12-tessera.git@1e408ebc1c4fdcc72678ea7f21a94d38855ccc0b
ISU,isu-587a2cf2917ee620,2023-07-axelar#h-01,COMPILED,https://github.com/code-423n4/2023-07-axelar.git@1b2d810f90dfe6a964b92e30d3196b64ba569f6a
ISU,isu-599fced4ea9a8be5,2021-06-pooltogether#h-04,COMPILED,https://github.com/pooltogether/pooltogether-pool-contracts.git@cbec82befa502500c63b59a9d0dabd678d3dd508
ISU,isu-618635470000c006,2023-01-timeswap#h-03,COMPILED,https://github.com/code-423n4/2023-01-timeswap.git@ef4c84fb8535aad8abd6b67cc45d994337ec4514
ISU,isu-61e8584be12659ba,2023-01-rabbithole#h-02,COMPILED,https://github.com/rabbitholegg/quest-protocol.git@8c4c1f71221570b14a0479c216583342bd652d8d
ISU,isu-621f43af68268838,2021-04-marginswap#h-07,COMPILED,https://github.com/code-423n4/2021-04-marginswap.git@412d4ff61c9dfedb2f7d2fe957d911f7dc4ccfcb
ISU,isu-675c757b9950fa5e,2024-07-munchables#h-01,COMPILED,https://github.com/code-423n4/2024-07-munchables.git@94cf468aaabf526b7a8319f7eba34014ccebe7b9
ISU,isu-6a4103498e96a7d2,2024-02-ai-arena#h-07,COMPILED,https://github.com/code-423n4/2024-02-ai-arena.git@b05b54a9eb5b0964bde9825f75305caa2d943155
ISU,isu-6e464662eff8b167,2023-02-malt#h-05,COMPILED,https://github.com/code-423n4/2023-02-malt.git@700f9b468f9cf8c9c5cffaa1eba1b8dea40503f9
ISU,isu-6ebf8383a0d41341,2024-07-benddao#h-03,COMPILED,https://github.com/code-423n4/2024-07-benddao.git@117ef61967d4b318fc65170061c9577e674fffa1
ISU,isu-7068f206eea19247,2024-05-loop#h-01,COMPILED,https://github.com/code-423n4/2024-05-loop.git@20d9013a93a1ba98154198d6cf3c63f73ab95658
ISU,isu-71121263613cd4c7,2024-03-abracadabra-money#h-01,COMPILED,https://github.com/code-423n4/2024-03-abracadabra-money.git@1f4693fdbf33e9ad28132643e2d6f7635834c6c6
ISU,isu-749924b9c7ff076d,2024-05-olas#h-01,COMPILED,https://github.com/code-423n4/2024-05-olas.git@c217c378f48438fb505fb04db4107c839b928e7e
ISU,isu-76e6aa75733cd2f9,2021-05-visorfinance#h-03,COMPILED,https://github.com/code-423n4/2021-05-visorfinance.git@dda9be0bcbf4b2c549608405ccdf9469bc2cbaf1
ISU,isu-788dfab3feaf2dd1,2023-01-astaria#h-16,COMPILED,https://github.com/code-423n4/2023-01-astaria.git@1bfc58b42109b839528ab1c21dc9803d663df898
ISU,isu-7892f67a73ef5fa1,2022-02-concur#h-01,COMPILED,https://github.com/code-423n4/2022-02-concur.git@f906d9429739b4c9d00a439964cca81c0d92352f
ISU,isu-7bab5a8cb4269c50,2023-12-initcapital#h-01,COMPILED,https://github.com/code-423n4/2023-12-initcapital.git@a53e401529451b208095b3af11862984d0b32177
ISU,isu-7d695607cb1d5ebf,2024-05-olas#h-01,COMPILED,https://github.com/code-423n4/2024-05-olas.git@c217c378f48438fb505fb04db4107c839b928e7e
ISU,isu-7fa2dc5fe1d424e1,2022-08-frax#h-01,COMPILED,https://github.com/code-423n4/2022-08-frax.git@c4189a3a98b38c8c962c5ea72f1a322fbc2ae45f
ISU,isu-803f2b23e37d2038,2022-11-stakehouse#h-08,COMPILED,https://github.com/code-423n4/2022-11-stakehouse.git@08a34ed4505173e7cad2d3b2bde92863b61716c8
ISU,isu-825044c76fedfbf3,2023-07-tapioca#h-20,COMPILED,https://github.com/Tapioca-DAO/tapioca-bar-audit.git@2286f80f928f41c8bc189d0657d74ba83286c668
ISU,isu-883447fef1177d83,2021-07-wildcredit#h-02,COMPILED,https://github.com/code-423n4/2021-07-wildcredit.git@82c48d73fd27a9d4d5d4a395b3affcef4ef6c5c8
ISU,isu-8dda8bf0c932db3f,2024-08-superposition#h-02,COMPILED,https://github.com/code-423n4/2024-08-superposition.git@d913ae0225584b4b42e38518788a7e38cd2f4d53
ISU,isu-8e28a9dae87c4960,2022-07-golom#h-07,COMPILED,https://github.com/golom-protocol/contracts.git@4e84d5c2115d163ca54a1729da46164e8cf4df6d
ISU,isu-9097ab32e6443dd6,2023-01-ondo#h-01,COMPILED,https://github.com/code-423n4/2023-01-ondo.git@b4e1afc2816e35df66e1f53aef57637350b7ff5e
ISU,isu-92cbfaf905a24490,2021-12-defiprotocol#h-01,COMPILED,https://github.com/code-423n4/2021-12-defiprotocol.git@860fc371994de53749332af4b9d00387cbd18d4b
ISU,isu-93e7300724394af9,2023-04-party#h-08,COMPILED,https://github.com/code-423n4/2023-04-party.git@440aafacb0f15d037594cebc85fd471729bcb6d9
ISU,isu-94218c1aa2acd123,2023-12-particle#h-02,COMPILED,https://github.com/code-423n4/2023-12-particle.git@a3af40839b24aa13f5764d4f84933dbfa8bc8134
ISU,isu-946bf9ba48ae786b,2021-11-unlock#h-03,COMPILED,https://github.com/code-423n4/2021-11-unlock.git@ec41eada1dd116bcccc5603ce342257584bec783
ISU,isu-9873179830346843,2021-11-streaming#h-08,COMPILED,https://github.com/code-423n4/2021-11-streaming.git@56d81204a00fc949d29ddd277169690318b36821
ISU,isu-99d4c25ac922028c,2023-05-maia#h-28,COMPILED,https://github.com/code-423n4/2023-05-maia.git@53b6231f0da68f91cf673ecb34867782e2f633e7
ISU,isu-9bb2eb3155febcd7,2024-04-gondi#h-07,COMPILED,https://github.com/code-423n4/2024-04-gondi.git@b9863d73c08fcdd2337dc80a8b5e0917e18b036c
ISU,isu-a03c079be75678d0,2022-07-ens#h-02,COMPILED,https://github.com/code-423n4/2022-07-ens.git@ff6e59b9415d0ead7daf31c2ed06e86d9061ae22
ISU,isu-a27f2f1d35d4f56d,2024-03-dittoeth#h-07,COMPILED,https://github.com/code-423n4/2024-03-dittoeth.git@91faf46078bb6fe8ce9f55bcb717e5d2d302d22e
ISU,isu-a346e0579cc411b2,2021-08-yield#h-02,COMPILED,https://github.com/k06a/Unipool.git@bb1843b454bbb10b3b1ccf48edf5e72a80b2acfe
ISU,isu-a36b810e7be9bc36,2021-09-defiprotocol#h-02,COMPILED,https://github.com/code-423n4/2021-09-defiProtocol.git@31e30e6da03c615d833611022603b6c7e393a514
ISU,isu-a4f232f8e3995505,2022-10-traderjoe#h-05,COMPILED,https://github.com/code-423n4/2022-10-traderjoe.git@79f25d48b907f9d0379dd803fc2abc9c5f57db93
ISU,isu-a5b45354645d49e9,2022-11-paraspace#h-01,COMPILED,https://github.com/code-423n4/2022-11-paraspace.git@34cb87ea4a5e698f49ae5f5a07228db99514b7c7
ISU,isu-a81e34895c47243a,2024-07-traitforge#h-04,COMPILED,https://github.com/code-423n4/2024-07-traitforge.git@279b2887e3d38bc219a05d332cbcb0655b2dc644
ISU,isu-a93c6b77cc1d4f75,2021-07-pooltogether#h-03,COMPILED,https://github.com/pooltogether/swappable-yield-source.git@bf943b3818b81d5f5cb9d8ecc6f13ffecd33a1ff
ISU,isu-afed826cfb09b1d0,2021-12-mellow#h-04,COMPILED,https://github.com/code-423n4/2021-12-mellow.git@53d73a8bcb9e9853b59973bb47c009431909a812
ISU,isu-b293708ac8e38fa3,2022-11-debtdao#h-05,COMPILED,https://github.com/debtdao/Line-of-Credit.git@e8aa08b44f6132a5ed901f8daa231700c5afeb3a
ISU,isu-b544ae99b1509882,2024-08-phi#h-04,COMPILED,https://github.com/code-423n4/2024-08-phi.git@8c0985f7a10b231f916a51af5d506dd6b0c54120
ISU,isu-b681cc0782ab7098,2022-09-party#h-05,COMPILED,https://github.com/PartyDAO/party-contracts-c4.git@3896577b8f0fa16cba129dc2867aba786b730c1b
ISU,isu-b7d3203547e02ba9,2022-12-tigris#h-01,COMPILED,https://github.com/code-423n4/2022-12-tigris.git@496e1974ee3838be8759e7b4096dbee1b8795593
ISU,isu-bed3fb17def1a543,2022-12-tessera#h-03,COMPILED,https://github.com/code-423n4/2022-12-tessera.git@1e408ebc1c4fdcc72678ea7f21a94d38855ccc0b
ISU,isu-c2b72eea7d3386af,2022-02-anchor#h-01,COMPILED,https://github.com/code-423n4/2022-02-anchor.git@5da31121b8b9bbd4420aa75e25859207e67538c3
ISU,isu-c861ec930b030c28,2021-10-mochi#h-11,COMPILED,https://github.com/code-423n4/2021-10-mochi.git@b74cfe1815ba768954415eff6f1096c95564ad8b
ISU,isu-c8e0f60aa46e48a0,2022-12-backed#h-01,COMPILED,https://github.com/with-backed/papr.git@9528f2711ff0c1522076b9f93fba13f88d5bd5e6
ISU,isu-ca5f6661a91a0ea5,2024-04-gondi#h-06,COMPILED,https://github.com/code-423n4/2024-04-gondi.git@b9863d73c08fcdd2337dc80a8b5e0917e18b036c
ISU,isu-d40734add7641db5,2022-07-golom#h-04,COMPILED,https://github.com/code-423n4/2022-07-golom.git@8f198624b97addbbe9602a451c908ea51bd3357c
ISU,isu-d82a8ede733c07e2,2021-12-amun#h-01,COMPILED,https://github.com/code-423n4/2021-12-amun.git@cf890dedf2e43ec787e8e5df65726316fda134a1
ISU,isu-da726f3c7052bc2d,2024-03-gitcoin#h-01,COMPILED,https://github.com/code-423n4/2024-03-gitcoin.git@6529b351cd72a858541f60c52f0e5ad0fb6f1b16
ISU,isu-dbd7bec2a34c98ec,2021-10-mochi#h-06,COMPILED,https://github.com/code-423n4/2021-10-mochi.git@b74cfe1815ba768954415eff6f1096c95564ad8b
ISU,isu-dddbc27879224819,2024-05-bakerfi#h-04,COMPILED,https://github.com/code-423n4/2024-05-bakerfi.git@59b1f70cbf170871f9604e73e7fe70b70981ab43
ISU,isu-e419c46c714b5de0,2022-07-golom#h-10,COMPILED,https://github.com/code-423n4/2022-07-golom.git@7753ce19bc05cb84162c3c9f50dc3c89f479e5be
ISU,isu-e6225382384fe664,2023-01-astaria#h-17,COMPILED,https://github.com/code-423n4/2023-01-astaria.git@1bfc58b42109b839528ab1c21dc9803d663df898
ISU,isu-e7bbd2d210067dcd,2023-08-verwa#h-03,COMPILED,https://github.com/code-423n4/2023-08-verwa.git@59add54eab86f23b321e1d31eb2c7fb907eeb052
ISU,isu-eb587e226bbc8d94,2024-01-salty#h-02,COMPILED,https://github.com/code-423n4/2024-01-salty.git@53516c2cdfdfacb662cdea6417c52f23c94d5b5b
ISU,isu-eca0ea552ad071da,2023-12-ethereumcreditguild#h-01,COMPILED,https://github.com/code-423n4/2023-12-ethereumcreditguild.git@2376d9af792584e3d15ec9c32578daa33bb56b43
ISU,isu-ecf9619f09fc2036,2023-09-venus#h-01,COMPILED,https://github.com/code-423n4/2023-09-venus.git@b11d9ef9db8237678567e66759003138f2368d23
ISU,isu-ed3f20846f5d653b,2022-04-abranft#h-03,COMPILED,https://github.com/code-423n4/2022-04-abranft.git@5cd4edc3298c05748e952f8a8c93e42f930a78c2
ISU,isu-eede234fdc432adf,2023-04-party#h-07,COMPILED,https://github.com/code-423n4/2023-04-party.git@440aafacb0f15d037594cebc85fd471729bcb6d9
ISU,isu-f1ac2ad156241780,2021-09-sushitrident-2#h-03,COMPILED,https://github.com/sushiswap/trident.git@c405f3402a1ed336244053f8186742d2da5975e9
ISU,isu-f1fe35637a0d3f8e,2024-07-munchables#h-05,COMPILED,https://github.com/code-423n4/2024-07-munchables.git@94cf468aaabf526b7a8319f7eba34014ccebe7b9
ISU,isu-f352a265e8532ba2,2023-03-neotokyo#h-01,COMPILED,https://github.com/code-423n4/2023-03-neotokyo.git@8349427f4346ade378dcacd4c131b9cfa7eadaf7
ISU,isu-fbf2b10a648eab46,2021-05-visorfinance#h-02,COMPILED,https://github.com/code-423n4/2021-05-visorfinance.git@e0f15162a017130aa66910d46c70ee074b64dd40
ISU,isu-fd0d74c979018cd3,2024-08-superposition#h-01,COMPILED,https://github.com/code-423n4/2024-08-superposition.git@d913ae0225584b4b42e38518788a7e38cd2f4d53
ISU,isu-fd0e69f56642d218,2024-04-dyad#h-01,COMPILED,https://github.com/code-423n4/2024-04-dyad.git@cd48c684a58158de444b24854ffd8f07d046c31b
Web3Bugs,5,Web3Bugs snapshot 5,COMPILED,benchmarks/web3bugs/best_effort_build_runs/5/web3bugs-5-best-effort-20260814T182016Z-1f443fe786f84c709176a601c5946e42/attempt_manifest.json
Web3Bugs,6,Web3Bugs snapshot 6,COMPILED,benchmarks/web3bugs/best_effort_build_runs/6/web3bugs-6-best-effort-20260814T184250Z-36547743cb7845c092268e3299f5c154/attempt_manifest.json
Web3Bugs,10,Web3Bugs snapshot 10,COMPILED,benchmarks/web3bugs/best_effort_build_runs/10/web3bugs-10-best-effort-20260814T184030Z-fb0576f124a44b9b9ea309df171eb002/attempt_manifest.json
Web3Bugs,12,Web3Bugs snapshot 12,COMPILED,benchmarks/web3bugs/best_effort_build_runs/12/web3bugs-12-best-effort-20260814T182156Z-3fe2e4ce4bf5461ab83f078e0e3f0e34/attempt_manifest.json
Web3Bugs,16,Web3Bugs snapshot 16,COMPILED,benchmarks/web3bugs/best_effort_build_runs/16/web3bugs-16-best-effort-20260814T184030Z-e9e607ac191546c28688f38a70dcd360/attempt_manifest.json
Web3Bugs,18,Web3Bugs snapshot 18,COMPILED,benchmarks/web3bugs/best_effort_build_runs/18/web3bugs-18-best-effort-20260814T184250Z-3f58dfacfaf042449c2de99d9a8a2671/attempt_manifest.json
Web3Bugs,21,Web3Bugs snapshot 21,COMPILED,benchmarks/web3bugs/best_effort_build_runs/21/web3bugs-21-best-effort-20260814T185650Z-b0c799d162eb475c8922703bb149fe4d/attempt_manifest.json
Web3Bugs,22,Web3Bugs snapshot 22,COMPILED,benchmarks/web3bugs/best_effort_build_runs/22/web3bugs-22-best-effort-20260814T184030Z-cf3918b2314d4058bf0ec8d3089c5808/attempt_manifest.json
Web3Bugs,24,Web3Bugs snapshot 24,COMPILED,benchmarks/web3bugs/best_effort_build_runs/24/web3bugs-24-best-effort-20260814T184103Z-43bdd6067f8940e3b4331c8644b8884e/attempt_manifest.json
Web3Bugs,25,Web3Bugs snapshot 25,COMPILED,benchmarks/web3bugs/best_effort_build_runs/25/web3bugs-25-best-effort-20260814T183123Z-fe3a462af7d44eeaac70553cb3ef5573/attempt_manifest.json
Web3Bugs,26,Web3Bugs snapshot 26,COMPILED,benchmarks/web3bugs/best_effort_build_runs/26/web3bugs-26-best-effort-20260814T182918Z-27adcaada4054e05994a6dceb04a3c87/attempt_manifest.json
Web3Bugs,28,Web3Bugs snapshot 28,COMPILED,benchmarks/web3bugs/best_effort_build_runs/28/web3bugs-28-best-effort-20260817T192501Z-ca3f0e7a47804ddfa7fe4039dcc607a5/attempt_manifest.json
Web3Bugs,29,Web3Bugs snapshot 29,COMPILED,benchmarks/web3bugs/best_effort_build_runs/29/web3bugs-29-best-effort-20260814T185717Z-f6feeea336c04dd6891813c53cfcd75e/attempt_manifest.json
Web3Bugs,31,Web3Bugs snapshot 31,COMPILED,benchmarks/web3bugs/best_effort_build_runs/31/web3bugs-31-best-effort-20260814T184213Z-727ab182d4d240e08381f5640f61c582/attempt_manifest.json
Web3Bugs,34,Web3Bugs snapshot 34,COMPILED,benchmarks/web3bugs/best_effort_build_runs/34/web3bugs-34-best-effort-20260814T184215Z-0fbdf9064a8a49809cf5cf5c722606da/attempt_manifest.json
Web3Bugs,35,Web3Bugs snapshot 35,COMPILED,benchmarks/web3bugs/best_effort_build_runs/35/web3bugs-35-best-effort-20260814T185745Z-395deab83bce46dd86c7400906d67a46/attempt_manifest.json
Web3Bugs,36,Web3Bugs snapshot 36,COMPILED,benchmarks/web3bugs/best_effort_build_runs/36/web3bugs-36-best-effort-20260814T184315Z-6b9b17e00ed94f4cb25641895e6bd115/attempt_manifest.json
Web3Bugs,39,Web3Bugs snapshot 39,COMPILED,benchmarks/web3bugs/best_effort_build_runs/39/web3bugs-39-best-effort-20260814T184251Z-7ac3b408d50b4b0885ea010ba7a97920/attempt_manifest.json
Web3Bugs,41,Web3Bugs snapshot 41,COMPILED,benchmarks/web3bugs/best_effort_build_runs/41/web3bugs-41-best-effort-20260814T184319Z-c0ff15dda48c4e4395acf25c549997d9/attempt_manifest.json
Web3Bugs,44,Web3Bugs snapshot 44,COMPILED,benchmarks/web3bugs/best_effort_build_runs/44/web3bugs-44-best-effort-20260814T183208Z-9f7d715235b346a3b3bcbd8af89eb1e5/attempt_manifest.json
Web3Bugs,45,Web3Bugs snapshot 45,COMPILED,benchmarks/web3bugs/best_effort_build_runs/45/web3bugs-45-best-effort-20260817T185743Z-b0ac3489236841ce9cfdba4929388e1e/attempt_manifest.json
Web3Bugs,47,Web3Bugs snapshot 47,COMPILED,benchmarks/web3bugs/best_effort_build_runs/47/web3bugs-47-best-effort-20260814T183230Z-dc9d9488d21a4029bc757c267a96f577/attempt_manifest.json
Web3Bugs,49,Web3Bugs snapshot 49,COMPILED,benchmarks/web3bugs/best_effort_build_runs/49/web3bugs-49-best-effort-20260814T183243Z-e8bb6006c8784db2967f65694278cfde/attempt_manifest.json
Web3Bugs,51,Web3Bugs snapshot 51,COMPILED,benchmarks/web3bugs/best_effort_build_runs/51/web3bugs-51-best-effort-20260814T184441Z-7e61f807c48546f19050653eff0bd261/attempt_manifest.json
Web3Bugs,52,Web3Bugs snapshot 52,COMPILED,benchmarks/web3bugs/best_effort_build_runs/52/web3bugs-52-best-effort-20260814T183252Z-883c8485336e48f39808d0329b7700ec/attempt_manifest.json
Web3Bugs,53,Web3Bugs snapshot 53,COMPILED,benchmarks/web3bugs/best_effort_build_runs/53/web3bugs-53-best-effort-20260817T185743Z-1971dabb0c0546f3aff75eb542361a53/attempt_manifest.json
Web3Bugs,54,Web3Bugs snapshot 54,COMPILED,benchmarks/web3bugs/best_effort_build_runs/54/web3bugs-54-best-effort-20260814T184447Z-afef722657cd412ebad149267e5d926c/attempt_manifest.json
Web3Bugs,57,Web3Bugs snapshot 57,COMPILED,benchmarks/web3bugs/best_effort_build_runs/57/web3bugs-57-best-effort-20260817T190711Z-4f34fb2678344e23b2523d38ab5d6e15/attempt_manifest.json
Web3Bugs,60,Web3Bugs snapshot 60,COMPILED,benchmarks/web3bugs/best_effort_build_runs/60/web3bugs-60-best-effort-20260814T185845Z-b9e85c6da40e4a4ca0ea231a43fa3ce1/attempt_manifest.json
Web3Bugs,61,Web3Bugs snapshot 61,COMPILED,benchmarks/web3bugs/best_effort_build_runs/61/web3bugs-61-best-effort-20260814T184538Z-447d583976c2486caba1d78960cecd33/attempt_manifest.json
Web3Bugs,62,Web3Bugs snapshot 62,COMPILED,benchmarks/web3bugs/best_effort_build_runs/62/web3bugs-62-best-effort-20260817T192625Z-8a08cde6b5654d65a77d8a0add42848b/attempt_manifest.json
Web3Bugs,64,Web3Bugs snapshot 64,COMPILED,benchmarks/web3bugs/best_effort_build_runs/64/web3bugs-64-best-effort-20260814T184609Z-3653412ca4c74ce4b0af626784d37dcf/attempt_manifest.json
Web3Bugs,66,Web3Bugs snapshot 66,COMPILED,benchmarks/web3bugs/best_effort_build_runs/66/web3bugs-66-best-effort-20260817T190409Z-a9d3de83c8dc4ab0907db1c05db2563a/attempt_manifest.json
Web3Bugs,67,Web3Bugs snapshot 67,COMPILED,benchmarks/web3bugs/best_effort_build_runs/67/web3bugs-67-best-effort-20260814T184626Z-b394abaa34d2437cbadf3d5b3a96288f/attempt_manifest.json
Web3Bugs,68,Web3Bugs snapshot 68,COMPILED,benchmarks/web3bugs/best_effort_build_runs/68/web3bugs-68-best-effort-20260814T191754Z-755b6d946df24234a02f8594482e93ee/attempt_manifest.json
Web3Bugs,70,Web3Bugs snapshot 70,COMPILED,benchmarks/web3bugs/best_effort_build_runs/70/web3bugs-70-best-effort-20260814T191923Z-7fba40f9eb924da3af762b9fdac1a688/attempt_manifest.json
Web3Bugs,73,Web3Bugs snapshot 73,COMPILED,benchmarks/web3bugs/best_effort_build_runs/73/web3bugs-73-best-effort-20260814T185910Z-7d71c4e01854439c945dd4b423c1599d/attempt_manifest.json
Web3Bugs,76,Web3Bugs snapshot 76,COMPILED,benchmarks/web3bugs/best_effort_build_runs/76/web3bugs-76-best-effort-20260814T183419Z-e8c1512b56ac41e390b92b4e5fcbb62a/attempt_manifest.json
Web3Bugs,77,Web3Bugs snapshot 77,COMPILED,benchmarks/web3bugs/best_effort_build_runs/77/web3bugs-77-best-effort-20260814T184801Z-f12249b3cd024b52ba1848dbe237147a/attempt_manifest.json
Web3Bugs,78,Web3Bugs snapshot 78,COMPILED,benchmarks/web3bugs/best_effort_build_runs/78/web3bugs-78-best-effort-20260814T183441Z-b27f5353128d4d07b7004e31663a3015/attempt_manifest.json
Web3Bugs,79,Web3Bugs snapshot 79,COMPILED,benchmarks/web3bugs/best_effort_build_runs/79/web3bugs-79-best-effort-20260814T184806Z-577a4a26b8fc49a6ba05f7ffd1b24083/attempt_manifest.json
Web3Bugs,81,Web3Bugs snapshot 81,COMPILED,benchmarks/web3bugs/best_effort_build_runs/81/web3bugs-81-best-effort-20260817T192343Z-054f34bf19ef4d9385aaae41b4f1dc45/attempt_manifest.json
Web3Bugs,89,Web3Bugs snapshot 89,COMPILED,benchmarks/web3bugs/best_effort_build_runs/89/web3bugs-89-best-effort-20260814T184823Z-a87c3776ca144b5d8617339f647c927a/attempt_manifest.json
Web3Bugs,94,Web3Bugs snapshot 94,COMPILED,benchmarks/web3bugs/best_effort_build_runs/94/web3bugs-94-best-effort-20260814T183509Z-c597d8eb6d9048dfb2fbe162aa1b9d78/attempt_manifest.json
Web3Bugs,98,Web3Bugs snapshot 98,COMPILED,benchmarks/web3bugs/best_effort_build_runs/98/web3bugs-98-best-effort-20260814T184849Z-1bbab1b5c1d74646ae0b7f58aab3cb24/attempt_manifest.json
Web3Bugs,100,Web3Bugs snapshot 100,COMPILED,benchmarks/web3bugs/best_effort_build_runs/100/web3bugs-100-best-effort-20260814T183529Z-8de82b5ba69f4cbfa4376336ec4fca81/attempt_manifest.json
Web3Bugs,102,Web3Bugs snapshot 102,COMPILED,benchmarks/web3bugs/best_effort_build_runs/102/web3bugs-102-best-effort-20260817T190711Z-9cac8dfa2f4e4b5fa947a544b3922370/attempt_manifest.json
Web3Bugs,103,Web3Bugs snapshot 103,COMPILED,benchmarks/web3bugs/best_effort_build_runs/103/web3bugs-103-best-effort-20260814T183551Z-6669200ce4254baa96e43b171cb195c8/attempt_manifest.json
Web3Bugs,104,Web3Bugs snapshot 104,COMPILED,benchmarks/web3bugs/best_effort_build_runs/104/web3bugs-104-best-effort-20260814T184913Z-4d6c750e270c4adb9dfef42daa777b54/attempt_manifest.json
Web3Bugs,105,Web3Bugs snapshot 105,COMPILED,benchmarks/web3bugs/best_effort_build_runs/105/web3bugs-105-best-effort-20260817T185743Z-22567f2b51724d7ea1e6a779538ce5dc/attempt_manifest.json
Web3Bugs,106,Web3Bugs snapshot 106,COMPILED,benchmarks/web3bugs/best_effort_build_runs/106/web3bugs-106-best-effort-20260814T184944Z-8f9046934b934b958deb38ade35fe98f/attempt_manifest.json
Web3Bugs,107,Web3Bugs snapshot 107,COMPILED,benchmarks/web3bugs/best_effort_build_runs/107/web3bugs-107-best-effort-20260814T183551Z-11350d36c8d04403ad21b706634c3146/attempt_manifest.json
Web3Bugs,110,Web3Bugs snapshot 110,COMPILED,benchmarks/web3bugs/best_effort_build_runs/110/web3bugs-110-best-effort-20260814T183637Z-bd000f5eb28a4abdacc22e5987a5c127/attempt_manifest.json
Web3Bugs,112,Web3Bugs snapshot 112,COMPILED,benchmarks/web3bugs/best_effort_build_runs/112/web3bugs-112-best-effort-20260814T184949Z-8ef908d8fc624d2f8186d7a5b02c798e/attempt_manifest.json
Web3Bugs,113,Web3Bugs snapshot 113,COMPILED,benchmarks/web3bugs/best_effort_build_runs/113/web3bugs-113-best-effort-20260814T192450Z-d1a383ebe343407d824ff206799e54fa/attempt_manifest.json
Web3Bugs,114,Web3Bugs snapshot 114,COMPILED,benchmarks/web3bugs/best_effort_build_runs/114/web3bugs-114-best-effort-20260814T184959Z-57dd3436c55a4ac892117e342875c97e/attempt_manifest.json
Web3Bugs,115,Web3Bugs snapshot 115,COMPILED,benchmarks/web3bugs/best_effort_build_runs/115/web3bugs-115-best-effort-20260814T185020Z-e81244318db44a7daeb2b6e6189d8f54/attempt_manifest.json
Web3Bugs,122,Web3Bugs snapshot 122,COMPILED,benchmarks/web3bugs/best_effort_build_runs/122/web3bugs-122-best-effort-20260814T185043Z-52ecf015fa5f47a0b8c56e869fd7d7fd/attempt_manifest.json
Web3Bugs,123,Web3Bugs snapshot 123,COMPILED,benchmarks/web3bugs/best_effort_build_runs/123/web3bugs-123-best-effort-20260814T183644Z-ae129aa349ef4dbea39e68e7de5e6485/attempt_manifest.json
Web3Bugs,124,Web3Bugs snapshot 124,COMPILED,benchmarks/web3bugs/best_effort_build_runs/124/web3bugs-124-best-effort-20260814T185119Z-db047cb0473c4af3b7c46041ce24077c/attempt_manifest.json
Web3Bugs,131,Web3Bugs snapshot 131,COMPILED,benchmarks/web3bugs/best_effort_build_runs/131/web3bugs-131-best-effort-20260817T191555Z-c63cd6d0469246bc88b5f17f88537959/attempt_manifest.json
Web3Bugs,143,Web3Bugs snapshot 143,COMPILED,benchmarks/web3bugs/best_effort_build_runs/143/web3bugs-143-best-effort-20260814T185132Z-f3a41b508bca405597750912588ed40b/attempt_manifest.json
Web3Bugs,145,Web3Bugs snapshot 145,COMPILED,benchmarks/web3bugs/best_effort_build_runs/145/web3bugs-145-best-effort-20260814T183659Z-55d147de6d51486aa321837518f58bf0/attempt_manifest.json
Web3Bugs,191,Web3Bugs snapshot 191,COMPILED,benchmarks/web3bugs/best_effort_build_runs/191/web3bugs-191-best-effort-20260814T182939Z-e787b5a60f594cc1ade2f554438b0fa0/attempt_manifest.json
Web3Bugs,192,Web3Bugs snapshot 192,COMPILED,benchmarks/web3bugs/best_effort_build_runs/192/web3bugs-192-best-effort-20260814T183704Z-87f45ab078574447b5619b68702cdcc4/attempt_manifest.json
