oracle_row_id,annotator_1_class,annotator_2_class,disagreement_fields,adjudicated_class,adjudicator_id,adjudication_rationale,evidence_references,adjudicated_at
isu-02d8a520d0da4d32,MV_SI,NON_MVSI,C3;C4;C5,NON_MVSI,codex-adjudicator,"Adjudication resolves C3, C4, C5 using the supplied finding card and the protocol's requirement that every criterion be affirmatively established. C3 N: user actions incorrectly advance highWaterMark rather than omitting a related state member; C4 N: later fee logic consumes the overwritten HWM, not an omitted/stale member; C5 N: the defect is wrong checkpoint timing for highWaterMark, not essential co-evolution of multiple persistent entities.",human_review/known_findings/ISU-001.md,2026-08-21T21:29:45Z
isu-04290457af95545c,MV_SI,MV_SI,,MV_SI,codex-adjudicator,Both independent reviewers agree that all C1-C5 decisions derive MV_SI.,human_review/known_findings/ISU-002.md,2026-08-21T21:29:45Z
isu-07e25f367baf0ecb,MV_SI,INSUFFICIENT_EVIDENCE,C3,INSUFFICIENT_EVIDENCE,codex-adjudicator,"Adjudication resolves C3 using the supplied finding card and the protocol's requirement that every criterion be affirmatively established. C3 U: the card shows stale global collateral data is consumed by stabilize(), but does not identify the feasible operation that changed the underlying collateral state without synchronizing globalIC.",human_review/known_findings/ISU-003.md,2026-08-21T21:29:45Z
isu-08012d284cc5c894,MV_SI,MV_SI,,MV_SI,codex-adjudicator,Both independent reviewers agree that all C1-C5 decisions derive MV_SI.,human_review/known_findings/ISU-004.md,2026-08-21T21:29:45Z
isu-0e01a20ef25bb2fb,MV_SI,INSUFFICIENT_EVIDENCE,C4,INSUFFICIENT_EVIDENCE,codex-adjudicator,"Adjudication resolves C4 using the supplied finding card and the protocol's requirement that every criterion be affirmatively established. C4 U: the card shows actionLockedBalances[payer] is omitted and later produces a wrong stakedAndActionLockedBalanceOf() result, but does not show that this stale read reaches control flow, a storage write, or an external effect before reconciliation.",human_review/known_findings/ISU-005.md,2026-08-21T21:29:45Z
isu-0e465664136af674,MV_SI,MV_SI,,MV_SI,codex-adjudicator,Both independent reviewers agree that all C1-C5 decisions derive MV_SI.,human_review/known_findings/ISU-006.md,2026-08-21T21:29:45Z
isu-1326fc61d280d92a,NON_MVSI,NON_MVSI,C4;C5,NON_MVSI,codex-adjudicator,"Adjudication resolves C4, C5 using the supplied finding card and the protocol's requirement that every criterion be affirmatively established. C3 N: the defect is a non-unique order-hash collision from a missing nonce, not a partial transition over related persistent state; C4 N: no omitted/stale persistent member is consumed—the same hash aliases distinct orders; C5 N: the essential defect is order identity non-uniqueness, not a multi-variable persistent-state relation.",human_review/known_findings/ISU-007.md,2026-08-21T21:29:45Z
isu-140bdc30e6ad4e0f,MV_SI,MV_SI,,MV_SI,codex-adjudicator,Both independent reviewers agree that all C1-C5 decisions derive MV_SI.,human_review/known_findings/ISU-008.md,2026-08-21T21:29:45Z
isu-1489a907db2c88e6,MV_SI,MV_SI,,MV_SI,codex-adjudicator,Both independent reviewers agree that all C1-C5 decisions derive MV_SI.,human_review/known_findings/ISU-009.md,2026-08-21T21:29:45Z
isu-18d31ac12f1753ed,MV_SI,INSUFFICIENT_EVIDENCE,C3,INSUFFICIENT_EVIDENCE,codex-adjudicator,"Adjudication resolves C3 using the supplied finding card and the protocol's requirement that every criterion be affirmatively established. C3 U: the card establishes that the current epoch's cumulative APR is left incorrect when amount == 0, but does not show the feasible state transition that changes a related persistent entity while omitting that APR update.",human_review/known_findings/ISU-010.md,2026-08-21T21:29:45Z
isu-1b5be01d594891c0,MV_SI,MV_SI,,MV_SI,codex-adjudicator,Both independent reviewers agree that all C1-C5 decisions derive MV_SI.,human_review/known_findings/ISU-011.md,2026-08-21T21:29:45Z
isu-1c705b46e47ec11f,MV_SI,MV_SI,,MV_SI,codex-adjudicator,Both independent reviewers agree that all C1-C5 decisions derive MV_SI.,human_review/known_findings/ISU-012.md,2026-08-21T21:29:45Z
isu-205a80b00fbad2f4,MV_SI,MV_SI,,MV_SI,codex-adjudicator,Both independent reviewers agree that all C1-C5 decisions derive MV_SI.,human_review/known_findings/ISU-013.md,2026-08-21T21:29:45Z
isu-211c9c334eb3c204,MV_SI,MV_SI,,MV_SI,codex-adjudicator,Both independent reviewers agree that all C1-C5 decisions derive MV_SI.,human_review/known_findings/ISU-014.md,2026-08-21T21:29:45Z
isu-217034fbb08f5c0d,MV_SI,MV_SI,,MV_SI,codex-adjudicator,Both independent reviewers agree that all C1-C5 decisions derive MV_SI.,human_review/known_findings/ISU-015.md,2026-08-21T21:29:45Z
isu-22f5ab17878ded98,NON_MVSI,NON_MVSI,C2;C3;C4;C5,NON_MVSI,codex-adjudicator,"Adjudication resolves C2, C3, C4, C5 using the supplied finding card and the protocol's requirement that every criterion be affirmatively established. C1 N: the documented defect is a missing one-time withdrawal flag rather than two participating persistent entities; C2 N: no persistent-state relation is established; C3 N: repeated withdrawal is enabled by the absent guard, not a partial update of related state; C4 N: no omitted or stale persistent member is later read—the guard does not exist; C5 N: the defect is essentially a missing one-shot authorization/state flag.",human_review/known_findings/ISU-016.md,2026-08-21T21:29:45Z
isu-22f9f26d7f3ed280,MV_SI,NON_MVSI,C3;C4;C5,NON_MVSI,codex-adjudicator,"Adjudication resolves C3, C4, C5 using the supplied finding card and the protocol's requirement that every criterion be affirmatively established. C3 N: rageQuit changes current totalVotingPower, but the intended fix is to snapshot the initial value for each distribution rather than co-update an existing related state member; C4 N: the later calculation reads the current, updated totalVotingPower rather than an omitted or stale persistent member; C5 N: the defect is essentially use of the wrong temporal version of totalVotingPower, not multi-variable state desynchronization.",human_review/known_findings/ISU-017.md,2026-08-21T21:29:45Z
isu-26042bb2179bcaca,MV_SI,MV_SI,,MV_SI,codex-adjudicator,Both independent reviewers agree that all C1-C5 decisions derive MV_SI.,human_review/known_findings/ISU-018.md,2026-08-21T21:29:45Z
isu-2b297e5f738d42f7,NON_MVSI,NON_MVSI,C4;C5,NON_MVSI,codex-adjudicator,"Adjudication resolves C4, C5 using the supplied finding card and the protocol's requirement that every criterion be affirmatively established. C3 N: the defect is cross-operation signature reuse caused by missing type/domain separation, not a partial transition over related persistent state; C4 N: no omitted or stale persistent member is consumed—the same authorization is valid for two operation types; C5 N: the essential defect is signature-domain ambiguity, not a multi-variable persistent-state relation.",human_review/known_findings/ISU-019.md,2026-08-21T21:29:45Z
isu-2b94c599523fa1df,NON_MVSI,NON_MVSI,C3,NON_MVSI,codex-adjudicator,"Adjudication resolves C3 using the supplied finding card and the protocol's requirement that every criterion be affirmatively established. C3 N: the referral transfer occurs before either identified license counter (totalClaimed, totalLicenses) is updated, so the reentrant point is not a nonempty partial transition among those persistent entities; C5 N: the defect is effects-before-state reentrancy and does not essentially depend on a multi-variable persistent-state relation.",human_review/known_findings/ISU-020.md,2026-08-21T21:29:45Z
isu-2bc4442d2f8c0d9e,MV_SI,INSUFFICIENT_EVIDENCE,C4,INSUFFICIENT_EVIDENCE,codex-adjudicator,"Adjudication resolves C4 using the supplied finding card and the protocol's requirement that every criterion be affirmatively established. C4 U: the card establishes that a payment is accepted while creditsOf is left unupdated, but it does not show a later persistent read of the stale credit balance that affects control flow, a storage write, or an external effect.",human_review/known_findings/ISU-021.md,2026-08-21T21:29:45Z
isu-2c16ce676efb9c65,MV_SI,MV_SI,,MV_SI,codex-adjudicator,Both independent reviewers agree that all C1-C5 decisions derive MV_SI.,human_review/known_findings/ISU-022.md,2026-08-21T21:29:45Z
isu-2d5b45fab3d5c487,MV_SI,MV_SI,,MV_SI,codex-adjudicator,Both independent reviewers agree that all C1-C5 decisions derive MV_SI.,human_review/known_findings/ISU-023.md,2026-08-21T21:29:45Z
isu-2f54a050d80e44db,MV_SI,MV_SI,,MV_SI,codex-adjudicator,Both independent reviewers agree that all C1-C5 decisions derive MV_SI.,human_review/known_findings/ISU-024.md,2026-08-21T21:29:45Z
isu-31ee582e2e7591af,NON_MVSI,NON_MVSI,C1;C2;C4;C5,NON_MVSI,codex-adjudicator,"Adjudication resolves C1, C2, C4, C5 using the supplied finding card and the protocol's requirement that every criterion be affirmatively established. C1 N: the documented defect is missing cooldown/rate-limit state rather than two persistent entities becoming inconsistent; C2 N: no persistent-state relation is established; C3 N: no partial transition over related state is shown; C4 N: no omitted or stale persistent member is consumed; C5 N: the defect is essentially repeatable reward eligibility caused by a missing cooldown.",human_review/known_findings/ISU-025.md,2026-08-21T21:29:45Z
isu-3600db65b0363d63,INSUFFICIENT_EVIDENCE,NON_MVSI,C3;C4,NON_MVSI,codex-adjudicator,"Adjudication resolves C3, C4 using the supplied finding card and the protocol's requirement that every criterion be affirmatively established. C3 N: the published facts describe the pool-affecting amount being updated incorrectly when a position is reduced, not a related persistent member being omitted from a partial transition; C4 N: the documented consequence follows from the incorrectly written accounting value, not from consumption of an omitted or stale persistent member.",human_review/known_findings/ISU-026.md,2026-08-21T21:29:45Z
isu-372237591d0d9a31,MV_SI,MV_SI,,MV_SI,codex-adjudicator,Both independent reviewers agree that all C1-C5 decisions derive MV_SI.,human_review/known_findings/ISU-027.md,2026-08-21T21:29:45Z
isu-376534817b6f3897,MV_SI,NON_MVSI,C1;C2;C3;C4;C5,NON_MVSI,codex-adjudicator,"Adjudication resolves C1, C2, C3, C4, C5 using the supplied finding card and the protocol's requirement that every criterion be affirmatively established. C1 N: the required current-period tracker does not exist as persistent state in the documented defect; C2 N: no relation between two existing persistent entities is established; C3 N: the fix adds new state rather than repairing a partial transition among existing related state; C4 N: the absent currentEpoch cannot be read as an omitted or stale persistent member; C5 N: the defect is essentially a missing epoch-tracking variable.",human_review/known_findings/ISU-028.md,2026-08-21T21:29:45Z
isu-3828918ea43c25ff,NON_MVSI,NON_MVSI,C2;C3;C4;C5,NON_MVSI,codex-adjudicator,"Adjudication resolves C2, C3, C4, C5 using the supplied finding card and the protocol's requirement that every criterion be affirmatively established. C1 N: the documented defect concerns a single message field rather than two persistent-state entities; C2 N: no multi-entity protocol relation is established; C3 N: the message is overwritten with the wrong value rather than a related persistent member being omitted; C4 N: no omitted or stale persistent-state member is later consumed; C5 N: the defect is essentially corruption of one message value.",human_review/known_findings/ISU-029.md,2026-08-21T21:29:45Z
isu-3c60182de8dc2cd0,MV_SI,MV_SI,,MV_SI,codex-adjudicator,Both independent reviewers agree that all C1-C5 decisions derive MV_SI.,human_review/known_findings/ISU-030.md,2026-08-21T21:29:45Z
isu-3e38d51d43d09a02,MV_SI,INSUFFICIENT_EVIDENCE,C3,INSUFFICIENT_EVIDENCE,codex-adjudicator,"Adjudication resolves C3 using the supplied finding card and the protocol's requirement that every criterion be affirmatively established. C3 U: the card shows that _fillInEpochGaps() is sequenced incorrectly and leads to wrong reward-underflow handling, but does not show the persistent-state transition that changes a nonempty proper subset of the relevant epoch-state relation.",human_review/known_findings/ISU-031.md,2026-08-21T21:29:45Z
isu-3f04c08732ee612c,NON_MVSI,NON_MVSI,C4,NON_MVSI,codex-adjudicator,"Adjudication resolves C4 using the supplied finding card and the protocol's requirement that every criterion be affirmatively established. C3 N: the defect is inconsistent collateralRatio computation between functions, not a partial transition that desynchronizes related persistent state; C4 N: rigidRedemption omits borrowing-share and accumulated-fee terms from its calculation rather than consuming a stale persistent member left by such a transition.",human_review/known_findings/ISU-032.md,2026-08-21T21:29:45Z
isu-40ff331ab2d74b97,MV_SI,NON_MVSI,C3;C4,NON_MVSI,codex-adjudicator,"Adjudication resolves C3, C4 using the supplied finding card and the protocol's requirement that every criterion be affirmatively established. C3 N: AVAXAssignedHighWater is updated with the wrong cumulative value rather than a related persistent member being omitted from a partial transition; C4 N: the consequence follows from consuming the incorrectly written high-water value, not an omitted or stale member left inconsistent.",human_review/known_findings/ISU-033.md,2026-08-21T21:29:45Z
isu-4198ebcb807fbc55,MV_SI,MV_SI,,MV_SI,codex-adjudicator,Both independent reviewers agree that all C1-C5 decisions derive MV_SI.,human_review/known_findings/ISU-034.md,2026-08-21T21:29:45Z
isu-43ea9dbca4e2aa00,NON_MVSI,NON_MVSI,C2;C3;C4;C5,NON_MVSI,codex-adjudicator,"Adjudication resolves C2, C3, C4, C5 using the supplied finding card and the protocol's requirement that every criterion be affirmatively established. C1 N: the documented defect is an overwrite/race in a single withdrawal-allowance value; prior withdrawals are not established as a second persistent entity. C2 N: no relation between two persistent entities is shown. C3 N: setApprovalFor overwrites the allowance rather than partially updating related state. C4 N: later withdrawal consumes the newly overwritten allowance, not an omitted or stale related member. C5 N: the defect is essentially a unary allowance-update race.",human_review/known_findings/ISU-035.md,2026-08-21T21:29:45Z
isu-4466760c47c2baca,MV_SI,MV_SI,,MV_SI,codex-adjudicator,Both independent reviewers agree that all C1-C5 decisions derive MV_SI.,human_review/known_findings/ISU-036.md,2026-08-21T21:29:45Z
isu-4552f0e361ef04d8,MV_SI,MV_SI,,MV_SI,codex-adjudicator,Both independent reviewers agree that all C1-C5 decisions derive MV_SI.,human_review/known_findings/ISU-037.md,2026-08-21T21:29:45Z
isu-457df0c341b72a40,MV_SI,NON_MVSI,C1;C2;C3;C5,NON_MVSI,codex-adjudicator,"Adjudication resolves C1, C2, C3, C5 using the supplied finding card and the protocol's requirement that every criterion be affirmatively established. C1 N: the card identifies only the per-user purchase-limit counter as stale; no second participating persistent entity is established. C2 N: no multi-entity protocol relation is shown. C3 N: the defect is failure to advance that unary counter, not a partial transition over an established relation. C5 N: unrestricted repeat purchases essentially depend on one stale limit counter, even though other purchase effects occur.",human_review/known_findings/ISU-038.md,2026-08-21T21:29:45Z
isu-483c1ab3704b6517,MV_SI,MV_SI,,MV_SI,codex-adjudicator,Both independent reviewers agree that all C1-C5 decisions derive MV_SI.,human_review/known_findings/ISU-039.md,2026-08-21T21:29:45Z
isu-4d0b80c5f3074c1c,MV_SI,INSUFFICIENT_EVIDENCE,C3,INSUFFICIENT_EVIDENCE,codex-adjudicator,"Adjudication resolves C3 using the supplied finding card and the protocol's requirement that every criterion be affirmatively established. C3 U: the card shows previewDeposit() consumes funding-dependent accounting before updateFunding(), but does not show the feasible persistent-state transition that changed a nonempty proper subset of the relevant funding/LP-accounting relation.",human_review/known_findings/ISU-040.md,2026-08-21T21:29:45Z
isu-5364060b2d89c4e1,MV_SI,MV_SI,,MV_SI,codex-adjudicator,Both independent reviewers agree that all C1-C5 decisions derive MV_SI.,human_review/known_findings/ISU-041.md,2026-08-21T21:29:45Z
isu-587a2cf2917ee620,NON_MVSI,NON_MVSI,C1;C2;C3,NON_MVSI,codex-adjudicator,"Adjudication resolves C1, C2, C3 using the supplied finding card and the protocol's requirement that every criterion be affirmatively established. C1 N: the supplied defect identifies the express-receive execution record as the relevant protocol state; the token transfer is an external effect, not a second related protocol-state entity. C2 N: no relation between two persistent protocol-state entities is established. C3 N: the external transfer occurs before the express-receive record is set, so the reentrant point is not a nonempty partial transition among identified persistent protocol-state entities. C5 N: the exploit is effects-before-state reentrancy around a unary execution record, not an essential multi-variable persistent-state relation.",human_review/known_findings/ISU-042.md,2026-08-21T21:29:45Z
isu-599fced4ea9a8be5,MV_SI,NON_MVSI,C3;C4,NON_MVSI,codex-adjudicator,"Adjudication resolves C3, C4 using the supplied finding card and the protocol's requirement that every criterion be affirmatively established. C3 N: withdrawWithTimelockFrom() writes _unlockTimestamps with the wrong value rather than omitting a related persistent member from a partial transition. C4 N: later timelock logic consumes the incorrectly written timestamp, not an omitted or stale member left inconsistent by such a transition.",human_review/known_findings/ISU-043.md,2026-08-21T21:29:45Z
isu-5a378fce12442b76,NON_MVSI,NON_MVSI,C1;C2;C4;C5,NON_MVSI,codex-adjudicator,"Adjudication resolves C1, C2, C4, C5 using the supplied finding card and the protocol's requirement that every criterion be affirmatively established. C1 N: the documented fix adds missing processed-token deduplication state rather than identifying two existing persistent entities that diverge. C2 N: no multi-entity persistent-state relation is established. C3 N: duplicate counting is a computation/deduplication defect, not a partial transition over related persistent state. C4 N: the same token balance is counted repeatedly rather than an omitted or stale persistent member being consumed. C5 N: the defect essentially depends on missing deduplication state.",human_review/known_findings/ISU-044.md,2026-08-21T21:29:45Z
isu-618635470000c006,NON_MVSI,NON_MVSI,C3,NON_MVSI,codex-adjudicator,"Adjudication resolves C3 using the supplied finding card and the protocol's requirement that every criterion be affirmatively established. C3 N: long0Fees, long1Fees, and shortFees are calculated too late for transferFees(), which is an intra-operation computation-ordering defect rather than a partial persistent-state transition. C4 N: transferFees() receives not-yet-calculated fee amounts rather than consuming an omitted or stale persistent-state member.",human_review/known_findings/ISU-045.md,2026-08-21T21:29:45Z
isu-61e8584be12659ba,NON_MVSI,NON_MVSI,C2;C3;C4;C5,NON_MVSI,codex-adjudicator,"Adjudication resolves C2, C3, C4, C5 using the supplied finding card and the protocol's requirement that every criterion be affirmatively established. C1 N: the documented defect is the absence of fee-withdrawal status state, not divergence between two existing persistent entities. C2 N: no multi-entity persistent-state relation is established. C3 N: repeated withdrawals arise because the one-shot status is never recorded, not from a partial transition among related state. C4 N: an absent withdrawal-status field cannot be read as an omitted or stale existing member. C5 N: the defect is essentially a missing one-shot withdrawal guard.",human_review/known_findings/ISU-046.md,2026-08-21T21:29:45Z
isu-621f43af68268838,MV_SI,MV_SI,,MV_SI,codex-adjudicator,Both independent reviewers agree that all C1-C5 decisions derive MV_SI.,human_review/known_findings/ISU-047.md,2026-08-21T21:29:45Z
isu-675c757b9950fa5e,MV_SI,MV_SI,,MV_SI,codex-adjudicator,Both independent reviewers agree that all C1-C5 decisions derive MV_SI.,human_review/known_findings/ISU-048.md,2026-08-21T21:29:45Z
isu-68088a5b0a6df553,NON_MVSI,NON_MVSI,C1;C3;C4,NON_MVSI,codex-adjudicator,"Adjudication resolves C1, C3, C4 using the supplied finding card and the protocol's requirement that every criterion be affirmatively established. C3 N: the callback creates an additional pledge right for the same NFT; this is duplicate state creation rather than a partial transition that leaves a related member omitted or stale. C4 N: the documented consequence comes from creation of two pledge rights, not from a later read of an omitted or stale persistent member.",human_review/known_findings/ISU-049.md,2026-08-21T21:29:45Z
isu-696e521de930042e,MV_SI,INSUFFICIENT_EVIDENCE,C3;C5,INSUFFICIENT_EVIDENCE,codex-adjudicator,"Adjudication resolves C3, C5 using the supplied finding card and the protocol's requirement that every criterion be affirmatively established. C3 U: the card does not show which persistent state changes when feeClaimable is zero, so it cannot establish a nonempty proper-subset transition that leaves the claim checkpoints inconsistent. C5 U: the supplied facts do not establish whether the repeated-claim defect essentially requires the relation between lastClaimTotalRewards and timeClaimed, rather than only the stale lastClaimTotalRewards value.",human_review/known_findings/ISU-050.md,2026-08-21T21:29:45Z
isu-6a4103498e96a7d2,MV_SI,MV_SI,,MV_SI,codex-adjudicator,Both independent reviewers agree that all C1-C5 decisions derive MV_SI.,human_review/known_findings/ISU-051.md,2026-08-21T21:29:45Z
isu-6e464662eff8b167,MV_SI,INSUFFICIENT_EVIDENCE,C3,INSUFFICIENT_EVIDENCE,codex-adjudicator,"Adjudication resolves C3 using the supplied finding card and the protocol's requirement that every criterion be affirmatively established. C3 U: the card establishes that stale global-collateral-dependent values are consumed by profit distribution, but does not show the feasible operation that changed the underlying collateral state without synchronizing globalIC.",human_review/known_findings/ISU-052.md,2026-08-21T21:29:45Z
isu-6ebf8383a0d41341,MV_SI,MV_SI,,MV_SI,codex-adjudicator,Both independent reviewers agree that all C1-C5 decisions derive MV_SI.,human_review/known_findings/ISU-053.md,2026-08-21T21:29:45Z
isu-7068f206eea19247,MV_SI,MV_SI,,MV_SI,codex-adjudicator,Both independent reviewers agree that all C1-C5 decisions derive MV_SI.,human_review/known_findings/ISU-054.md,2026-08-21T21:29:45Z
isu-71121263613cd4c7,MV_SI,MV_SI,,MV_SI,codex-adjudicator,Both independent reviewers agree that all C1-C5 decisions derive MV_SI.,human_review/known_findings/ISU-055.md,2026-08-21T21:29:45Z
isu-749924b9c7ff076d,MV_SI,MV_SI,,MV_SI,codex-adjudicator,Both independent reviewers agree that all C1-C5 decisions derive MV_SI.,human_review/known_findings/ISU-056.md,2026-08-21T21:29:45Z
isu-75daa7931b85c90d,MV_SI,INSUFFICIENT_EVIDENCE,C1;C3;C4;C5,INSUFFICIENT_EVIDENCE,codex-adjudicator,"Adjudication resolves C1, C3, C4, C5 using the supplied finding card and the protocol's requirement that every criterion be affirmatively established. C1 U: the card does not establish whether totalCollateralReturned is persistent state or identify two participating persistent-state entities. C3 U: without a source excerpt, the supplied facts do not establish a persistent nonempty proper-subset transition. C4 U: the card does not show a stale persistent-state read before the excessive burn. C5 U: multi-variable persistent-state essentiality cannot be established from the supplied evidence.",human_review/known_findings/ISU-057.md,2026-08-21T21:29:45Z
isu-76e6aa75733cd2f9,MV_SI,MV_SI,,MV_SI,codex-adjudicator,Both independent reviewers agree that all C1-C5 decisions derive MV_SI.,human_review/known_findings/ISU-058.md,2026-08-21T21:29:45Z
isu-788dfab3feaf2dd1,MV_SI,MV_SI,,MV_SI,codex-adjudicator,Both independent reviewers agree that all C1-C5 decisions derive MV_SI.,human_review/known_findings/ISU-059.md,2026-08-21T21:29:45Z
isu-7892f67a73ef5fa1,MV_SI,MV_SI,,MV_SI,codex-adjudicator,Both independent reviewers agree that all C1-C5 decisions derive MV_SI.,human_review/known_findings/ISU-060.md,2026-08-21T21:29:45Z
isu-7bab5a8cb4269c50,MV_SI,MV_SI,,MV_SI,codex-adjudicator,Both independent reviewers agree that all C1-C5 decisions derive MV_SI.,human_review/known_findings/ISU-061.md,2026-08-21T21:29:45Z
isu-7d695607cb1d5ebf,MV_SI,MV_SI,,MV_SI,codex-adjudicator,Both independent reviewers agree that all C1-C5 decisions derive MV_SI.,human_review/known_findings/ISU-062.md,2026-08-21T21:29:45Z
isu-7fa2dc5fe1d424e1,MV_SI,MV_SI,,MV_SI,codex-adjudicator,Both independent reviewers agree that all C1-C5 decisions derive MV_SI.,human_review/known_findings/ISU-063.md,2026-08-21T21:29:45Z
isu-803f2b23e37d2038,MV_SI,MV_SI,,MV_SI,codex-adjudicator,Both independent reviewers agree that all C1-C5 decisions derive MV_SI.,human_review/known_findings/ISU-064.md,2026-08-21T21:29:45Z
isu-825044c76fedfbf3,NON_MVSI,NON_MVSI,C2;C4;C5,NON_MVSI,codex-adjudicator,"Adjudication resolves C2, C4, C5 using the supplied finding card and the protocol's requirement that every criterion be affirmatively established. C2 N: the borrower records are independent; sharing one minAssetAmount input across a batch does not establish a semantic persistent-state relation between them. C3 N: the defect reuses the wrong per-user liquidation parameter rather than performing a nonempty proper-subset transition over related persistent state. C4 N: liquidation consumes an inappropriate input constraint, not an omitted or stale persistent member. C5 N: the defect is essentially batch-parameterization error, not multi-variable persistent-state inconsistency.",human_review/known_findings/ISU-065.md,2026-08-21T21:29:45Z
isu-883447fef1177d83,MV_SI,INSUFFICIENT_EVIDENCE,C3,INSUFFICIENT_EVIDENCE,codex-adjudicator,"Adjudication resolves C3 using the supplied finding card and the protocol's requirement that every criterion be affirmatively established. C3 U: the card establishes that cumulativeInterestRate is stale during liquidation, but the supplied excerpt does not show the liquidation/accrual path well enough to establish the persistent operation that creates a nonempty proper-subset state transition before that stale rate is consumed.",human_review/known_findings/ISU-066.md,2026-08-21T21:29:45Z
isu-8dda8bf0c932db3f,MV_SI,MV_SI,,MV_SI,codex-adjudicator,Both independent reviewers agree that all C1-C5 decisions derive MV_SI.,human_review/known_findings/ISU-067.md,2026-08-21T21:29:45Z
isu-8e28a9dae87c4960,MV_SI,MV_SI,,MV_SI,codex-adjudicator,Both independent reviewers agree that all C1-C5 decisions derive MV_SI.,human_review/known_findings/ISU-068.md,2026-08-21T21:29:45Z
isu-9097ab32e6443dd6,MV_SI,MV_SI,,MV_SI,codex-adjudicator,Both independent reviewers agree that all C1-C5 decisions derive MV_SI.,human_review/known_findings/ISU-069.md,2026-08-21T21:29:45Z
isu-92cbfaf905a24490,MV_SI,MV_SI,,MV_SI,codex-adjudicator,Both independent reviewers agree that all C1-C5 decisions derive MV_SI.,human_review/known_findings/ISU-070.md,2026-08-21T21:29:45Z
isu-93e7300724394af9,NON_MVSI,NON_MVSI,C2;C3;C4;C5,NON_MVSI,codex-adjudicator,"Adjudication resolves C2, C3, C4, C5 using the supplied finding card and the protocol's requirement that every criterion be affirmatively established. C1 N: the documented defect is the absence of per-voter hasVoted state; it does not identify two existing persistent entities whose divergence causes the bug. C2 N: no semantic relation between two existing persistent-state entities is established. C3 N: repeated vetoes arise because a vote-consumed guard is never recorded, not from a partial transition among related existing state. C4 N: the missing hasVoted field cannot be read as an omitted or stale existing persistent member. C5 N: the defect is essentially a missing one-vote guard.",human_review/known_findings/ISU-071.md,2026-08-21T21:29:45Z
isu-94218c1aa2acd123,MV_SI,MV_SI,,MV_SI,codex-adjudicator,Both independent reviewers agree that all C1-C5 decisions derive MV_SI.,human_review/known_findings/ISU-072.md,2026-08-21T21:29:45Z
isu-946bf9ba48ae786b,MV_SI,MV_SI,,MV_SI,codex-adjudicator,Both independent reviewers agree that all C1-C5 decisions derive MV_SI.,human_review/known_findings/ISU-073.md,2026-08-21T21:29:45Z
isu-9873179830346843,MV_SI,MV_SI,,MV_SI,codex-adjudicator,Both independent reviewers agree that all C1-C5 decisions derive MV_SI.,human_review/known_findings/ISU-074.md,2026-08-21T21:29:45Z
isu-99d4c25ac922028c,MV_SI,MV_SI,,MV_SI,codex-adjudicator,Both independent reviewers agree that all C1-C5 decisions derive MV_SI.,human_review/known_findings/ISU-075.md,2026-08-21T21:29:45Z
isu-9bb2eb3155febcd7,MV_SI,MV_SI,,MV_SI,codex-adjudicator,Both independent reviewers agree that all C1-C5 decisions derive MV_SI.,human_review/known_findings/ISU-076.md,2026-08-21T21:29:45Z
isu-a03c079be75678d0,MV_SI,MV_SI,,MV_SI,codex-adjudicator,Both independent reviewers agree that all C1-C5 decisions derive MV_SI.,human_review/known_findings/ISU-077.md,2026-08-21T21:29:45Z
isu-a27f2f1d35d4f56d,MV_SI,MV_SI,,MV_SI,codex-adjudicator,Both independent reviewers agree that all C1-C5 decisions derive MV_SI.,human_review/known_findings/ISU-078.md,2026-08-21T21:29:45Z
isu-a346e0579cc411b2,MV_SI,MV_SI,,MV_SI,codex-adjudicator,Both independent reviewers agree that all C1-C5 decisions derive MV_SI.,human_review/known_findings/ISU-079.md,2026-08-21T21:29:45Z
isu-a36b810e7be9bc36,MV_SI,MV_SI,,MV_SI,codex-adjudicator,Both independent reviewers agree that all C1-C5 decisions derive MV_SI.,human_review/known_findings/ISU-080.md,2026-08-21T21:29:45Z
isu-a4f232f8e3995505,MV_SI,MV_SI,,MV_SI,codex-adjudicator,Both independent reviewers agree that all C1-C5 decisions derive MV_SI.,human_review/known_findings/ISU-081.md,2026-08-21T21:29:45Z
isu-a5b45354645d49e9,MV_SI,MV_SI,,MV_SI,codex-adjudicator,Both independent reviewers agree that all C1-C5 decisions derive MV_SI.,human_review/known_findings/ISU-082.md,2026-08-21T21:29:45Z
isu-a81e34895c47243a,MV_SI,NON_MVSI,C4,NON_MVSI,codex-adjudicator,Adjudication resolves C4 using the supplied finding card and the protocol's requirement that every criterion be affirmatively established. C4 N: later logic consumes a counter that was explicitly reset to an incorrect value; the documented defect does not show an omitted or stale related persistent member being read.,human_review/known_findings/ISU-083.md,2026-08-21T21:29:45Z
isu-a93c6b77cc1d4f75,MV_SI,MV_SI,,MV_SI,codex-adjudicator,Both independent reviewers agree that all C1-C5 decisions derive MV_SI.,human_review/known_findings/ISU-084.md,2026-08-21T21:29:45Z
isu-afed826cfb09b1d0,MV_SI,MV_SI,,MV_SI,codex-adjudicator,Both independent reviewers agree that all C1-C5 decisions derive MV_SI.,human_review/known_findings/ISU-085.md,2026-08-21T21:29:45Z
isu-b293708ac8e38fa3,MV_SI,MV_SI,,MV_SI,codex-adjudicator,Both independent reviewers agree that all C1-C5 decisions derive MV_SI.,human_review/known_findings/ISU-086.md,2026-08-21T21:29:45Z
isu-b544ae99b1509882,NON_MVSI,NON_MVSI,C2;C3;C4;C5,NON_MVSI,codex-adjudicator,"Adjudication resolves C2, C3, C4, C5 using the supplied finding card and the protocol's requirement that every criterion be affirmatively established. C3 N: updateArtSettings explicitly writes endTime to an incorrect value rather than performing a proper-subset synchronization update. C4 N: later minting consumes the wrongly written endTime, not an omitted or stale related member. C5 N: the defect is essentially an erroneous time-bound update.",human_review/known_findings/ISU-087.md,2026-08-21T21:29:45Z
isu-b681cc0782ab7098,MV_SI,MV_SI,,MV_SI,codex-adjudicator,Both independent reviewers agree that all C1-C5 decisions derive MV_SI.,human_review/known_findings/ISU-088.md,2026-08-21T21:29:45Z
isu-b7d3203547e02ba9,MV_SI,MV_SI,,MV_SI,codex-adjudicator,Both independent reviewers agree that all C1-C5 decisions derive MV_SI.,human_review/known_findings/ISU-089.md,2026-08-21T21:29:45Z
isu-bd1cee16e89b05be,MV_SI,NON_MVSI,C3;C4;C5,NON_MVSI,codex-adjudicator,"Adjudication resolves C3, C4, C5 using the supplied finding card and the protocol's requirement that every criterion be affirmatively established. C3 N: the published fix changes the getTokenPrice arithmetic by subtracting performanceFee from premiumCollected, rather than synchronizing related persistent state. C4 N: no omitted or stale persistent member is consumed; the calculation omits a fee term. C5 N: the defect is essentially a fee-calculation error.",human_review/known_findings/ISU-090.md,2026-08-21T21:29:45Z
isu-bed3fb17def1a543,NON_MVSI,NON_MVSI,C4;C5,NON_MVSI,codex-adjudicator,"Adjudication resolves C4, C5 using the supplied finding card and the protocol's requirement that every criterion be affirmatively established. C3 N: no desynchronizing state transition is shown; the two state predicates overlap because of the terminationPeriod comparison boundary. C4 N: no omitted or stale persistent member is consumed. C5 N: the defect is essentially a timestamp-condition error.",human_review/known_findings/ISU-091.md,2026-08-21T21:29:45Z
isu-c2b72eea7d3386af,MV_SI,NON_MVSI,C5,NON_MVSI,codex-adjudicator,"Adjudication resolves C5 using the supplied finding card and the protocol's requirement that every criterion be affirmatively established. C5 N: spend_limit is a unary remaining-budget guard; repeated spending is caused by failing to decrement that one persistent value, not by an essential relation between multiple persistent entities.",human_review/known_findings/ISU-092.md,2026-08-21T21:29:45Z
isu-c861ec930b030c28,MV_SI,NON_MVSI,C4,NON_MVSI,codex-adjudicator,Adjudication resolves C4 using the supplied finding card and the protocol's requirement that every criterion be affirmatively established. C4 N: treasuryShare is explicitly overwritten to zero and later read in that corrupted state; the documented defect does not consume an omitted or stale related persistent member.,human_review/known_findings/ISU-093.md,2026-08-21T21:29:45Z
isu-c8e0f60aa46e48a0,NON_MVSI,NON_MVSI,C1;C3;C4;C5,NON_MVSI,codex-adjudicator,"Adjudication resolves C1, C3, C4, C5 using the supplied finding card and the protocol's requirement that every criterion be affirmatively established. C3 N: the required shortfall accounting entity is absent, rather than an existing related member being left stale by a proper-subset transition. C4 N: the missing shortfall value cannot be consumed as an omitted or stale existing persistent member. C5 N: the defect is essentially missing persistent accounting state.",human_review/known_findings/ISU-094.md,2026-08-21T21:29:45Z
isu-ca5f6661a91a0ea5,MV_SI,MV_SI,,MV_SI,codex-adjudicator,Both independent reviewers agree that all C1-C5 decisions derive MV_SI.,human_review/known_findings/ISU-095.md,2026-08-21T21:29:45Z
isu-d40734add7641db5,MV_SI,MV_SI,,MV_SI,codex-adjudicator,Both independent reviewers agree that all C1-C5 decisions derive MV_SI.,human_review/known_findings/ISU-096.md,2026-08-21T21:29:45Z
isu-d82a8ede733c07e2,NON_MVSI,NON_MVSI,C2;C3;C4;C5,NON_MVSI,codex-adjudicator,"Adjudication resolves C2, C3, C4, C5 using the supplied finding card and the protocol's requirement that every criterion be affirmatively established. C1 N: the documented defect identifies unrefunded tokens, not two protocol persistent-state entities. C2 N: no semantic persistent-state relation is established. C3 N: omitting the refund transfer is an incomplete asset-flow operation, not a proper-subset state transition. C4 N: no stale persistent member is read before the loss. C5 N: the defect is essentially missing refund logic.",human_review/known_findings/ISU-097.md,2026-08-21T21:29:45Z
isu-da726f3c7052bc2d,MV_SI,MV_SI,,MV_SI,codex-adjudicator,Both independent reviewers agree that all C1-C5 decisions derive MV_SI.,human_review/known_findings/ISU-098.md,2026-08-21T21:29:45Z
isu-dbd7bec2a34c98ec,MV_SI,NON_MVSI,C5,NON_MVSI,codex-adjudicator,"Adjudication resolves C5 using the supplied finding card and the protocol's requirement that every criterion be affirmatively established. C5 N: the defect is essentially a unary stale claimable-balance bug: reward[msg.sender] is not decremented after payout, allowing the same entitlement to be consumed repeatedly.",human_review/known_findings/ISU-099.md,2026-08-21T21:29:45Z
isu-dddbc27879224819,NON_MVSI,NON_MVSI,C2;C3;C4;C5,NON_MVSI,codex-adjudicator,"Adjudication resolves C2, C3, C4, C5 using the supplied finding card and the protocol's requirement that every criterion be affirmatively established. C1 N: the defect is missing slippage input validation, not a relationship between persistent-state entities. C2 N: no semantic persistent-state relation participates. C3 N: no partial persistent-state transition creates the defect. C4 N: no omitted or stale persistent member is consumed. C5 N: the defect is essentially missing amountOutMinimum protection.",human_review/known_findings/ISU-100.md,2026-08-21T21:29:45Z
isu-e419c46c714b5de0,MV_SI,NON_MVSI,C3;C4,NON_MVSI,codex-adjudicator,"Adjudication resolves C3, C4 using the supplied finding card and the protocol's requirement that every criterion be affirmatively established. C3 N: the delegation update corrupts the historical checkpoint by writing the latest changes into both the old and new checkpoints; this is an erroneous extra write, not a proper-subset transition that omits a related member. C4 N: later vote counting reads a corrupted historical checkpoint, not an omitted or stale member left behind by a partial transition.",human_review/known_findings/ISU-101.md,2026-08-21T21:29:45Z
isu-e6225382384fe664,MV_SI,NON_MVSI,C3,NON_MVSI,codex-adjudicator,"Adjudication resolves C3 using the supplied finding card and the protocol's requirement that every criterion be affirmatively established. C3 N: yIntercept and last remain a coherent older accrual checkpoint; elapsed time makes the checkpoint out-of-date for processEpoch(), but the supplied defect does not identify a persistent operation that changes a nonempty proper subset of the related state and thereby creates the inconsistency.",human_review/known_findings/ISU-102.md,2026-08-21T21:29:45Z
isu-e7bbd2d210067dcd,MV_SI,MV_SI,,MV_SI,codex-adjudicator,Both independent reviewers agree that all C1-C5 decisions derive MV_SI.,human_review/known_findings/ISU-103.md,2026-08-21T21:29:45Z
isu-e9b6781be5ff75b5,MV_SI,INSUFFICIENT_EVIDENCE,C1;C2;C3;C4;C5,INSUFFICIENT_EVIDENCE,codex-adjudicator,"Adjudication resolves C1, C2, C3, C4, C5 using the supplied finding card and the protocol's requirement that every criterion be affirmatively established. C1/C2 U: the card explicitly identifies interestAccrued but does not establish the second persistent entity and semantic relation needed for MV-SI. C3 U: without a source excerpt, the persistent transition that would leave interestAccrued inconsistent is not established. C4 U: the card does not show a later persistent read of the omitted/stale accounting value before reconciliation. C5 U: multi-variable essentiality therefore cannot be established from the supplied evidence.",human_review/known_findings/ISU-104.md,2026-08-21T21:29:45Z
isu-eb587e226bbc8d94,MV_SI,MV_SI,,MV_SI,codex-adjudicator,Both independent reviewers agree that all C1-C5 decisions derive MV_SI.,human_review/known_findings/ISU-105.md,2026-08-21T21:29:45Z
isu-eca0ea552ad071da,MV_SI,INSUFFICIENT_EVIDENCE,C3,INSUFFICIENT_EVIDENCE,codex-adjudicator,"Adjudication resolves C3 using the supplied finding card and the protocol's requirement that every criterion be affirmatively established. C3 U: the global gaugeProfitIndex and per-user userGaugeProfitIndex are clearly related and the stale user index is consumed in reward accounting, but the supplied excerpt does not show the operation that creates the required nonempty proper-subset transition before the first claim.",human_review/known_findings/ISU-106.md,2026-08-21T21:29:45Z
isu-ecf9619f09fc2036,MV_SI,MV_SI,,MV_SI,codex-adjudicator,Both independent reviewers agree that all C1-C5 decisions derive MV_SI.,human_review/known_findings/ISU-107.md,2026-08-21T21:29:45Z
isu-ed3f20846f5d653b,NON_MVSI,NON_MVSI,C4;C5,NON_MVSI,codex-adjudicator,"Adjudication resolves C4, C5 using the supplied finding card and the protocol's requirement that every criterion be affirmatively established. C3 N: updateLoanParams directly permits a forbidden oracle replacement rather than omitting a related state update. C4 N: the later computation consumes the newly written malicious oracle, not an omitted or stale persistent member. C5 N: the defect is essentially insufficient immutability/validation of the oracle parameter.",human_review/known_findings/ISU-108.md,2026-08-21T21:29:45Z
isu-eede234fdc432adf,NON_MVSI,NON_MVSI,C2;C3;C4;C5,NON_MVSI,codex-adjudicator,"Adjudication resolves C2, C3, C4, C5 using the supplied finding card and the protocol's requirement that every criterion be affirmatively established. C1 N: ethAvailable is a transient local accounting variable, not persistent protocol state. C2 N: no relation between multiple persistent-state entities is established. C3 N: decrementing the local value before a possibly failed contribution is not a partial persistent-state transition. C4 N: the refund uses the incorrect local value rather than an omitted or stale persistent member. C5 N: the defect is essentially batch-refund control-flow/accounting.",human_review/known_findings/ISU-109.md,2026-08-21T21:29:45Z
isu-f1ac2ad156241780,MV_SI,NON_MVSI,C5,NON_MVSI,codex-adjudicator,"Adjudication resolves C5 using the supplied finding card and the protocol's requirement that every criterion be affirmatively established. C5 N: the defect is essentially a unary stale-entitlement bug: incentive.rewardsUnclaimed is not decremented after a reclaim, allowing the same recorded entitlement to be consumed repeatedly.",human_review/known_findings/ISU-110.md,2026-08-21T21:29:45Z
isu-f1fe35637a0d3f8e,MV_SI,MV_SI,,MV_SI,codex-adjudicator,Both independent reviewers agree that all C1-C5 decisions derive MV_SI.,human_review/known_findings/ISU-111.md,2026-08-21T21:29:45Z
isu-f352a265e8532ba2,NON_MVSI,NON_MVSI,C1;C3;C4;C5,NON_MVSI,codex-adjudicator,"Adjudication resolves C1, C3, C4, C5 using the supplied finding card and the protocol's requirement that every criterion be affirmatively established. C3 N: the proposed fix introduces new rewardPerTokenStored checkpoint state; the documented defect does not show an existing related member being omitted by a proper-subset transition. C4 N: the missing checkpoint cannot be read as an omitted or stale existing persistent member. C5 N: the defect is essentially missing historical reward-accounting state.",human_review/known_findings/ISU-112.md,2026-08-21T21:29:45Z
isu-f7386becee7ae490,MV_SI,INSUFFICIENT_EVIDENCE,C4,INSUFFICIENT_EVIDENCE,codex-adjudicator,"Adjudication resolves C4 using the supplied finding card and the protocol's requirement that every criterion be affirmatively established. C4 U: the card establishes that collateral accounting is updated while the corresponding collateral is not actually removed, but it does not show a subsequent persistent read of the omitted/stale member that affects control flow, storage, or an external effect before reconciliation.",human_review/known_findings/ISU-113.md,2026-08-21T21:29:45Z
isu-fbf2b10a648eab46,MV_SI,MV_SI,,MV_SI,codex-adjudicator,Both independent reviewers agree that all C1-C5 decisions derive MV_SI.,human_review/known_findings/ISU-114.md,2026-08-21T21:29:45Z
isu-fd0d74c979018cd3,NON_MVSI,NON_MVSI,C3;C5,NON_MVSI,codex-adjudicator,"Adjudication resolves C3, C5 using the supplied finding card and the protocol's requirement that every criterion be affirmatively established. C2 N: emergency_council and nft_manager are independent administrative roles; the card does not establish a semantic relation that should make them evolve together. C3 N: the setter writes the wrong storage target rather than performing a partial transition over related state. C5 N: the defect is essentially a wrong-slot assignment, not an essential multi-variable relationship.",human_review/known_findings/ISU-115.md,2026-08-21T21:29:45Z
isu-fd0e69f56642d218,MV_SI,MV_SI,,MV_SI,codex-adjudicator,Both independent reviewers agree that all C1-C5 decisions derive MV_SI.,human_review/known_findings/ISU-116.md,2026-08-21T21:29:45Z
