execution_subject_id,repository,revision,oracle_row_ids,report_identities,configuration,accepted_attempt_id,terminal_status,canonical_json_sha256,elapsed_seconds,detector_python_source_sha256,slither_convert_patch_sha256,slither_ssa_patch_sha256
3b40d4c2e2c5c78d66a1,https://github.com/golom-protocol/contracts.git,4e84d5c2115d163ca54a1729da46164e8cf4df6d,isu-8e28a9dae87c4960,2022-07-golom#h-07,B0,dataset=isu__subject=3b40d4c2e2c5c78d66a1__revision=4e84d5c2115d163ca54a1729da46164e8cf4df6d__config=B0__seed=0__rep=1__attempt=6ca30c9b344541a89b87aa1c082ea9b6,SUCCESS,8b26d4daa92c4287578a2636a8ca82605b4e01e9f924aa34ba6669dcdf7f0de2,19.79797625541687,4ef07c7beb0530da0940bc55d687f0b74eb7741c3e8d259b77a564153ba1aa69,eeffb16012291cecd2b2170c0c1f8ef793a1e8f01c1c6516ff63639821ffd5aa,bf017c4779a96e6faf4376dafbb56607c0f99b83fdd43ee8da473d88c887034a
3b40d4c2e2c5c78d66a1,https://github.com/golom-protocol/contracts.git,4e84d5c2115d163ca54a1729da46164e8cf4df6d,isu-8e28a9dae87c4960,2022-07-golom#h-07,A1,dataset=isu__subject=3b40d4c2e2c5c78d66a1__revision=4e84d5c2115d163ca54a1729da46164e8cf4df6d__config=A1__seed=0__rep=1__attempt=d8e82ba4619441f78a38e7108bcc3800,SUCCESS,21088d73d49c252a4d8534e31da8af7a33beb8023851273e3cfa2388b6862b30,16.039108514785767,4ef07c7beb0530da0940bc55d687f0b74eb7741c3e8d259b77a564153ba1aa69,eeffb16012291cecd2b2170c0c1f8ef793a1e8f01c1c6516ff63639821ffd5aa,bf017c4779a96e6faf4376dafbb56607c0f99b83fdd43ee8da473d88c887034a
3b40d4c2e2c5c78d66a1,https://github.com/golom-protocol/contracts.git,4e84d5c2115d163ca54a1729da46164e8cf4df6d,isu-8e28a9dae87c4960,2022-07-golom#h-07,A2,dataset=isu__subject=3b40d4c2e2c5c78d66a1__revision=4e84d5c2115d163ca54a1729da46164e8cf4df6d__config=A2__seed=0__rep=1__attempt=6a8b39457ae74932bdb6e9171dd5765e,SUCCESS,e15171cac75e9de0f13350ee820626a1de1a019c9d7122e53981c35b43fbbe8b,17.39019513130188,4ef07c7beb0530da0940bc55d687f0b74eb7741c3e8d259b77a564153ba1aa69,eeffb16012291cecd2b2170c0c1f8ef793a1e8f01c1c6516ff63639821ffd5aa,bf017c4779a96e6faf4376dafbb56607c0f99b83fdd43ee8da473d88c887034a
3b40d4c2e2c5c78d66a1,https://github.com/golom-protocol/contracts.git,4e84d5c2115d163ca54a1729da46164e8cf4df6d,isu-8e28a9dae87c4960,2022-07-golom#h-07,A4,dataset=isu__subject=3b40d4c2e2c5c78d66a1__revision=4e84d5c2115d163ca54a1729da46164e8cf4df6d__config=A4__seed=0__rep=1__attempt=bf841c9abed04ab3a0b3d2bb1f56b212,SUCCESS,c96491f2dcfea114b643dddda8200e91cae0ee17c9e1af8cffd5770e738c6bbd,20.252309322357178,4ef07c7beb0530da0940bc55d687f0b74eb7741c3e8d259b77a564153ba1aa69,eeffb16012291cecd2b2170c0c1f8ef793a1e8f01c1c6516ff63639821ffd5aa,bf017c4779a96e6faf4376dafbb56607c0f99b83fdd43ee8da473d88c887034a
3b40d4c2e2c5c78d66a1,https://github.com/golom-protocol/contracts.git,4e84d5c2115d163ca54a1729da46164e8cf4df6d,isu-8e28a9dae87c4960,2022-07-golom#h-07,A5,dataset=isu__subject=3b40d4c2e2c5c78d66a1__revision=4e84d5c2115d163ca54a1729da46164e8cf4df6d__config=A5__seed=0__rep=1__attempt=7a9f2008fdc34c8b9f625d7563429f0a,SUCCESS,5fe64633dca651498db76b23e51cf64a68a9b31a6c9ac6609518010ccf6adc9e,18.89895534515381,4ef07c7beb0530da0940bc55d687f0b74eb7741c3e8d259b77a564153ba1aa69,eeffb16012291cecd2b2170c0c1f8ef793a1e8f01c1c6516ff63639821ffd5aa,bf017c4779a96e6faf4376dafbb56607c0f99b83fdd43ee8da473d88c887034a
45244eb6ad77ecbb8d10,https://github.com/code-423n4/2023-05-maia.git,53b6231f0da68f91cf673ecb34867782e2f633e7,isu-99d4c25ac922028c,2023-05-maia#h-28,B0,dataset=isu__subject=45244eb6ad77ecbb8d10__revision=53b6231f0da68f91cf673ecb34867782e2f633e7__config=B0__seed=0__rep=1__attempt=1cffc95ecfba45838426403f429afd5a,SUCCESS,f451a16357a71b2ae729a30705213d3d21d8cca8754f0ce2142a33a1fbe566fc,217.11983370780945,4ef07c7beb0530da0940bc55d687f0b74eb7741c3e8d259b77a564153ba1aa69,eeffb16012291cecd2b2170c0c1f8ef793a1e8f01c1c6516ff63639821ffd5aa,bf017c4779a96e6faf4376dafbb56607c0f99b83fdd43ee8da473d88c887034a
45244eb6ad77ecbb8d10,https://github.com/code-423n4/2023-05-maia.git,53b6231f0da68f91cf673ecb34867782e2f633e7,isu-99d4c25ac922028c,2023-05-maia#h-28,A1,dataset=isu__subject=45244eb6ad77ecbb8d10__revision=53b6231f0da68f91cf673ecb34867782e2f633e7__config=A1__seed=0__rep=1__attempt=f5a55863166f4973859bb416dd517fc0,SUCCESS,c986d21a5c9159d14e6cc7dc328b2aab65b0dafb68dfb81641ac69be10aa0eb8,214.47555828094482,4ef07c7beb0530da0940bc55d687f0b74eb7741c3e8d259b77a564153ba1aa69,eeffb16012291cecd2b2170c0c1f8ef793a1e8f01c1c6516ff63639821ffd5aa,bf017c4779a96e6faf4376dafbb56607c0f99b83fdd43ee8da473d88c887034a
45244eb6ad77ecbb8d10,https://github.com/code-423n4/2023-05-maia.git,53b6231f0da68f91cf673ecb34867782e2f633e7,isu-99d4c25ac922028c,2023-05-maia#h-28,A2,dataset=isu__subject=45244eb6ad77ecbb8d10__revision=53b6231f0da68f91cf673ecb34867782e2f633e7__config=A2__seed=0__rep=1__attempt=22faab1275f7453c9d3d1465442a8b75,SUCCESS,84605d6c0a924d1f538cf4f9359edf8ebd93a1622af8f1a1f8d8d1fd9f933bcc,215.48186016082764,4ef07c7beb0530da0940bc55d687f0b74eb7741c3e8d259b77a564153ba1aa69,eeffb16012291cecd2b2170c0c1f8ef793a1e8f01c1c6516ff63639821ffd5aa,bf017c4779a96e6faf4376dafbb56607c0f99b83fdd43ee8da473d88c887034a
45244eb6ad77ecbb8d10,https://github.com/code-423n4/2023-05-maia.git,53b6231f0da68f91cf673ecb34867782e2f633e7,isu-99d4c25ac922028c,2023-05-maia#h-28,A4,dataset=isu__subject=45244eb6ad77ecbb8d10__revision=53b6231f0da68f91cf673ecb34867782e2f633e7__config=A4__seed=0__rep=1__attempt=4afbc8e717664938a3627c0e892a9ea9,SUCCESS,8032046b2eaa3d4c1afb8ec79940b6e6b40425b236c57ed3c20b358bccd84eb7,215.78033304214478,4ef07c7beb0530da0940bc55d687f0b74eb7741c3e8d259b77a564153ba1aa69,eeffb16012291cecd2b2170c0c1f8ef793a1e8f01c1c6516ff63639821ffd5aa,bf017c4779a96e6faf4376dafbb56607c0f99b83fdd43ee8da473d88c887034a
45244eb6ad77ecbb8d10,https://github.com/code-423n4/2023-05-maia.git,53b6231f0da68f91cf673ecb34867782e2f633e7,isu-99d4c25ac922028c,2023-05-maia#h-28,A5,dataset=isu__subject=45244eb6ad77ecbb8d10__revision=53b6231f0da68f91cf673ecb34867782e2f633e7__config=A5__seed=0__rep=1__attempt=12d69db32ed3437c9a71ba140c120b17,SUCCESS,badb40a91e63760eeb736d9c4f3c10c20fb08f4ece3532630925ca51425aaa81,216.78407883644104,4ef07c7beb0530da0940bc55d687f0b74eb7741c3e8d259b77a564153ba1aa69,eeffb16012291cecd2b2170c0c1f8ef793a1e8f01c1c6516ff63639821ffd5aa,bf017c4779a96e6faf4376dafbb56607c0f99b83fdd43ee8da473d88c887034a
57417c735ac666efab33,https://github.com/code-423n4/2024-07-munchables.git,94cf468aaabf526b7a8319f7eba34014ccebe7b9,isu-675c757b9950fa5e;isu-f1fe35637a0d3f8e,2024-07-munchables#h-01;2024-07-munchables#h-05,B0,dataset=isu__subject=57417c735ac666efab33__revision=94cf468aaabf526b7a8319f7eba34014ccebe7b9__config=B0__seed=0__rep=1__attempt=8cfe4cfc411c4220b89c4042f8dd7bce,SUCCESS,0af394e49362c582a56f7055b1e0af6faf05ca6128cf5ca7e41b07040456e6ed,73.70952892303467,4ef07c7beb0530da0940bc55d687f0b74eb7741c3e8d259b77a564153ba1aa69,eeffb16012291cecd2b2170c0c1f8ef793a1e8f01c1c6516ff63639821ffd5aa,bf017c4779a96e6faf4376dafbb56607c0f99b83fdd43ee8da473d88c887034a
57417c735ac666efab33,https://github.com/code-423n4/2024-07-munchables.git,94cf468aaabf526b7a8319f7eba34014ccebe7b9,isu-675c757b9950fa5e;isu-f1fe35637a0d3f8e,2024-07-munchables#h-01;2024-07-munchables#h-05,A1,dataset=isu__subject=57417c735ac666efab33__revision=94cf468aaabf526b7a8319f7eba34014ccebe7b9__config=A1__seed=0__rep=1__attempt=498e088247a0488b812c441b833c3571,SUCCESS,448fe659bfa29a8c8a748f9e5a8822194f35dea6a68e1a668ff35c83debaac11,73.05765509605408,4ef07c7beb0530da0940bc55d687f0b74eb7741c3e8d259b77a564153ba1aa69,eeffb16012291cecd2b2170c0c1f8ef793a1e8f01c1c6516ff63639821ffd5aa,bf017c4779a96e6faf4376dafbb56607c0f99b83fdd43ee8da473d88c887034a
57417c735ac666efab33,https://github.com/code-423n4/2024-07-munchables.git,94cf468aaabf526b7a8319f7eba34014ccebe7b9,isu-675c757b9950fa5e;isu-f1fe35637a0d3f8e,2024-07-munchables#h-01;2024-07-munchables#h-05,A2,dataset=isu__subject=57417c735ac666efab33__revision=94cf468aaabf526b7a8319f7eba34014ccebe7b9__config=A2__seed=0__rep=1__attempt=a7bc092efbbc4ce1a9462e13cb145ead,SUCCESS,5177c177e8f0b2a1e91314e875730fe7b983dbfdad8b2cc75e7039d226097e5e,73.56547784805298,4ef07c7beb0530da0940bc55d687f0b74eb7741c3e8d259b77a564153ba1aa69,eeffb16012291cecd2b2170c0c1f8ef793a1e8f01c1c6516ff63639821ffd5aa,bf017c4779a96e6faf4376dafbb56607c0f99b83fdd43ee8da473d88c887034a
57417c735ac666efab33,https://github.com/code-423n4/2024-07-munchables.git,94cf468aaabf526b7a8319f7eba34014ccebe7b9,isu-675c757b9950fa5e;isu-f1fe35637a0d3f8e,2024-07-munchables#h-01;2024-07-munchables#h-05,A4,dataset=isu__subject=57417c735ac666efab33__revision=94cf468aaabf526b7a8319f7eba34014ccebe7b9__config=A4__seed=0__rep=1__attempt=12ececf0a2834a458eb835f5fe664ab1,SUCCESS,4a4691d006db4704d95fca14a0e5b411c284c584e614be1804e3c4b84625894f,74.22341299057007,4ef07c7beb0530da0940bc55d687f0b74eb7741c3e8d259b77a564153ba1aa69,eeffb16012291cecd2b2170c0c1f8ef793a1e8f01c1c6516ff63639821ffd5aa,bf017c4779a96e6faf4376dafbb56607c0f99b83fdd43ee8da473d88c887034a
57417c735ac666efab33,https://github.com/code-423n4/2024-07-munchables.git,94cf468aaabf526b7a8319f7eba34014ccebe7b9,isu-675c757b9950fa5e;isu-f1fe35637a0d3f8e,2024-07-munchables#h-01;2024-07-munchables#h-05,A5,dataset=isu__subject=57417c735ac666efab33__revision=94cf468aaabf526b7a8319f7eba34014ccebe7b9__config=A5__seed=0__rep=1__attempt=8d9ea0d823e94d699e857c023c28d575,SUCCESS,eed611f147ebf1f7a11e9df37c8fc98f536040068990a0db624b3e56b44d98e9,73.67201972007751,4ef07c7beb0530da0940bc55d687f0b74eb7741c3e8d259b77a564153ba1aa69,eeffb16012291cecd2b2170c0c1f8ef793a1e8f01c1c6516ff63639821ffd5aa,bf017c4779a96e6faf4376dafbb56607c0f99b83fdd43ee8da473d88c887034a
7243363cfd2599257952,https://github.com/code-423n4/2023-07-axelar.git,1b2d810f90dfe6a964b92e30d3196b64ba569f6a,isu-587a2cf2917ee620,2023-07-axelar#h-01,B0,dataset=isu__subject=7243363cfd2599257952__revision=1b2d810f90dfe6a964b92e30d3196b64ba569f6a__config=B0__seed=0__rep=1__attempt=e55b525df3aa4326a7528de1e6cebe48,SUCCESS,35a68e0cbbc1344acd405b0de919027ea8e5634092c88c63ad67cfdb3e9b6aa4,16.545398712158203,4ef07c7beb0530da0940bc55d687f0b74eb7741c3e8d259b77a564153ba1aa69,eeffb16012291cecd2b2170c0c1f8ef793a1e8f01c1c6516ff63639821ffd5aa,bf017c4779a96e6faf4376dafbb56607c0f99b83fdd43ee8da473d88c887034a
7243363cfd2599257952,https://github.com/code-423n4/2023-07-axelar.git,1b2d810f90dfe6a964b92e30d3196b64ba569f6a,isu-587a2cf2917ee620,2023-07-axelar#h-01,A1,dataset=isu__subject=7243363cfd2599257952__revision=1b2d810f90dfe6a964b92e30d3196b64ba569f6a__config=A1__seed=0__rep=1__attempt=ba67955416944f0880222801341c55e7,SUCCESS,60f915eedde8a4d93163c5b50d871e735c75dce6cda75e5016469132bb6fb216,16.390453100204468,4ef07c7beb0530da0940bc55d687f0b74eb7741c3e8d259b77a564153ba1aa69,eeffb16012291cecd2b2170c0c1f8ef793a1e8f01c1c6516ff63639821ffd5aa,bf017c4779a96e6faf4376dafbb56607c0f99b83fdd43ee8da473d88c887034a
7243363cfd2599257952,https://github.com/code-423n4/2023-07-axelar.git,1b2d810f90dfe6a964b92e30d3196b64ba569f6a,isu-587a2cf2917ee620,2023-07-axelar#h-01,A2,dataset=isu__subject=7243363cfd2599257952__revision=1b2d810f90dfe6a964b92e30d3196b64ba569f6a__config=A2__seed=0__rep=1__attempt=3947fd97bdba4a4582c6511942ca7ff7,SUCCESS,649af2039faf4c92ed481cc558d618a918bcf26010c4b66c5dc0522bcaa28f22,16.64428687095642,4ef07c7beb0530da0940bc55d687f0b74eb7741c3e8d259b77a564153ba1aa69,eeffb16012291cecd2b2170c0c1f8ef793a1e8f01c1c6516ff63639821ffd5aa,bf017c4779a96e6faf4376dafbb56607c0f99b83fdd43ee8da473d88c887034a
7243363cfd2599257952,https://github.com/code-423n4/2023-07-axelar.git,1b2d810f90dfe6a964b92e30d3196b64ba569f6a,isu-587a2cf2917ee620,2023-07-axelar#h-01,A4,dataset=isu__subject=7243363cfd2599257952__revision=1b2d810f90dfe6a964b92e30d3196b64ba569f6a__config=A4__seed=0__rep=1__attempt=e02f3c4512f84fdba409d98558b24fcc,SUCCESS,78fec777d10953223e38ae0978ee5c7b9b417483afa1a76fbff29c1b8eb3c234,16.54088258743286,4ef07c7beb0530da0940bc55d687f0b74eb7741c3e8d259b77a564153ba1aa69,eeffb16012291cecd2b2170c0c1f8ef793a1e8f01c1c6516ff63639821ffd5aa,bf017c4779a96e6faf4376dafbb56607c0f99b83fdd43ee8da473d88c887034a
7243363cfd2599257952,https://github.com/code-423n4/2023-07-axelar.git,1b2d810f90dfe6a964b92e30d3196b64ba569f6a,isu-587a2cf2917ee620,2023-07-axelar#h-01,A5,dataset=isu__subject=7243363cfd2599257952__revision=1b2d810f90dfe6a964b92e30d3196b64ba569f6a__config=A5__seed=0__rep=1__attempt=a8be9645f6c84780a91f8535561d7394,SUCCESS,6b1bea59f9f496bf1dc2a90c1d2ef5d02dcfcf57035def80a4ab39026001185b,16.641939401626587,4ef07c7beb0530da0940bc55d687f0b74eb7741c3e8d259b77a564153ba1aa69,eeffb16012291cecd2b2170c0c1f8ef793a1e8f01c1c6516ff63639821ffd5aa,bf017c4779a96e6faf4376dafbb56607c0f99b83fdd43ee8da473d88c887034a
8d760c6fa69de52797f1,https://github.com/code-423n4/2021-07-wildcredit.git,82c48d73fd27a9d4d5d4a395b3affcef4ef6c5c8,isu-883447fef1177d83,2021-07-wildcredit#h-02,B0,dataset=isu__subject=8d760c6fa69de52797f1__revision=82c48d73fd27a9d4d5d4a395b3affcef4ef6c5c8__config=B0__seed=0__rep=1__attempt=8306c2c4151c4c12ba3ce1d512773394,SUCCESS,cb4441953caa47832a7acb7a5e7376c1ae0b705d460b6472e7b840f213f3662f,11.86989450454712,4ef07c7beb0530da0940bc55d687f0b74eb7741c3e8d259b77a564153ba1aa69,eeffb16012291cecd2b2170c0c1f8ef793a1e8f01c1c6516ff63639821ffd5aa,bf017c4779a96e6faf4376dafbb56607c0f99b83fdd43ee8da473d88c887034a
8d760c6fa69de52797f1,https://github.com/code-423n4/2021-07-wildcredit.git,82c48d73fd27a9d4d5d4a395b3affcef4ef6c5c8,isu-883447fef1177d83,2021-07-wildcredit#h-02,A1,dataset=isu__subject=8d760c6fa69de52797f1__revision=82c48d73fd27a9d4d5d4a395b3affcef4ef6c5c8__config=A1__seed=0__rep=1__attempt=73f0825e26c94d888eba272a3b00101d,SUCCESS,566d63ae3adc3e7819ee0ffffd080f9824bf8ab7199438c0cf3746d970cac1ce,4.9029152393341064,4ef07c7beb0530da0940bc55d687f0b74eb7741c3e8d259b77a564153ba1aa69,eeffb16012291cecd2b2170c0c1f8ef793a1e8f01c1c6516ff63639821ffd5aa,bf017c4779a96e6faf4376dafbb56607c0f99b83fdd43ee8da473d88c887034a
8d760c6fa69de52797f1,https://github.com/code-423n4/2021-07-wildcredit.git,82c48d73fd27a9d4d5d4a395b3affcef4ef6c5c8,isu-883447fef1177d83,2021-07-wildcredit#h-02,A2,dataset=isu__subject=8d760c6fa69de52797f1__revision=82c48d73fd27a9d4d5d4a395b3affcef4ef6c5c8__config=A2__seed=0__rep=1__attempt=b5fb26cb18fe4098aa629bf5d9f5bf72,SUCCESS,ac7c8c9827479219285ae058c63c41fe92b575e913506f51ce8f2fe01ad0ffdf,10.91947865486145,4ef07c7beb0530da0940bc55d687f0b74eb7741c3e8d259b77a564153ba1aa69,eeffb16012291cecd2b2170c0c1f8ef793a1e8f01c1c6516ff63639821ffd5aa,bf017c4779a96e6faf4376dafbb56607c0f99b83fdd43ee8da473d88c887034a
8d760c6fa69de52797f1,https://github.com/code-423n4/2021-07-wildcredit.git,82c48d73fd27a9d4d5d4a395b3affcef4ef6c5c8,isu-883447fef1177d83,2021-07-wildcredit#h-02,A4,dataset=isu__subject=8d760c6fa69de52797f1__revision=82c48d73fd27a9d4d5d4a395b3affcef4ef6c5c8__config=A4__seed=0__rep=1__attempt=1ce7c1ea70214330bc8d28b943b8673f,SUCCESS,44ab200c01ea5af17e33ee1438ecfbff79ffac42952e57f936d667e2d9eb770a,8.914277076721191,4ef07c7beb0530da0940bc55d687f0b74eb7741c3e8d259b77a564153ba1aa69,eeffb16012291cecd2b2170c0c1f8ef793a1e8f01c1c6516ff63639821ffd5aa,bf017c4779a96e6faf4376dafbb56607c0f99b83fdd43ee8da473d88c887034a
8d760c6fa69de52797f1,https://github.com/code-423n4/2021-07-wildcredit.git,82c48d73fd27a9d4d5d4a395b3affcef4ef6c5c8,isu-883447fef1177d83,2021-07-wildcredit#h-02,A5,dataset=isu__subject=8d760c6fa69de52797f1__revision=82c48d73fd27a9d4d5d4a395b3affcef4ef6c5c8__config=A5__seed=0__rep=1__attempt=1c0d9baa50a543eca87eeca102363bbd,SUCCESS,3821c681e66638f3649a4cbb4d7dd9c88ac0ecb45c10c9e9b5f8e2f48d7906c3,5.253875970840454,4ef07c7beb0530da0940bc55d687f0b74eb7741c3e8d259b77a564153ba1aa69,eeffb16012291cecd2b2170c0c1f8ef793a1e8f01c1c6516ff63639821ffd5aa,bf017c4779a96e6faf4376dafbb56607c0f99b83fdd43ee8da473d88c887034a
b6da317163e7b77bd40c,https://github.com/code-423n4/2022-07-golom.git,8f198624b97addbbe9602a451c908ea51bd3357c,isu-d40734add7641db5,2022-07-golom#h-04,B0,dataset=isu__subject=b6da317163e7b77bd40c__revision=8f198624b97addbbe9602a451c908ea51bd3357c__config=B0__seed=0__rep=1__attempt=166f1b61e3964d0a8c17b6bbbab979ca,SUCCESS,8b26d4daa92c4287578a2636a8ca82605b4e01e9f924aa34ba6669dcdf7f0de2,19.95152258872986,4ef07c7beb0530da0940bc55d687f0b74eb7741c3e8d259b77a564153ba1aa69,eeffb16012291cecd2b2170c0c1f8ef793a1e8f01c1c6516ff63639821ffd5aa,bf017c4779a96e6faf4376dafbb56607c0f99b83fdd43ee8da473d88c887034a
b6da317163e7b77bd40c,https://github.com/code-423n4/2022-07-golom.git,8f198624b97addbbe9602a451c908ea51bd3357c,isu-d40734add7641db5,2022-07-golom#h-04,A1,dataset=isu__subject=b6da317163e7b77bd40c__revision=8f198624b97addbbe9602a451c908ea51bd3357c__config=A1__seed=0__rep=1__attempt=cb4d701934bc4551ab1fbd945f54cc56,SUCCESS,21088d73d49c252a4d8534e31da8af7a33beb8023851273e3cfa2388b6862b30,16.142791271209717,4ef07c7beb0530da0940bc55d687f0b74eb7741c3e8d259b77a564153ba1aa69,eeffb16012291cecd2b2170c0c1f8ef793a1e8f01c1c6516ff63639821ffd5aa,bf017c4779a96e6faf4376dafbb56607c0f99b83fdd43ee8da473d88c887034a
b6da317163e7b77bd40c,https://github.com/code-423n4/2022-07-golom.git,8f198624b97addbbe9602a451c908ea51bd3357c,isu-d40734add7641db5,2022-07-golom#h-04,A2,dataset=isu__subject=b6da317163e7b77bd40c__revision=8f198624b97addbbe9602a451c908ea51bd3357c__config=A2__seed=0__rep=1__attempt=45e06a09346349a0ade6036f59be6e32,SUCCESS,e15171cac75e9de0f13350ee820626a1de1a019c9d7122e53981c35b43fbbe8b,19.49778127670288,4ef07c7beb0530da0940bc55d687f0b74eb7741c3e8d259b77a564153ba1aa69,eeffb16012291cecd2b2170c0c1f8ef793a1e8f01c1c6516ff63639821ffd5aa,bf017c4779a96e6faf4376dafbb56607c0f99b83fdd43ee8da473d88c887034a
b6da317163e7b77bd40c,https://github.com/code-423n4/2022-07-golom.git,8f198624b97addbbe9602a451c908ea51bd3357c,isu-d40734add7641db5,2022-07-golom#h-04,A4,dataset=isu__subject=b6da317163e7b77bd40c__revision=8f198624b97addbbe9602a451c908ea51bd3357c__config=A4__seed=0__rep=1__attempt=07c24296863044a68f72928275408aae,SUCCESS,c96491f2dcfea114b643dddda8200e91cae0ee17c9e1af8cffd5770e738c6bbd,20.404370069503784,4ef07c7beb0530da0940bc55d687f0b74eb7741c3e8d259b77a564153ba1aa69,eeffb16012291cecd2b2170c0c1f8ef793a1e8f01c1c6516ff63639821ffd5aa,bf017c4779a96e6faf4376dafbb56607c0f99b83fdd43ee8da473d88c887034a
b6da317163e7b77bd40c,https://github.com/code-423n4/2022-07-golom.git,8f198624b97addbbe9602a451c908ea51bd3357c,isu-d40734add7641db5,2022-07-golom#h-04,A5,dataset=isu__subject=b6da317163e7b77bd40c__revision=8f198624b97addbbe9602a451c908ea51bd3357c__config=A5__seed=0__rep=1__attempt=8ec5975593aa4bc4a3e45d21d5f60865,SUCCESS,5fe64633dca651498db76b23e51cf64a68a9b31a6c9ac6609518010ccf6adc9e,18.949910163879395,4ef07c7beb0530da0940bc55d687f0b74eb7741c3e8d259b77a564153ba1aa69,eeffb16012291cecd2b2170c0c1f8ef793a1e8f01c1c6516ff63639821ffd5aa,bf017c4779a96e6faf4376dafbb56607c0f99b83fdd43ee8da473d88c887034a
bee019e8a0d6149543c5,https://github.com/code-423n4/2022-07-golom.git,7753ce19bc05cb84162c3c9f50dc3c89f479e5be,isu-e419c46c714b5de0,2022-07-golom#h-10,B0,dataset=isu__subject=bee019e8a0d6149543c5__revision=7753ce19bc05cb84162c3c9f50dc3c89f479e5be__config=B0__seed=0__rep=1__attempt=a900269346cc4bb3b0ee8c035d876741,SUCCESS,8b26d4daa92c4287578a2636a8ca82605b4e01e9f924aa34ba6669dcdf7f0de2,19.904760360717773,4ef07c7beb0530da0940bc55d687f0b74eb7741c3e8d259b77a564153ba1aa69,eeffb16012291cecd2b2170c0c1f8ef793a1e8f01c1c6516ff63639821ffd5aa,bf017c4779a96e6faf4376dafbb56607c0f99b83fdd43ee8da473d88c887034a
bee019e8a0d6149543c5,https://github.com/code-423n4/2022-07-golom.git,7753ce19bc05cb84162c3c9f50dc3c89f479e5be,isu-e419c46c714b5de0,2022-07-golom#h-10,A1,dataset=isu__subject=bee019e8a0d6149543c5__revision=7753ce19bc05cb84162c3c9f50dc3c89f479e5be__config=A1__seed=0__rep=1__attempt=67e1ffdb225b43cc8034fb2a83167f1a,SUCCESS,21088d73d49c252a4d8534e31da8af7a33beb8023851273e3cfa2388b6862b30,16.189496755599976,4ef07c7beb0530da0940bc55d687f0b74eb7741c3e8d259b77a564153ba1aa69,eeffb16012291cecd2b2170c0c1f8ef793a1e8f01c1c6516ff63639821ffd5aa,bf017c4779a96e6faf4376dafbb56607c0f99b83fdd43ee8da473d88c887034a
bee019e8a0d6149543c5,https://github.com/code-423n4/2022-07-golom.git,7753ce19bc05cb84162c3c9f50dc3c89f479e5be,isu-e419c46c714b5de0,2022-07-golom#h-10,A2,dataset=isu__subject=bee019e8a0d6149543c5__revision=7753ce19bc05cb84162c3c9f50dc3c89f479e5be__config=A2__seed=0__rep=1__attempt=89fb512973f14ac0b3645b25f1e0f988,SUCCESS,e15171cac75e9de0f13350ee820626a1de1a019c9d7122e53981c35b43fbbe8b,19.347045183181763,4ef07c7beb0530da0940bc55d687f0b74eb7741c3e8d259b77a564153ba1aa69,eeffb16012291cecd2b2170c0c1f8ef793a1e8f01c1c6516ff63639821ffd5aa,bf017c4779a96e6faf4376dafbb56607c0f99b83fdd43ee8da473d88c887034a
bee019e8a0d6149543c5,https://github.com/code-423n4/2022-07-golom.git,7753ce19bc05cb84162c3c9f50dc3c89f479e5be,isu-e419c46c714b5de0,2022-07-golom#h-10,A4,dataset=isu__subject=bee019e8a0d6149543c5__revision=7753ce19bc05cb84162c3c9f50dc3c89f479e5be__config=A4__seed=0__rep=1__attempt=7f09d94bcb4d4317bb4a01875f874956,SUCCESS,c96491f2dcfea114b643dddda8200e91cae0ee17c9e1af8cffd5770e738c6bbd,20.30285334587097,4ef07c7beb0530da0940bc55d687f0b74eb7741c3e8d259b77a564153ba1aa69,eeffb16012291cecd2b2170c0c1f8ef793a1e8f01c1c6516ff63639821ffd5aa,bf017c4779a96e6faf4376dafbb56607c0f99b83fdd43ee8da473d88c887034a
bee019e8a0d6149543c5,https://github.com/code-423n4/2022-07-golom.git,7753ce19bc05cb84162c3c9f50dc3c89f479e5be,isu-e419c46c714b5de0,2022-07-golom#h-10,A5,dataset=isu__subject=bee019e8a0d6149543c5__revision=7753ce19bc05cb84162c3c9f50dc3c89f479e5be__config=A5__seed=0__rep=1__attempt=a7cc94df132749fcb229d06924824695,SUCCESS,5fe64633dca651498db76b23e51cf64a68a9b31a6c9ac6609518010ccf6adc9e,18.89606285095215,4ef07c7beb0530da0940bc55d687f0b74eb7741c3e8d259b77a564153ba1aa69,eeffb16012291cecd2b2170c0c1f8ef793a1e8f01c1c6516ff63639821ffd5aa,bf017c4779a96e6faf4376dafbb56607c0f99b83fdd43ee8da473d88c887034a
fed6883739d838ef60fe,https://github.com/code-423n4/2024-02-ai-arena.git,b05b54a9eb5b0964bde9825f75305caa2d943155,isu-6a4103498e96a7d2,2024-02-ai-arena#h-07,B0,dataset=isu__subject=fed6883739d838ef60fe__revision=b05b54a9eb5b0964bde9825f75305caa2d943155__config=B0__seed=0__rep=1__attempt=5816e91d59f942dcbdffc19be3730ff9,SUCCESS,dac9606d35a842dfb9dfd21cc2516cbbf0415c5fa076bc5f30aaf2dec8e7448b,11.221496105194092,4ef07c7beb0530da0940bc55d687f0b74eb7741c3e8d259b77a564153ba1aa69,eeffb16012291cecd2b2170c0c1f8ef793a1e8f01c1c6516ff63639821ffd5aa,bf017c4779a96e6faf4376dafbb56607c0f99b83fdd43ee8da473d88c887034a
fed6883739d838ef60fe,https://github.com/code-423n4/2024-02-ai-arena.git,b05b54a9eb5b0964bde9825f75305caa2d943155,isu-6a4103498e96a7d2,2024-02-ai-arena#h-07,A1,dataset=isu__subject=fed6883739d838ef60fe__revision=b05b54a9eb5b0964bde9825f75305caa2d943155__config=A1__seed=0__rep=1__attempt=1656cbdb9c7f4f72991720819f65d5bf,SUCCESS,8bcb8d183603f7620636fae0176a1008f6bc16747a33dd3a6568827618f53b65,9.016916513442993,4ef07c7beb0530da0940bc55d687f0b74eb7741c3e8d259b77a564153ba1aa69,eeffb16012291cecd2b2170c0c1f8ef793a1e8f01c1c6516ff63639821ffd5aa,bf017c4779a96e6faf4376dafbb56607c0f99b83fdd43ee8da473d88c887034a
fed6883739d838ef60fe,https://github.com/code-423n4/2024-02-ai-arena.git,b05b54a9eb5b0964bde9825f75305caa2d943155,isu-6a4103498e96a7d2,2024-02-ai-arena#h-07,A2,dataset=isu__subject=fed6883739d838ef60fe__revision=b05b54a9eb5b0964bde9825f75305caa2d943155__config=A2__seed=0__rep=1__attempt=8d321d303cd443a087436453c76caa23,SUCCESS,f95e44f51996b4f319a2b92e8050cc5d9d14a1bff747bf18256f1e11fbb44d50,10.622885465621948,4ef07c7beb0530da0940bc55d687f0b74eb7741c3e8d259b77a564153ba1aa69,eeffb16012291cecd2b2170c0c1f8ef793a1e8f01c1c6516ff63639821ffd5aa,bf017c4779a96e6faf4376dafbb56607c0f99b83fdd43ee8da473d88c887034a
fed6883739d838ef60fe,https://github.com/code-423n4/2024-02-ai-arena.git,b05b54a9eb5b0964bde9825f75305caa2d943155,isu-6a4103498e96a7d2,2024-02-ai-arena#h-07,A4,dataset=isu__subject=fed6883739d838ef60fe__revision=b05b54a9eb5b0964bde9825f75305caa2d943155__config=A4__seed=0__rep=1__attempt=8d74c8872c494352a798b2513989682e,SUCCESS,6ca36cbc8370e358c5554738164e463455de6602fff42b66b134fb499f7c29cd,12.323475360870361,4ef07c7beb0530da0940bc55d687f0b74eb7741c3e8d259b77a564153ba1aa69,eeffb16012291cecd2b2170c0c1f8ef793a1e8f01c1c6516ff63639821ffd5aa,bf017c4779a96e6faf4376dafbb56607c0f99b83fdd43ee8da473d88c887034a
fed6883739d838ef60fe,https://github.com/code-423n4/2024-02-ai-arena.git,b05b54a9eb5b0964bde9825f75305caa2d943155,isu-6a4103498e96a7d2,2024-02-ai-arena#h-07,A5,dataset=isu__subject=fed6883739d838ef60fe__revision=b05b54a9eb5b0964bde9825f75305caa2d943155__config=A5__seed=0__rep=1__attempt=c83a55806ca54e09b0c765bb20663ea6,SUCCESS,7a44d44f6ce9d9871b1d6b009782398e979de8b47b0a8f9b998ea231d81cd86f,9.769773006439209,4ef07c7beb0530da0940bc55d687f0b74eb7741c3e8d259b77a564153ba1aa69,eeffb16012291cecd2b2170c0c1f8ef793a1e8f01c1c6516ff63639821ffd5aa,bf017c4779a96e6faf4376dafbb56607c0f99b83fdd43ee8da473d88c887034a
