source_id,repository,requested_revision,checkout_revision,project_root,command,command_evidence,solidity_file_count,node_profile,node_selection_evidence,selection_evidence
05442cbaf1d69b91d5a4,https://github.com/code-423n4/2024-08-phi.git,8c0985f7a10b231f916a51af5d506dd6b0c54120,8c0985f7a10b231f916a51af5d506dd6b0c54120,.,npm run build,checked-in package.json script build=forge build,806,node16-npm8,best-effort fallback; no checked-in Node version evidence,repository root
0f62f3405b0b361b18a8,https://github.com/code-423n4/2021-11-streaming.git,56d81204a00fc949d29ddd277169690318b36821,56d81204a00fc949d29ddd277169690318b36821,Streaming,make build,checked-in Makefile target build,46,node16-npm8,best-effort fallback; no checked-in Node version evidence,top-level non-vendored native project root
1218dd25f99c8259083b,https://github.com/code-423n4/2023-04-party.git,440aafacb0f15d037594cebc85fd471729bcb6d9,440aafacb0f15d037594cebc85fd471729bcb6d9,.,npm run build,checked-in package.json script build=forge build --extra-output storageLayout,544,node16-npm8,best-effort fallback; no checked-in Node version evidence,repository root
17ed21b4712c0b20cc36,https://github.com/code-423n4/2023-01-astaria.git,1bfc58b42109b839528ab1c21dc9803d663df898,1bfc58b42109b839528ab1c21dc9803d663df898,.,forge build,checked-in foundry.toml,60,node16-yarn1,package.json engines.node=^16.0.0; nearest archived major,repository root
190ff08406165ccf2990,https://github.com/rabbitholegg/quest-protocol.git,8c4c1f71221570b14a0479c216583342bd652d8d,8c4c1f71221570b14a0479c216583342bd652d8d,.,yarn compile,checked-in package.json script compile=npx hardhat compile,13,node12-yarn1,package.json engines.node=>=10,repository root
2112b446760a0ffed350,https://github.com/code-423n4/2024-08-superposition.git,d913ae0225584b4b42e38518788a7e38cd2f4d53,d913ae0225584b4b42e38518788a7e38cd2f4d53,.,make build,checked-in Makefile target build,53,node16-npm8,best-effort fallback; no checked-in Node version evidence,repository root
259153db5bcad1231d62,https://github.com/code-423n4/2024-07-optimism.git,70556044e5e080930f686c4e5acde420104bb2c4,70556044e5e080930f686c4e5acde420104bb2c4,.,npm run build,checked-in package.json script build=npx nx run-many --target=build,1749,node16-npm8,package.json engines.node=>=16; nearest archived major,repository root
27d99ecc930a40c3f443,https://github.com/code-423n4/2021-12-vader.git,842662a9837929f160c7a1f5a2e4a7c03e715e1b,842662a9837929f160c7a1f5a2e4a7c03e715e1b,.,npm run compile,checked-in package.json script compile=rm -rf ./build && truffle compile,93,node16-npm8,best-effort fallback; no checked-in Node version evidence,repository root
289230e8a49b17b81b97,https://github.com/re-nft/smart-contracts.git,3ddd32455a849c3c6dc3c3aad7a33a6c9b44c291,3ddd32455a849c3c6dc3c3aad7a33a6c9b44c291,.,forge build,checked-in foundry.toml,989,node16-npm8,best-effort fallback; no checked-in Node version evidence,repository root
28f44f959080974f24f7,https://github.com/k06a/Unipool.git,bb1843b454bbb10b3b1ccf48edf5e72a80b2acfe,bb1843b454bbb10b3b1ccf48edf5e72a80b2acfe,.,npx truffle compile,checked-in truffle-config.js,11,node16-yarn1,best-effort fallback; no checked-in Node version evidence,repository root
29a26915e78db1075e4d,https://github.com/code-423n4/2023-07-basin.git,9403cf973e95ef7219622dbbe2a08396af90b64c,9403cf973e95ef7219622dbbe2a08396af90b64c,.,forge build,checked-in foundry.toml,903,node16-yarn1,best-effort fallback; no checked-in Node version evidence,repository root
2b7cbf663fc060f42a75,https://github.com/code-423n4/2022-04-backd.git,c856714a50437cb33240a5964b63687c9876275b,c856714a50437cb33240a5964b63687c9876275b,backd,npx hardhat compile,checked-in hardhat.config.js,158,node16-yarn1,best-effort fallback; no checked-in Node version evidence,top-level non-vendored native project root
33438b4b2584abe90998,https://github.com/code-423n4/2023-12-ethereumcreditguild.git,2376d9af792584e3d15ec9c32578daa33bb56b43,2376d9af792584e3d15ec9c32578daa33bb56b43,.,npm run compile,checked-in package.json script compile=forge build,100,node16-npm8,best-effort fallback; no checked-in Node version evidence,repository root
38004f8839e04e30cd59,https://github.com/code-423n4/2024-04-gondi.git,b9863d73c08fcdd2337dc80a8b5e0917e18b036c,b9863d73c08fcdd2337dc80a8b5e0917e18b036c,.,forge build,checked-in foundry.toml,3481,node16-npm8,best-effort fallback; no checked-in Node version evidence,repository root
39f49ac45cca3e9c8e51,https://github.com/code-423n4/2023-01-ondo.git,b4e1afc2816e35df66e1f53aef57637350b7ff5e,b4e1afc2816e35df66e1f53aef57637350b7ff5e,.,yarn compile,checked-in package.json script compile=hardhat compile,229,node16-yarn1,best-effort fallback; no checked-in Node version evidence,repository root
3b078676f7225dc450dc,https://github.com/code-423n4/2023-03-mute.git,4d8b13add2907b17ac14627cfa04e0c3cc9a2bed,4d8b13add2907b17ac14627cfa04e0c3cc9a2bed,.,npx hardhat compile,checked-in hardhat.config.ts,37,node16-npm8,best-effort fallback; no checked-in Node version evidence,repository root
3b40d4c2e2c5c78d66a1,https://github.com/golom-protocol/contracts.git,4e84d5c2115d163ca54a1729da46164e8cf4df6d,4e84d5c2115d163ca54a1729da46164e8cf4df6d,.,forge build,checked-in foundry.toml,15,node16-yarn1,best-effort fallback; no checked-in Node version evidence,repository root
3dc3386f4227b509becb,https://github.com/sushiswap/trident.git,c405f3402a1ed336244053f8186742d2da5975e9,c405f3402a1ed336244053f8186742d2da5975e9,.,yarn build,checked-in package.json script build=hardhat compile,50,node16-yarn1,.nvmrc=lts/*; nearest archived major,repository root
3e4e01feaa76a5bfa74c,https://github.com/code-423n4/2023-01-timeswap.git,ef4c84fb8535aad8abd6b67cc45d994337ec4514,ef4c84fb8535aad8abd6b67cc45d994337ec4514,.,yarn build,checked-in package.json script build=yarn && yarn workspaces run build,212,node16-yarn1,best-effort fallback; no checked-in Node version evidence,repository root
4397bb458a04d98ebd0d,https://github.com/code-423n4/2023-12-initcapital.git,a53e401529451b208095b3af11862984d0b32177,a53e401529451b208095b3af11862984d0b32177,.,forge build,checked-in foundry.toml,70,node16-npm8,best-effort fallback; no checked-in Node version evidence,repository root
45244eb6ad77ecbb8d10,https://github.com/code-423n4/2023-05-maia.git,53b6231f0da68f91cf673ecb34867782e2f633e7,53b6231f0da68f91cf673ecb34867782e2f633e7,.,forge build,checked-in foundry.toml,886,node16-npm8,best-effort fallback; no checked-in Node version evidence,repository root
46a990361d607172dbdd,https://github.com/code-423n4/2024-03-gitcoin.git,6529b351cd72a858541f60c52f0e5ad0fb6f1b16,6529b351cd72a858541f60c52f0e5ad0fb6f1b16,id-staking-v2,npx hardhat compile,checked-in hardhat.config.ts,5,node16-yarn1,best-effort fallback; no checked-in Node version evidence,top-level non-vendored native project root
46b79dfa038bcaea5803,https://github.com/code-423n4/2021-05-visorfinance.git,e0f15162a017130aa66910d46c70ee074b64dd40,e0f15162a017130aa66910d46c70ee074b64dd40,contracts,npm run compile,checked-in package.json script compile=yarn hardhat compile,24,node16-npm8,best-effort fallback; no checked-in Node version evidence,top-level non-vendored native project root
473151643bd9895c6905,https://github.com/Legion-Team/evm-contracts.git,c020bd1b84faab99d1b8738b48d1e253e4557671,c020bd1b84faab99d1b8738b48d1e253e4557671,.,forge build,checked-in foundry.toml,998,node16-npm8,best-effort fallback; no checked-in Node version evidence,repository root
496a067d0cf9ec7a97f3,https://github.com/code-423n4/2021-05-visorfinance.git,dda9be0bcbf4b2c549608405ccdf9469bc2cbaf1,dda9be0bcbf4b2c549608405ccdf9469bc2cbaf1,contracts,npm run compile,checked-in package.json script compile=yarn hardhat compile,24,node16-npm8,best-effort fallback; no checked-in Node version evidence,top-level non-vendored native project root
4ca8847e64fbb6fb2f6b,https://github.com/code-423n4/2024-01-salty.git,53516c2cdfdfacb662cdea6417c52f23c94d5b5b,53516c2cdfdfacb662cdea6417c52f23c94d5b5b,.,forge build,checked-in foundry.toml,1519,node16-npm8,best-effort fallback; no checked-in Node version evidence,repository root
51822de69e2919a4a935,https://github.com/Tapioca-DAO/tapioca-bar-audit.git,2286f80f928f41c8bc189d0657d74ba83286c668,2286f80f928f41c8bc189d0657d74ba83286c668,.,yarn compile,checked-in package.json script compile=NODE_ENV=compile hardhat compile --quiet && npm run lint:sol,363,node16-yarn1,best-effort fallback; no checked-in Node version evidence,repository root
52a7f0b0d3f1a008a383,https://github.com/code-423n4/2023-08-verwa.git,59add54eab86f23b321e1d31eb2c7fb907eeb052,59add54eab86f23b321e1d31eb2c7fb907eeb052,.,forge build,checked-in foundry.toml,372,node16-npm8,best-effort fallback; no checked-in Node version evidence,repository root
55e1bbda13af0e5d9ef5,https://github.com/code-423n4/2024-07-benddao.git,117ef61967d4b318fc65170061c9577e674fffa1,117ef61967d4b318fc65170061c9577e674fffa1,.,yarn compile,checked-in package.json script compile=npm run compile:forge,182,node16-yarn1,.nvmrc=v16; nearest archived major,repository root
57417c735ac666efab33,https://github.com/code-423n4/2024-07-munchables.git,94cf468aaabf526b7a8319f7eba34014ccebe7b9,94cf468aaabf526b7a8319f7eba34014ccebe7b9,.,npm run build,checked-in package.json script build=pnpm build:solidity && pnpm build:abi,855,node16-npm8,package.json engines.node=>=20.12.2; nearest archived major,repository root
58b3a29bba78928be534,https://github.com/with-backed/papr.git,9528f2711ff0c1522076b9f93fba13f88d5bd5e6,9528f2711ff0c1522076b9f93fba13f88d5bd5e6,.,forge build,checked-in foundry.toml,56,node16-npm8,best-effort fallback; no checked-in Node version evidence,repository root
597ae00db4b637e8d8ab,https://github.com/code-423n4/2023-09-venus.git,b11d9ef9db8237678567e66759003138f2368d23,b11d9ef9db8237678567e66759003138f2368d23,.,yarn compile,checked-in package.json script compile=hardhat compile,158,node16-yarn1,package.json engines.node=>=18.x.x; nearest archived major,repository root
5fcf634788264400193d,https://github.com/code-423n4/2023-05-ajna.git,276942bc2f97488d07b887c8edceaaab7a5c3964,276942bc2f97488d07b887c8edceaaab7a5c3964,ajna-core,forge build,checked-in foundry.toml,520,node16-npm8,best-effort fallback; no checked-in Node version evidence,top-level non-vendored native project root
5fcf634788264400193d,https://github.com/code-423n4/2023-05-ajna.git,276942bc2f97488d07b887c8edceaaab7a5c3964,276942bc2f97488d07b887c8edceaaab7a5c3964,ajna-grants,forge build,checked-in foundry.toml,370,node16-npm8,best-effort fallback; no checked-in Node version evidence,top-level non-vendored native project root
66ca3e8adf0343f843ff,https://github.com/pooltogether/swappable-yield-source.git,bf943b3818b81d5f5cb9d8ecc6f13ffecd33a1ff,bf943b3818b81d5f5cb9d8ecc6f13ffecd33a1ff,.,yarn compile,checked-in package.json script compile=hardhat --show-stack-traces --max-memory 8192 compile,4,node16-yarn1,.nvmrc=v16.3.0; nearest archived major,repository root
6b2be56bd1aa78d5bee3,https://github.com/code-423n4/2024-03-abracadabra-money.git,1f4693fdbf33e9ad28132643e2d6f7635834c6c6,1f4693fdbf33e9ad28132643e2d6f7635834c6c6,.,yarn build,checked-in package.json script build=forge build,66,node16-yarn1,package.json engines.node=>=16.0.0; nearest archived major,repository root
7243363cfd2599257952,https://github.com/code-423n4/2023-07-axelar.git,1b2d810f90dfe6a964b92e30d3196b64ba569f6a,1b2d810f90dfe6a964b92e30d3196b64ba569f6a,.,npm run build,checked-in package.json script build=hardhat clean && hardhat compile,173,node16-npm8,package.json engines.node=^16.0.0 || ^18.0.0; nearest archived major,repository root
726f7da124ec405fcefd,https://github.com/code-423n4/2022-10-traderjoe.git,79f25d48b907f9d0379dd803fc2abc9c5f57db93,79f25d48b907f9d0379dd803fc2abc9c5f57db93,.,forge build,checked-in foundry.toml,349,node16-npm8,best-effort fallback; no checked-in Node version evidence,repository root
78b6c9d702fa0e2668f0,https://github.com/code-423n4/2021-11-unlock.git,ec41eada1dd116bcccc5603ce342257584bec783,ec41eada1dd116bcccc5603ce342257584bec783,smart-contracts,yarn build,checked-in package.json script build=hardhat compile,37,node16-yarn1,best-effort fallback; no checked-in Node version evidence,top-level non-vendored native project root
7a5dfeb01151cf8f72e6,https://github.com/code-423n4/2022-07-ens.git,ff6e59b9415d0ead7daf31c2ed06e86d9061ae22,ff6e59b9415d0ead7daf31c2ed06e86d9061ae22,.,yarn build,checked-in package.json script build=rm -rf ./build/deploy ./build/hardhat.config.js && hardhat compile && tsc,91,node16-yarn1,best-effort fallback; no checked-in Node version evidence,repository root
7ac89b753c19d6b46c51,https://github.com/code-423n4/2024-03-dittoeth.git,91faf46078bb6fe8ce9f55bcb717e5d2d302d22e,91faf46078bb6fe8ce9f55bcb717e5d2d302d22e,.,npm run build,checked-in package.json script build=bun run interfaces-force && forge build,190,node16-npm8,best-effort fallback; no checked-in Node version evidence,repository root
7cb043d026c74611d6c4,https://github.com/code-423n4/2024-05-bakerfi.git,59b1f70cbf170871f9604e73e7fe70b70981ab43,59b1f70cbf170871f9604e73e7fe70b70981ab43,.,npm run compile,checked-in package.json script compile=npx hardhat compile,74,node16-npm8,package.json engines.node=>=20.0.0 <21.0.0; nearest archived major,repository root
85eb869c97005c328767,https://github.com/code-423n4/2021-12-mellow.git,53d73a8bcb9e9853b59973bb47c009431909a812,53d73a8bcb9e9853b59973bb47c009431909a812,mellow-vaults,npm run compile,checked-in package.json script compile=rm -rf artifacts && hardhat compile,79,node16-npm8,best-effort fallback; no checked-in Node version evidence,top-level non-vendored native project root
86ebab4217d32b417d8d,https://github.com/code-423n4/2023-05-party.git,f6f80dde81d86e397ba4f3dedb561e23d58ec884,f6f80dde81d86e397ba4f3dedb561e23d58ec884,.,npm run build,checked-in package.json script build=forge build --extra-output storageLayout,546,node16-npm8,best-effort fallback; no checked-in Node version evidence,repository root
8736a3dffd1ae2b28d68,https://github.com/code-423n4/2021-12-defiprotocol.git,860fc371994de53749332af4b9d00387cbd18d4b,860fc371994de53749332af4b9d00387cbd18d4b,contracts,npx hardhat compile,checked-in hardhat.config.ts,7,node16-npm8,best-effort fallback; no checked-in Node version evidence,top-level non-vendored native project root
876f079fe57e7d22f859,https://github.com/code-423n4/2022-12-tessera.git,1e408ebc1c4fdcc72678ea7f21a94d38855ccc0b,1e408ebc1c4fdcc72678ea7f21a94d38855ccc0b,.,forge build,checked-in foundry.toml,1234,node16-npm8,best-effort fallback; no checked-in Node version evidence,repository root
94faa031b29d37add602,https://github.com/code-423n4/2022-02-anchor.git,5da31121b8b9bbd4420aa75e25859207e67538c3,5da31121b8b9bbd4420aa75e25859207e67538c3,contracts/cross-chain-contracts,npx hardhat compile,checked-in hardhat.config.ts,2,node16-npm8,best-effort fallback; no checked-in Node version evidence,top-level non-vendored native project root
9846cf86134caae7799e,https://github.com/pooltogether/pooltogether-pool-contracts.git,cbec82befa502500c63b59a9d0dabd678d3dd508,cbec82befa502500c63b59a9d0dabd678d3dd508,.,yarn compile,checked-in package.json script compile=hardhat --show-stack-traces --max-memory 8192 compile,89,node14-yarn1,.nvmrc=v14.15.3,repository root
9ae84cf683640be4e904,https://github.com/code-423n4/2022-12-gogopool.git,aec9928d8bdce8a5a4efe45f54c39d4fc7313731,aec9928d8bdce8a5a4efe45f54c39d4fc7313731,.,forge build,checked-in foundry.toml,138,node14-yarn1,package.json engines.node=>=13.0.0,repository root
9beb76425d2bf5942a4d,https://github.com/code-423n4/2024-07-traitforge.git,279b2887e3d38bc219a05d332cbcb0655b2dc644,279b2887e3d38bc219a05d332cbcb0655b2dc644,.,yarn compile,checked-in package.json script compile=npx hardhat clean && npx hardhat compile,20,node16-yarn1,best-effort fallback; no checked-in Node version evidence,repository root
9d8daa19c1e936e9ba9e,https://github.com/code-423n4/2024-05-loop.git,20d9013a93a1ba98154198d6cf3c63f73ab95658,20d9013a93a1ba98154198d6cf3c63f73ab95658,.,forge build,checked-in foundry.toml,317,node16-yarn1,best-effort fallback; no checked-in Node version evidence,repository root
a07699f968c72edb3c0e,https://github.com/code-423n4/2023-02-malt.git,700f9b468f9cf8c9c5cffaa1eba1b8dea40503f9,700f9b468f9cf8c9c5cffaa1eba1b8dea40503f9,.,forge build,checked-in foundry.toml,440,node16-npm8,best-effort fallback; no checked-in Node version evidence,repository root
a71bbe43cb08fee655f2,https://github.com/code-423n4/2021-12-amun.git,cf890dedf2e43ec787e8e5df65726316fda134a1,cf890dedf2e43ec787e8e5df65726316fda134a1,contracts/basket,yarn compile,checked-in package.json script compile=yarn prettier && hardhat compile --config hardhat.compile.config.ts && hardhat run scripts/transformArtifactFilesForTests.js,38,node16-yarn1,best-effort fallback; no checked-in Node version evidence,top-level non-vendored native project root
a71bbe43cb08fee655f2,https://github.com/code-423n4/2021-12-amun.git,cf890dedf2e43ec787e8e5df65726316fda134a1,cf890dedf2e43ec787e8e5df65726316fda134a1,contracts/bridge,yarn compile,checked-in package.json script compile=hardhat compile --force --config hardhat.compile.config.ts,6,node16-yarn1,best-effort fallback; no checked-in Node version evidence,top-level non-vendored native project root
a73834efc6e9224c9f97,https://github.com/code-423n4/2023-11-zetachain.git,b237708ed5e86f12c4bddabddfd42f001e81941a,b237708ed5e86f12c4bddabddfd42f001e81941a,repos/protocol-contracts,yarn compile,checked-in package.json script compile=yarn clean && npx hardhat compile,37,node16-yarn1,best-effort fallback; no checked-in Node version evidence,top-level non-vendored native project root
ac67415d04325a4657e0,https://github.com/code-423n4/2023-03-neotokyo.git,8349427f4346ade378dcacd4c131b9cfa7eadaf7,8349427f4346ade378dcacd4c131b9cfa7eadaf7,.,npx hardhat compile,checked-in hardhat.config.js,20,node16-npm8,best-effort fallback; no checked-in Node version evidence,repository root
ad517a7d673ed4aa19f4,https://github.com/code-423n4/2021-11-bootfinance.git,f102ee73eb320532c5a7c1e833f225c479577e39,f102ee73eb320532c5a7c1e833f225c479577e39,customswap,npm run build,checked-in package.json script build=hardhat compile && hardhat typechain && tsc,9,node16-npm8,best-effort fallback; no checked-in Node version evidence,top-level non-vendored native project root
ad517a7d673ed4aa19f4,https://github.com/code-423n4/2021-11-bootfinance.git,f102ee73eb320532c5a7c1e833f225c479577e39,f102ee73eb320532c5a7c1e833f225c479577e39,tge,npx truffle compile,checked-in truffle-config.js,7,node16-yarn1,best-effort fallback; no checked-in Node version evidence,top-level non-vendored native project root
ad517a7d673ed4aa19f4,https://github.com/code-423n4/2021-11-bootfinance.git,f102ee73eb320532c5a7c1e833f225c479577e39,f102ee73eb320532c5a7c1e833f225c479577e39,vesting,npm run compile,checked-in package.json script compile=npx hardhat compile,5,node16-npm8,best-effort fallback; no checked-in Node version evidence,top-level non-vendored native project root
ad6fb8b6aeb8640d4b85,https://github.com/code-423n4/2022-01-behodler.git,ce1e7893bdbff8bd7b70474e902e990ac4aeafaf,ce1e7893bdbff8bd7b70474e902e990ac4aeafaf,.,npx hardhat compile,checked-in hardhat.config.ts,73,node16-yarn1,best-effort fallback; no checked-in Node version evidence,repository root
af2962b8335feda2b275,https://github.com/jbx-protocol/juice-nft-rewards.git,f9893b1497098241dd3a664956d8016ff0d0efd0,f9893b1497098241dd3a664956d8016ff0d0efd0,.,forge build,checked-in foundry.toml,55,node16-yarn1,best-effort fallback; no checked-in Node version evidence,repository root
afe6967172f4b9b0e34a,https://github.com/code-423n4/2024-05-olas.git,c217c378f48438fb505fb04db4107c839b928e7e,c217c378f48438fb505fb04db4107c839b928e7e,governance,npx hardhat compile,checked-in hardhat.config.js,585,node16-yarn1,best-effort fallback; no checked-in Node version evidence,top-level non-vendored native project root
afe6967172f4b9b0e34a,https://github.com/code-423n4/2024-05-olas.git,c217c378f48438fb505fb04db4107c839b928e7e,c217c378f48438fb505fb04db4107c839b928e7e,registries,npx hardhat compile,checked-in hardhat.config.js,189,node16-yarn1,best-effort fallback; no checked-in Node version evidence,top-level non-vendored native project root
afe6967172f4b9b0e34a,https://github.com/code-423n4/2024-05-olas.git,c217c378f48438fb505fb04db4107c839b928e7e,c217c378f48438fb505fb04db4107c839b928e7e,tokenomics,yarn compile,checked-in package.json script compile=scripts/uni-adjust/adjust-pair-clone.sh && ./scripts/uni-adjust/adjust-point.sh && ./node_modules/.bin/hardhat compile && ./scripts/uni-adjust/adjust-pair.sh && ./node_modules/.bin/hardhat compile,719,node16-yarn1,best-effort fallback; no checked-in Node version evidence,top-level non-vendored native project root
b1eb5ae54e7312475c93,https://github.com/code-423n4/2022-08-frax.git,c4189a3a98b38c8c962c5ea72f1a322fbc2ae45f,c4189a3a98b38c8c962c5ea72f1a322fbc2ae45f,.,forge build,checked-in foundry.toml,47,node16-npm8,best-effort fallback; no checked-in Node version evidence,repository root
b4a1b55fe2d18f122a1e,https://github.com/code-423n4/2024-04-dyad.git,cd48c684a58158de444b24854ffd8f07d046c31b,cd48c684a58158de444b24854ffd8f07d046c31b,.,forge build,checked-in foundry.toml,441,node16-npm8,best-effort fallback; no checked-in Node version evidence,repository root
b6da317163e7b77bd40c,https://github.com/code-423n4/2022-07-golom.git,8f198624b97addbbe9602a451c908ea51bd3357c,8f198624b97addbbe9602a451c908ea51bd3357c,.,npx hardhat compile,checked-in hardhat.config.ts,15,node16-yarn1,best-effort fallback; no checked-in Node version evidence,repository root
b96ecb664aefbf38d2d7,https://github.com/code-423n4/2022-09-frax.git,dc6684f77b4e9bd965e8862be7f5fb71473a4c4c,dc6684f77b4e9bd965e8862be7f5fb71473a4c4c,.,forge build,checked-in foundry.toml,13,node16-npm8,best-effort fallback; no checked-in Node version evidence,repository root
bd7d8afe32a8ef2e533a,https://github.com/code-423n4/2021-09-defiProtocol.git,31e30e6da03c615d833611022603b6c7e393a514,31e30e6da03c615d833611022603b6c7e393a514,contracts,npx hardhat compile,checked-in hardhat.config.ts,7,node16-npm8,best-effort fallback; no checked-in Node version evidence,top-level non-vendored native project root
bee019e8a0d6149543c5,https://github.com/code-423n4/2022-07-golom.git,7753ce19bc05cb84162c3c9f50dc3c89f479e5be,7753ce19bc05cb84162c3c9f50dc3c89f479e5be,.,npx hardhat compile,checked-in hardhat.config.ts,15,node16-yarn1,best-effort fallback; no checked-in Node version evidence,repository root
beef56a5a282f2ba6af8,https://github.com/code-423n4/2023-01-popcorn.git,9382ae9c6414df7f9b5aecd5754c59019ced60b7,9382ae9c6414df7f9b5aecd5754c59019ced60b7,.,forge build,checked-in foundry.toml,165,node16-yarn1,best-effort fallback; no checked-in Node version evidence,repository root
bff4c70e313a4fd4754a,https://github.com/code-423n4/2022-12-forgeries.git,42e2996aaec205a93685bfb32d47eca79941e2bf,42e2996aaec205a93685bfb32d47eca79941e2bf,.,forge build,checked-in foundry.toml,14,node16-yarn1,best-effort fallback; no checked-in Node version evidence,repository root
c7315dd0cd937eb91438,https://github.com/code-423n4/2023-12-particle.git,a3af40839b24aa13f5764d4f84933dbfa8bc8134,a3af40839b24aa13f5764d4f84933dbfa8bc8134,.,forge build,checked-in foundry.toml,910,node16-yarn1,best-effort fallback; no checked-in Node version evidence,repository root
c7fcb7c2bdaac83cd94d,https://github.com/code-423n4/2022-04-abranft.git,5cd4edc3298c05748e952f8a8c93e42f930a78c2,5cd4edc3298c05748e952f8a8c93e42f930a78c2,.,yarn build,checked-in package.json script build=hardhat compile,19,node16-yarn1,.nvmrc=lts/erbium; nearest archived major,repository root
cc56f82e45b5a1958baa,https://github.com/PartyDAO/party-contracts-c4.git,3896577b8f0fa16cba129dc2867aba786b730c1b,3896577b8f0fa16cba129dc2867aba786b730c1b,.,yarn build,checked-in package.json script build=yarn build:sol && yarn build:ts,464,node16-yarn1,best-effort fallback; no checked-in Node version evidence,repository root
d40239342ee19aba5e73,https://github.com/code-423n4/2022-02-concur.git,f906d9429739b4c9d00a439964cca81c0d92352f,f906d9429739b4c9d00a439964cca81c0d92352f,.,npm run compile,checked-in package.json script compile=npx hardhat compile,15,node16-npm8,best-effort fallback; no checked-in Node version evidence,repository root
d70057952f8081152c99,https://github.com/code-423n4/2024-01-curves.git,516aedb7b9a8d341d0d2666c23780d2bd8a9a600,516aedb7b9a8d341d0d2666c23780d2bd8a9a600,.,yarn compile,checked-in package.json script compile=npx hardhat compile,7,node16-yarn1,package.json engines.node=>=18.12.0; nearest archived major,repository root
d7c2d75431fd4e77ba2d,https://github.com/code-423n4/2021-10-mochi.git,b74cfe1815ba768954415eff6f1096c95564ad8b,b74cfe1815ba768954415eff6f1096c95564ad8b,projects/mochi-core,npm run compile,checked-in package.json script compile=npx hardhat compile,37,node16-npm8,best-effort fallback; no checked-in Node version evidence,top-level non-vendored native project root
d7c2d75431fd4e77ba2d,https://github.com/code-423n4/2021-10-mochi.git,b74cfe1815ba768954415eff6f1096c95564ad8b,b74cfe1815ba768954415eff6f1096c95564ad8b,projects/mochi-cssr,npm run compile,checked-in package.json script compile=npx hardhat compile,16,node16-npm8,best-effort fallback; no checked-in Node version evidence,top-level non-vendored native project root
d7c2d75431fd4e77ba2d,https://github.com/code-423n4/2021-10-mochi.git,b74cfe1815ba768954415eff6f1096c95564ad8b,b74cfe1815ba768954415eff6f1096c95564ad8b,projects/mochi-library,npm run compile,checked-in package.json script compile=npx hardhat compile,14,node16-npm8,best-effort fallback; no checked-in Node version evidence,top-level non-vendored native project root
e31b806756023cb9c5e9,https://github.com/code-423n4/2021-11-unlock.git,84086b6486d9691e3f5e1ac696c794eea610c814,84086b6486d9691e3f5e1ac696c794eea610c814,smart-contracts,yarn build,checked-in package.json script build=hardhat compile,37,node16-yarn1,best-effort fallback; no checked-in Node version evidence,top-level non-vendored native project root
e58beaed9b98b08064e6,https://github.com/code-423n4/2024-03-revert-lend.git,62ad70e634082930aed861e153d2c1e0cc94e44e,62ad70e634082930aed861e153d2c1e0cc94e44e,.,forge build,checked-in foundry.toml,907,node16-npm8,best-effort fallback; no checked-in Node version evidence,repository root
e7689c5bacc48db39ccb,https://github.com/code-423n4/2022-11-paraspace.git,34cb87ea4a5e698f49ae5f5a07228db99514b7c7,34cb87ea4a5e698f49ae5f5a07228db99514b7c7,paraspace-core,yarn build,checked-in package.json script build=hardhat compile,390,node16-yarn1,.nvmrc=18; nearest archived major,top-level non-vendored native project root
eb98a059ef709e7c9611,https://github.com/code-423n4/2023-08-dopex.git,00601a3f4e3f662007b077bf1b201c9f5f00a8b6,00601a3f4e3f662007b077bf1b201c9f5f00a8b6,.,forge build,checked-in foundry.toml,800,node16-npm8,best-effort fallback; no checked-in Node version evidence,repository root
ec5efe413e6f66910418,https://github.com/code-423n4/2022-11-stakehouse.git,08a34ed4505173e7cad2d3b2bde92863b61716c8,08a34ed4505173e7cad2d3b2bde92863b61716c8,.,yarn compile,checked-in package.json script compile=hardhat compile,69,node16-yarn1,best-effort fallback; no checked-in Node version evidence,repository root
edb1f071a84b4371a099,https://github.com/code-423n4/2023-02-malt.git,63d0e77070886d1c8b4ca6241a747656a0441175,63d0e77070886d1c8b4ca6241a747656a0441175,.,forge build,checked-in foundry.toml,440,node16-npm8,best-effort fallback; no checked-in Node version evidence,repository root
ee0fa7d435f1c79612d5,https://github.com/code-423n4/2022-12-tessera.git,f37a11407da2af844bbfe868e1422e3665a5f8e4,f37a11407da2af844bbfe868e1422e3665a5f8e4,.,forge build,checked-in foundry.toml,1251,node16-npm8,best-effort fallback; no checked-in Node version evidence,repository root
f4d010dc66dec808788d,https://github.com/code-423n4/2022-08-olympus.git,b5e139d732eb4c07102f149fb9426d356af617aa,b5e139d732eb4c07102f149fb9426d356af617aa,.,forge build,checked-in foundry.toml,130,node16-npm8,best-effort fallback; no checked-in Node version evidence,repository root
fa3e53cdabdbb7f07346,https://github.com/debtdao/Line-of-Credit.git,e8aa08b44f6132a5ed901f8daa231700c5afeb3a,e8aa08b44f6132a5ed901f8daa231700c5afeb3a,.,forge build,checked-in foundry.toml,746,node16-npm8,best-effort fallback; no checked-in Node version evidence,repository root
fa4a8073c5c25e104017,https://github.com/code-423n4/2022-11-stakehouse.git,4b6828e9c807f2f7c569e6d721ca1289f7cf7112,4b6828e9c807f2f7c569e6d721ca1289f7cf7112,.,yarn compile,checked-in package.json script compile=hardhat compile,69,node16-yarn1,best-effort fallback; no checked-in Node version evidence,repository root
fe399aaaec4f5e1411c6,https://github.com/code-423n4/2022-12-tigris.git,496e1974ee3838be8759e7b4096dbee1b8795593,496e1974ee3838be8759e7b4096dbee1b8795593,.,npx hardhat compile,checked-in hardhat.config.js,35,node16-npm8,best-effort fallback; no checked-in Node version evidence,repository root
fed0ac8da716985d869b,https://github.com/code-423n4/2023-06-lybra.git,4f7ee7b143d75faebfc9cceb21a0ac794d84978a,4f7ee7b143d75faebfc9cceb21a0ac794d84978a,.,npm run build,checked-in package.json script build=hardhat compile,58,node16-npm8,best-effort fallback; no checked-in Node version evidence,repository root
fed6883739d838ef60fe,https://github.com/code-423n4/2024-02-ai-arena.git,b05b54a9eb5b0964bde9825f75305caa2d943155,b05b54a9eb5b0964bde9825f75305caa2d943155,.,forge build,checked-in foundry.toml,340,node16-npm8,best-effort fallback; no checked-in Node version evidence,repository root
