source_id,repository,requested_revision,acquisition_status,build_status,selected_project_count,successful_selected_project_count,attempt_count,successful_attempt_count,prohibited_edit_attempt_count,max_immutable_artifact_files,best_manifest_path,acquisition_error
05442cbaf1d69b91d5a4,https://github.com/code-423n4/2024-08-phi.git,8c0985f7a10b231f916a51af5d506dd6b0c54120,ACQUIRED,ALL_SELECTED_PROJECTS_SUCCESS,1,1,2,2,0,132,benchmarks/isu/best_effort_build_runs/05442cbaf1d69b91d5a4/isu-05442cbaf1d69b91d5a4-20260814T190329Z-aebf42e069d14caa88e5da5c822d0390/attempt_manifest.json,
0768d1b9d8fc9c9d850f,https://github.com/strateg-protocol/strateg-protocol-core.git,3705996c0791bf6ad58003fb19070ccafcf78c6b,ACQUISITION_FAILURE,ACQUISITION_FAILURE,0,0,0,0,0,0,,RuntimeError: command failed (128): git fetch --depth 1 origin 3705996c0791bf6ad58003fb19070ccafcf78c6b
0f62f3405b0b361b18a8,https://github.com/code-423n4/2021-11-streaming.git,56d81204a00fc949d29ddd277169690318b36821,ACQUIRED,ALL_SELECTED_PROJECTS_SUCCESS,1,1,5,1,0,4,benchmarks/isu/best_effort_build_runs/0f62f3405b0b361b18a8/isu-0f62f3405b0b361b18a8-20260814T195612Z-1e6e72e00f6640efbf89e513b5f37546/attempt_manifest.json,
1218dd25f99c8259083b,https://github.com/code-423n4/2023-04-party.git,440aafacb0f15d037594cebc85fd471729bcb6d9,ACQUIRED,ALL_SELECTED_PROJECTS_SUCCESS,1,1,2,2,0,221,benchmarks/isu/best_effort_build_runs/1218dd25f99c8259083b/isu-1218dd25f99c8259083b-20260814T190329Z-236a295ffd934cbabc431f02bf9a2024/attempt_manifest.json,
17ed21b4712c0b20cc36,https://github.com/code-423n4/2023-01-astaria.git,1bfc58b42109b839528ab1c21dc9803d663df898,ACQUIRED,ALL_SELECTED_PROJECTS_SUCCESS,1,1,6,1,0,207,benchmarks/isu/best_effort_build_runs/17ed21b4712c0b20cc36/isu-17ed21b4712c0b20cc36-20260815T031728Z-12945ebb58114f6bbe1b4228277f07c1/attempt_manifest.json,
190ff08406165ccf2990,https://github.com/rabbitholegg/quest-protocol.git,8c4c1f71221570b14a0479c216583342bd652d8d,ACQUIRED,ALL_SELECTED_PROJECTS_SUCCESS,1,1,3,1,0,117,benchmarks/isu/best_effort_build_runs/190ff08406165ccf2990/isu-190ff08406165ccf2990-20260814T192219Z-aaa3e55098114c2ca883093582604778/attempt_manifest.json,
1b233c341aae1c1a120e,https://github.com/strateg-protocol/strateg-protocol-core.git,325a2cca5bca189e194f48cfe561b0ed16fad527,ACQUISITION_FAILURE,ACQUISITION_FAILURE,0,0,0,0,0,0,,RuntimeError: command failed (128): git fetch --depth 1 origin 325a2cca5bca189e194f48cfe561b0ed16fad527
2112b446760a0ffed350,https://github.com/code-423n4/2024-08-superposition.git,d913ae0225584b4b42e38518788a7e38cd2f4d53,ACQUIRED,PARTIAL_PROJECT_SUCCESS,1,0,3,1,0,3,benchmarks/isu/best_effort_build_runs/2112b446760a0ffed350/isu-2112b446760a0ffed350-20260814T214627Z-cd9486a386dd4ca9a91cf7785733cf2b/attempt_manifest.json,
259153db5bcad1231d62,https://github.com/code-423n4/2024-07-optimism.git,70556044e5e080930f686c4e5acde420104bb2c4,ACQUIRED,PARTIAL_PROJECT_SUCCESS,1,0,3,1,0,890,benchmarks/isu/best_effort_build_runs/259153db5bcad1231d62/isu-259153db5bcad1231d62-20260814T213318Z-9c0ccc01886444d889511ec154e427c5/attempt_manifest.json,
27d99ecc930a40c3f443,https://github.com/code-423n4/2021-12-vader.git,842662a9837929f160c7a1f5a2e4a7c03e715e1b,ACQUIRED,ALL_SELECTED_PROJECTS_SUCCESS,1,1,3,1,0,3,benchmarks/isu/best_effort_build_runs/27d99ecc930a40c3f443/isu-27d99ecc930a40c3f443-20260814T193730Z-e1f6b80eb6864f5ca85ed11bea6b10ba/attempt_manifest.json,
289230e8a49b17b81b97,https://github.com/re-nft/smart-contracts.git,3ddd32455a849c3c6dc3c3aad7a33a6c9b44c291,ACQUIRED,ALL_SELECTED_PROJECTS_SUCCESS,1,1,2,2,0,280,benchmarks/isu/best_effort_build_runs/289230e8a49b17b81b97/isu-289230e8a49b17b81b97-20260814T190400Z-720499558a7946bdbf0814d6d4ad3352/attempt_manifest.json,
28f44f959080974f24f7,https://github.com/k06a/Unipool.git,bb1843b454bbb10b3b1ccf48edf5e72a80b2acfe,ACQUIRED,ALL_SELECTED_PROJECTS_SUCCESS,1,1,4,1,0,3,benchmarks/isu/best_effort_build_runs/28f44f959080974f24f7/isu-28f44f959080974f24f7-20260814T205216Z-3bef6a7ef4794c6f9641efc5dcb61f32/attempt_manifest.json,
2952c8154a7befc068f5,https://github.com/code-423n4/2021-04-marginswap.git,412d4ff61c9dfedb2f7d2fe957d911f7dc4ccfcb,ACQUIRED,SUCCESS_FALLBACK,0,0,2,1,0,58,benchmarks/isu/best_effort_build_runs/2952c8154a7befc068f5/isu-2952c8154a7befc068f5-20260815T041457Z-df805dec0da74eee8a71e31f66348177/attempt_manifest.json,
29a26915e78db1075e4d,https://github.com/code-423n4/2023-07-basin.git,9403cf973e95ef7219622dbbe2a08396af90b64c,ACQUIRED,ALL_SELECTED_PROJECTS_SUCCESS,1,1,2,2,0,163,benchmarks/isu/best_effort_build_runs/29a26915e78db1075e4d/isu-29a26915e78db1075e4d-20260814T190403Z-232ab80ebd3a4a678335f46f7c3f9f96/attempt_manifest.json,
2b7cbf663fc060f42a75,https://github.com/code-423n4/2022-04-backd.git,c856714a50437cb33240a5964b63687c9876275b,ACQUIRED,ALL_SELECTED_PROJECTS_SUCCESS,1,1,2,2,0,422,benchmarks/isu/best_effort_build_runs/2b7cbf663fc060f42a75/isu-2b7cbf663fc060f42a75-20260814T190408Z-b65d816b37244dc4936948b024e5c7be/attempt_manifest.json,
33438b4b2584abe90998,https://github.com/code-423n4/2023-12-ethereumcreditguild.git,2376d9af792584e3d15ec9c32578daa33bb56b43,ACQUIRED,ALL_SELECTED_PROJECTS_SUCCESS,1,1,2,2,0,156,benchmarks/isu/best_effort_build_runs/33438b4b2584abe90998/isu-33438b4b2584abe90998-20260814T190414Z-6d7482bc662c47ac97d5f82cc1e3d1b2/attempt_manifest.json,
38004f8839e04e30cd59,https://github.com/code-423n4/2024-04-gondi.git,b9863d73c08fcdd2337dc80a8b5e0917e18b036c,ACQUIRED,ALL_SELECTED_PROJECTS_SUCCESS,1,1,1,1,0,161,benchmarks/isu/best_effort_build_runs/38004f8839e04e30cd59/isu-38004f8839e04e30cd59-20260814T190426Z-b31367c08f0e4ba6a19069b653208af4/attempt_manifest.json,
39f49ac45cca3e9c8e51,https://github.com/code-423n4/2023-01-ondo.git,b4e1afc2816e35df66e1f53aef57637350b7ff5e,ACQUIRED,ALL_SELECTED_PROJECTS_SUCCESS,1,1,2,1,0,414,benchmarks/isu/best_effort_build_runs/39f49ac45cca3e9c8e51/isu-39f49ac45cca3e9c8e51-20260814T193606Z-0e00603f87d14174a325ca8784627c26/attempt_manifest.json,
3b078676f7225dc450dc,https://github.com/code-423n4/2023-03-mute.git,4d8b13add2907b17ac14627cfa04e0c3cc9a2bed,ACQUIRED,ALL_SELECTED_PROJECTS_SUCCESS,1,1,1,1,0,93,benchmarks/isu/best_effort_build_runs/3b078676f7225dc450dc/isu-3b078676f7225dc450dc-20260814T190453Z-383511d4460f47b4b60357ddd1a6cfbd/attempt_manifest.json,
3b40d4c2e2c5c78d66a1,https://github.com/golom-protocol/contracts.git,4e84d5c2115d163ca54a1729da46164e8cf4df6d,ACQUIRED,ALL_SELECTED_PROJECTS_SUCCESS,1,1,2,1,0,138,benchmarks/isu/best_effort_build_runs/3b40d4c2e2c5c78d66a1/isu-3b40d4c2e2c5c78d66a1-20260814T212005Z-98f0797899f24d2fb011cbbb5f29f645/attempt_manifest.json,
3dc3386f4227b509becb,https://github.com/sushiswap/trident.git,c405f3402a1ed336244053f8186742d2da5975e9,ACQUIRED,ALL_SELECTED_PROJECTS_SUCCESS,1,1,1,1,0,152,benchmarks/isu/best_effort_build_runs/3dc3386f4227b509becb/isu-3dc3386f4227b509becb-20260815T034936Z-4eba05e4d6474ffa8b8bf636dccc4396/attempt_manifest.json,
3e4e01feaa76a5bfa74c,https://github.com/code-423n4/2023-01-timeswap.git,ef4c84fb8535aad8abd6b67cc45d994337ec4514,ACQUIRED,PARTIAL_PROJECT_SUCCESS,1,0,8,1,0,638,benchmarks/isu/best_effort_build_runs/3e4e01feaa76a5bfa74c/isu-3e4e01feaa76a5bfa74c-20260815T025514Z-a81aef82f0d9415cad9f5a88dea9c354/attempt_manifest.json,
4397bb458a04d98ebd0d,https://github.com/code-423n4/2023-12-initcapital.git,a53e401529451b208095b3af11862984d0b32177,ACQUIRED,ALL_SELECTED_PROJECTS_SUCCESS,1,1,3,1,0,724,benchmarks/isu/best_effort_build_runs/4397bb458a04d98ebd0d/isu-4397bb458a04d98ebd0d-20260815T024701Z-bf9922e671224506bd705604f2aa8bba/attempt_manifest.json,
45244eb6ad77ecbb8d10,https://github.com/code-423n4/2023-05-maia.git,53b6231f0da68f91cf673ecb34867782e2f633e7,ACQUIRED,ALL_SELECTED_PROJECTS_SUCCESS,1,1,5,1,0,4,benchmarks/isu/best_effort_build_runs/45244eb6ad77ecbb8d10/isu-45244eb6ad77ecbb8d10-20260814T214826Z-24f51f72ccc741719ec4923ce43a9dfe/attempt_manifest.json,
46a990361d607172dbdd,https://github.com/code-423n4/2024-03-gitcoin.git,6529b351cd72a858541f60c52f0e5ad0fb6f1b16,ACQUIRED,ALL_SELECTED_PROJECTS_SUCCESS,1,1,1,1,0,39,benchmarks/isu/best_effort_build_runs/46a990361d607172dbdd/isu-46a990361d607172dbdd-20260814T190545Z-cef8f835f1da4bc697ee86911d28f738/attempt_manifest.json,
46b79dfa038bcaea5803,https://github.com/code-423n4/2021-05-visorfinance.git,e0f15162a017130aa66910d46c70ee074b64dd40,ACQUIRED,ALL_SELECTED_PROJECTS_SUCCESS,1,1,1,1,0,110,benchmarks/isu/best_effort_build_runs/46b79dfa038bcaea5803/isu-46b79dfa038bcaea5803-20260814T190620Z-d850d8ca85404f7baf1118918d0d5ad7/attempt_manifest.json,
473151643bd9895c6905,https://github.com/Legion-Team/evm-contracts.git,c020bd1b84faab99d1b8738b48d1e253e4557671,ACQUIRED,ALL_SELECTED_PROJECTS_SUCCESS,1,1,1,1,0,100,benchmarks/isu/best_effort_build_runs/473151643bd9895c6905/isu-473151643bd9895c6905-20260814T190626Z-c707c79caaac4d9aa935de96264d159d/attempt_manifest.json,
496a067d0cf9ec7a97f3,https://github.com/code-423n4/2021-05-visorfinance.git,dda9be0bcbf4b2c549608405ccdf9469bc2cbaf1,ACQUIRED,ALL_SELECTED_PROJECTS_SUCCESS,1,1,1,1,0,110,benchmarks/isu/best_effort_build_runs/496a067d0cf9ec7a97f3/isu-496a067d0cf9ec7a97f3-20260815T034750Z-c2e3fdad37b3416baffa551c4cc1ccb8/attempt_manifest.json,
4ca8847e64fbb6fb2f6b,https://github.com/code-423n4/2024-01-salty.git,53516c2cdfdfacb662cdea6417c52f23c94d5b5b,ACQUIRED,ALL_SELECTED_PROJECTS_SUCCESS,1,1,1,1,0,185,benchmarks/isu/best_effort_build_runs/4ca8847e64fbb6fb2f6b/isu-4ca8847e64fbb6fb2f6b-20260814T190630Z-f87b51f4c3e2412b9ce8640d3522e418/attempt_manifest.json,
51822de69e2919a4a935,https://github.com/Tapioca-DAO/tapioca-bar-audit.git,2286f80f928f41c8bc189d0657d74ba83286c668,ACQUIRED_EXACT_MIRROR,ALL_SELECTED_PROJECTS_SUCCESS,1,1,2,1,0,853,benchmarks/isu/best_effort_build_runs/51822de69e2919a4a935/isu-51822de69e2919a4a935-20260814T194014Z-8fe48f29735c4ddcb3dc7bc37c52f80a/attempt_manifest.json,
52a7f0b0d3f1a008a383,https://github.com/code-423n4/2023-08-verwa.git,59add54eab86f23b321e1d31eb2c7fb907eeb052,ACQUIRED,ALL_SELECTED_PROJECTS_SUCCESS,1,1,1,1,0,36,benchmarks/isu/best_effort_build_runs/52a7f0b0d3f1a008a383/isu-52a7f0b0d3f1a008a383-20260814T190700Z-80caa4bc40fb4f3dbab5ddd325c93fa3/attempt_manifest.json,
55e1bbda13af0e5d9ef5,https://github.com/code-423n4/2024-07-benddao.git,117ef61967d4b318fc65170061c9577e674fffa1,ACQUIRED,ALL_SELECTED_PROJECTS_SUCCESS,1,1,5,1,2,233,benchmarks/isu/best_effort_build_runs/55e1bbda13af0e5d9ef5/isu-55e1bbda13af0e5d9ef5-20260814T204933Z-b7c327876f4942b0bfcfcf902e23c612/attempt_manifest.json,
57417c735ac666efab33,https://github.com/code-423n4/2024-07-munchables.git,94cf468aaabf526b7a8319f7eba34014ccebe7b9,ACQUIRED,ALL_SELECTED_PROJECTS_SUCCESS,1,1,8,1,0,175,benchmarks/isu/best_effort_build_runs/57417c735ac666efab33/isu-57417c735ac666efab33-20260814T205506Z-6a22efdee866448695de95bbd0100e17/attempt_manifest.json,
58b3a29bba78928be534,https://github.com/with-backed/papr.git,9528f2711ff0c1522076b9f93fba13f88d5bd5e6,ACQUIRED,ALL_SELECTED_PROJECTS_SUCCESS,1,1,2,1,0,93,benchmarks/isu/best_effort_build_runs/58b3a29bba78928be534/isu-58b3a29bba78928be534-20260815T031940Z-e55c5ff717a44b83970339a27f736b42/attempt_manifest.json,
597ae00db4b637e8d8ab,https://github.com/code-423n4/2023-09-venus.git,b11d9ef9db8237678567e66759003138f2368d23,ACQUIRED,ALL_SELECTED_PROJECTS_SUCCESS,1,1,3,1,0,614,benchmarks/isu/best_effort_build_runs/597ae00db4b637e8d8ab/isu-597ae00db4b637e8d8ab-20260814T210507Z-1d06396ab368467e92a60396a214a90d/attempt_manifest.json,
5fcf634788264400193d,https://github.com/code-423n4/2023-05-ajna.git,276942bc2f97488d07b887c8edceaaab7a5c3964,ACQUIRED,ALL_SELECTED_PROJECTS_SUCCESS,2,2,2,2,0,112,benchmarks/isu/best_effort_build_runs/5fcf634788264400193d/isu-5fcf634788264400193d-20260814T190742Z-51a472c800f748dca6ddc6c5ca75121c/attempt_manifest.json,
66ca3e8adf0343f843ff,https://github.com/pooltogether/swappable-yield-source.git,bf943b3818b81d5f5cb9d8ecc6f13ffecd33a1ff,ACQUIRED,ALL_SELECTED_PROJECTS_SUCCESS,1,1,3,1,0,38,benchmarks/isu/best_effort_build_runs/66ca3e8adf0343f843ff/isu-66ca3e8adf0343f843ff-20260814T210639Z-8f7f1f0bc15a474bb8a0c800cb99ee52/attempt_manifest.json,
6b2be56bd1aa78d5bee3,https://github.com/code-423n4/2024-03-abracadabra-money.git,1f4693fdbf33e9ad28132643e2d6f7635834c6c6,ACQUIRED,ALL_SELECTED_PROJECTS_SUCCESS,1,1,2,1,0,145,benchmarks/isu/best_effort_build_runs/6b2be56bd1aa78d5bee3/isu-6b2be56bd1aa78d5bee3-20260815T030902Z-d0beafdfee0a4a67acb9c747c5cf0f50/attempt_manifest.json,
7243363cfd2599257952,https://github.com/code-423n4/2023-07-axelar.git,1b2d810f90dfe6a964b92e30d3196b64ba569f6a,ACQUIRED,ALL_SELECTED_PROJECTS_SUCCESS,1,1,1,1,0,363,benchmarks/isu/best_effort_build_runs/7243363cfd2599257952/isu-7243363cfd2599257952-20260814T190746Z-04a0191f7c704f4aba38999731b1ca12/attempt_manifest.json,
726f7da124ec405fcefd,https://github.com/code-423n4/2022-10-traderjoe.git,79f25d48b907f9d0379dd803fc2abc9c5f57db93,ACQUIRED,ALL_SELECTED_PROJECTS_SUCCESS,1,1,1,1,0,81,benchmarks/isu/best_effort_build_runs/726f7da124ec405fcefd/isu-726f7da124ec405fcefd-20260814T190801Z-8d551e683fed431e88d83e0ccdb8638c/attempt_manifest.json,
78b6c9d702fa0e2668f0,https://github.com/code-423n4/2021-11-unlock.git,ec41eada1dd116bcccc5603ce342257584bec783,ACQUIRED,ALL_SELECTED_PROJECTS_SUCCESS,1,1,1,1,0,234,benchmarks/isu/best_effort_build_runs/78b6c9d702fa0e2668f0/isu-78b6c9d702fa0e2668f0-20260814T190817Z-71e1d5fbec354e0c96704b2085465fbf/attempt_manifest.json,
7a5dfeb01151cf8f72e6,https://github.com/code-423n4/2022-07-ens.git,ff6e59b9415d0ead7daf31c2ed06e86d9061ae22,ACQUIRED,ALL_SELECTED_PROJECTS_SUCCESS,1,1,1,1,0,330,benchmarks/isu/best_effort_build_runs/7a5dfeb01151cf8f72e6/isu-7a5dfeb01151cf8f72e6-20260814T190817Z-04be08d2ed304441abf186db83243ef3/attempt_manifest.json,
7ac89b753c19d6b46c51,https://github.com/code-423n4/2024-03-dittoeth.git,91faf46078bb6fe8ce9f55bcb717e5d2d302d22e,ACQUIRED,ALL_SELECTED_PROJECTS_SUCCESS,1,1,3,1,0,315,benchmarks/isu/best_effort_build_runs/7ac89b753c19d6b46c51/isu-7ac89b753c19d6b46c51-20260814T215922Z-42e93cd139d24020b177a963a706e4d7/attempt_manifest.json,
7b4b6c523cbdf69dc980,https://github.com/code-423n4/2023-05-particle.git,1caf678bc20c24c96fc8f6b0046383ff0e9d2a6f,ACQUISITION_FAILURE,ACQUISITION_FAILURE,0,0,0,0,0,0,,RuntimeError: command failed (128): git fetch --depth 1 origin 1caf678bc20c24c96fc8f6b0046383ff0e9d2a6f
7cb043d026c74611d6c4,https://github.com/code-423n4/2024-05-bakerfi.git,59b1f70cbf170871f9604e73e7fe70b70981ab43,ACQUIRED,ALL_SELECTED_PROJECTS_SUCCESS,1,1,2,1,0,303,benchmarks/isu/best_effort_build_runs/7cb043d026c74611d6c4/isu-7cb043d026c74611d6c4-20260814T192222Z-ef5b6b380c654f30b959ccdf85fb1cab/attempt_manifest.json,
85eb869c97005c328767,https://github.com/code-423n4/2021-12-mellow.git,53d73a8bcb9e9853b59973bb47c009431909a812,ACQUIRED,ALL_SELECTED_PROJECTS_SUCCESS,1,1,7,1,0,200,benchmarks/isu/best_effort_build_runs/85eb869c97005c328767/isu-85eb869c97005c328767-20260815T040722Z-e8aec7ea22d9420a8f41796039e2dfb2/attempt_manifest.json,
86ebab4217d32b417d8d,https://github.com/code-423n4/2023-05-party.git,f6f80dde81d86e397ba4f3dedb561e23d58ec884,ACQUIRED,ALL_SELECTED_PROJECTS_SUCCESS,1,1,1,1,0,224,benchmarks/isu/best_effort_build_runs/86ebab4217d32b417d8d/isu-86ebab4217d32b417d8d-20260814T190856Z-8bfcfd57f4bc401c8c58707581206199/attempt_manifest.json,
8736a3dffd1ae2b28d68,https://github.com/code-423n4/2021-12-defiprotocol.git,860fc371994de53749332af4b9d00387cbd18d4b,ACQUIRED,ALL_SELECTED_PROJECTS_SUCCESS,1,1,5,1,0,47,benchmarks/isu/best_effort_build_runs/8736a3dffd1ae2b28d68/isu-8736a3dffd1ae2b28d68-20260815T032551Z-9447f29d865f4d63989b692d42d0b383/attempt_manifest.json,
876f079fe57e7d22f859,https://github.com/code-423n4/2022-12-tessera.git,1e408ebc1c4fdcc72678ea7f21a94d38855ccc0b,ACQUIRED,ALL_SELECTED_PROJECTS_SUCCESS,1,1,3,2,0,135,benchmarks/isu/best_effort_build_runs/876f079fe57e7d22f859/isu-876f079fe57e7d22f859-20260815T030756Z-3e861c286c7443a389f650cab75728b4/attempt_manifest.json,
87a4d4cf68659331eeb1,https://github.com/GMX-For-NFT/gemnify-contract.git,4810eb86d3391ba9e2eab26a725e9c7f63a3fa9e,ACQUISITION_FAILURE,ACQUISITION_FAILURE,0,0,0,0,0,0,,RuntimeError: command failed (128): git fetch --depth 1 origin 4810eb86d3391ba9e2eab26a725e9c7f63a3fa9e
8d760c6fa69de52797f1,https://github.com/code-423n4/2021-07-wildcredit.git,82c48d73fd27a9d4d5d4a395b3affcef4ef6c5c8,ACQUIRED,SUCCESS_FALLBACK,0,0,1,1,0,50,benchmarks/isu/best_effort_build_runs/8d760c6fa69de52797f1/isu-8d760c6fa69de52797f1-20260815T035812Z-90d9543755894c1ca1d0c3e08b3af0ac/attempt_manifest.json,
94faa031b29d37add602,https://github.com/code-423n4/2022-02-anchor.git,5da31121b8b9bbd4420aa75e25859207e67538c3,ACQUIRED,ALL_SELECTED_PROJECTS_SUCCESS,1,1,3,1,0,11,benchmarks/isu/best_effort_build_runs/94faa031b29d37add602/isu-94faa031b29d37add602-20260814T195612Z-4a5f1ff305cb4a02a128d92440bb3d51/attempt_manifest.json,
9846cf86134caae7799e,https://github.com/pooltogether/pooltogether-pool-contracts.git,cbec82befa502500c63b59a9d0dabd678d3dd508,ACQUIRED,ALL_SELECTED_PROJECTS_SUCCESS,1,1,3,1,0,250,benchmarks/isu/best_effort_build_runs/9846cf86134caae7799e/isu-9846cf86134caae7799e-20260815T035429Z-808070eefa3148d38f0e5f54f077b079/attempt_manifest.json,
9ae84cf683640be4e904,https://github.com/code-423n4/2022-12-gogopool.git,aec9928d8bdce8a5a4efe45f54c39d4fc7313731,ACQUIRED,ALL_SELECTED_PROJECTS_SUCCESS,1,1,1,1,0,100,benchmarks/isu/best_effort_build_runs/9ae84cf683640be4e904/isu-9ae84cf683640be4e904-20260814T190950Z-7cf61db52556422899bf2843a78672e8/attempt_manifest.json,
9beb76425d2bf5942a4d,https://github.com/code-423n4/2024-07-traitforge.git,279b2887e3d38bc219a05d332cbcb0655b2dc644,ACQUIRED,ALL_SELECTED_PROJECTS_SUCCESS,1,1,2,1,0,89,benchmarks/isu/best_effort_build_runs/9beb76425d2bf5942a4d/isu-9beb76425d2bf5942a4d-20260814T192226Z-d65ea76f2de9485e906610a72426cf86/attempt_manifest.json,
9d8daa19c1e936e9ba9e,https://github.com/code-423n4/2024-05-loop.git,20d9013a93a1ba98154198d6cf3c63f73ab95658,ACQUIRED,ALL_SELECTED_PROJECTS_SUCCESS,1,1,2,1,0,52,benchmarks/isu/best_effort_build_runs/9d8daa19c1e936e9ba9e/isu-9d8daa19c1e936e9ba9e-20260814T192256Z-a316380bc260434a8da085f0d5ace2e6/attempt_manifest.json,
a07699f968c72edb3c0e,https://github.com/code-423n4/2023-02-malt.git,700f9b468f9cf8c9c5cffaa1eba1b8dea40503f9,ACQUIRED,ALL_SELECTED_PROJECTS_SUCCESS,1,1,1,1,0,170,benchmarks/isu/best_effort_build_runs/a07699f968c72edb3c0e/isu-a07699f968c72edb3c0e-20260814T191006Z-70f7ec399d7f4344af46c6299238eb96/attempt_manifest.json,
a71bbe43cb08fee655f2,https://github.com/code-423n4/2021-12-amun.git,cf890dedf2e43ec787e8e5df65726316fda134a1,ACQUIRED,PARTIAL_PROJECT_SUCCESS,2,1,6,1,0,131,benchmarks/isu/best_effort_build_runs/a71bbe43cb08fee655f2/isu-a71bbe43cb08fee655f2-20260815T025735Z-4907256971ed489781bc8dd72a737386/attempt_manifest.json,
a73834efc6e9224c9f97,https://github.com/code-423n4/2023-11-zetachain.git,b237708ed5e86f12c4bddabddfd42f001e81941a,ACQUIRED,ALL_SELECTED_PROJECTS_SUCCESS,1,1,1,1,0,207,benchmarks/isu/best_effort_build_runs/a73834efc6e9224c9f97/isu-a73834efc6e9224c9f97-20260814T191036Z-3a4df84bd3b24674b7e91e33d512ef9a/attempt_manifest.json,
ac67415d04325a4657e0,https://github.com/code-423n4/2023-03-neotokyo.git,8349427f4346ade378dcacd4c131b9cfa7eadaf7,ACQUIRED,ALL_SELECTED_PROJECTS_SUCCESS,1,1,1,1,0,340,benchmarks/isu/best_effort_build_runs/ac67415d04325a4657e0/isu-ac67415d04325a4657e0-20260815T034935Z-e9d63496a14a42a49728a4be122c5124/attempt_manifest.json,
ad517a7d673ed4aa19f4,https://github.com/code-423n4/2021-11-bootfinance.git,f102ee73eb320532c5a7c1e833f225c479577e39,ACQUIRED,PARTIAL_PROJECT_SUCCESS,3,2,5,2,0,109,benchmarks/isu/best_effort_build_runs/ad517a7d673ed4aa19f4/isu-ad517a7d673ed4aa19f4-20260814T194207Z-f2ec1cd8bd004512bf44e62f36b8457a/attempt_manifest.json,
ad6fb8b6aeb8640d4b85,https://github.com/code-423n4/2022-01-behodler.git,ce1e7893bdbff8bd7b70474e902e990ac4aeafaf,ACQUIRED,ALL_SELECTED_PROJECTS_SUCCESS,1,1,1,1,0,257,benchmarks/isu/best_effort_build_runs/ad6fb8b6aeb8640d4b85/isu-ad6fb8b6aeb8640d4b85-20260814T191124Z-3ca26189e54b4aa48851505b2f3f80a9/attempt_manifest.json,
af2962b8335feda2b275,https://github.com/jbx-protocol/juice-nft-rewards.git,f9893b1497098241dd3a664956d8016ff0d0efd0,ACQUIRED,ALL_SELECTED_PROJECTS_SUCCESS,1,1,1,1,0,120,benchmarks/isu/best_effort_build_runs/af2962b8335feda2b275/isu-af2962b8335feda2b275-20260814T191138Z-6fd89f36a6124395b580706d917e29e6/attempt_manifest.json,
afe6967172f4b9b0e34a,https://github.com/code-423n4/2024-05-olas.git,c217c378f48438fb505fb04db4107c839b928e7e,ACQUIRED,PARTIAL_PROJECT_SUCCESS,3,2,6,2,0,313,benchmarks/isu/best_effort_build_runs/afe6967172f4b9b0e34a/isu-afe6967172f4b9b0e34a-20260814T192321Z-d7c8e642f6434d7d9c7cbd0d1a6dbda7/attempt_manifest.json,
b1eb5ae54e7312475c93,https://github.com/code-423n4/2022-08-frax.git,c4189a3a98b38c8c962c5ea72f1a322fbc2ae45f,ACQUIRED,ALL_SELECTED_PROJECTS_SUCCESS,1,1,1,1,0,59,benchmarks/isu/best_effort_build_runs/b1eb5ae54e7312475c93/isu-b1eb5ae54e7312475c93-20260814T191205Z-223c3d2b8e754026b708b7e970147bf8/attempt_manifest.json,
b4a1b55fe2d18f122a1e,https://github.com/code-423n4/2024-04-dyad.git,cd48c684a58158de444b24854ffd8f07d046c31b,ACQUIRED,ALL_SELECTED_PROJECTS_SUCCESS,1,1,1,1,0,92,benchmarks/isu/best_effort_build_runs/b4a1b55fe2d18f122a1e/isu-b4a1b55fe2d18f122a1e-20260814T191207Z-dbdcaaec15d64dd784a513707713ca97/attempt_manifest.json,
b4d84a145ba45e9843d1,https://github.com/code-423n4/2023-05-particle.git,bbd1c01407a017046c86fdb483bbabfb1fb085d8,ACQUISITION_FAILURE,ACQUISITION_FAILURE,0,0,0,0,0,0,,RuntimeError: command failed (128): git fetch --depth 1 origin bbd1c01407a017046c86fdb483bbabfb1fb085d8
b6da317163e7b77bd40c,https://github.com/code-423n4/2022-07-golom.git,8f198624b97addbbe9602a451c908ea51bd3357c,ACQUIRED,ALL_SELECTED_PROJECTS_SUCCESS,1,1,1,1,0,138,benchmarks/isu/best_effort_build_runs/b6da317163e7b77bd40c/isu-b6da317163e7b77bd40c-20260814T191208Z-c55ef8e349b24b88a3475cf0e5dde93d/attempt_manifest.json,
b96ecb664aefbf38d2d7,https://github.com/code-423n4/2022-09-frax.git,dc6684f77b4e9bd965e8862be7f5fb71473a4c4c,ACQUIRED,ALL_SELECTED_PROJECTS_SUCCESS,1,1,3,2,0,40,benchmarks/isu/best_effort_build_runs/b96ecb664aefbf38d2d7/isu-b96ecb664aefbf38d2d7-20260815T030709Z-482d8242f37447149bd535c2dabe8d92/attempt_manifest.json,
bd7d8afe32a8ef2e533a,https://github.com/code-423n4/2021-09-defiProtocol.git,31e30e6da03c615d833611022603b6c7e393a514,ACQUIRED,ALL_SELECTED_PROJECTS_SUCCESS,1,1,1,1,0,45,benchmarks/isu/best_effort_build_runs/bd7d8afe32a8ef2e533a/isu-bd7d8afe32a8ef2e533a-20260814T191210Z-083f33c4d8c947a191b62f83915dda4a/attempt_manifest.json,
bee019e8a0d6149543c5,https://github.com/code-423n4/2022-07-golom.git,7753ce19bc05cb84162c3c9f50dc3c89f479e5be,ACQUIRED,ALL_SELECTED_PROJECTS_SUCCESS,1,1,1,1,0,138,benchmarks/isu/best_effort_build_runs/bee019e8a0d6149543c5/isu-bee019e8a0d6149543c5-20260814T191212Z-15a156d7362048b1be66d6f6a3aab64f/attempt_manifest.json,
beef56a5a282f2ba6af8,https://github.com/code-423n4/2023-01-popcorn.git,9382ae9c6414df7f9b5aecd5754c59019ced60b7,ACQUIRED,ALL_SELECTED_PROJECTS_SUCCESS,1,1,1,1,0,135,benchmarks/isu/best_effort_build_runs/beef56a5a282f2ba6af8/isu-beef56a5a282f2ba6af8-20260814T191256Z-f7b432a64c924df8bc9d3516fb30ac62/attempt_manifest.json,
bff4c70e313a4fd4754a,https://github.com/code-423n4/2022-12-forgeries.git,42e2996aaec205a93685bfb32d47eca79941e2bf,ACQUIRED,ALL_SELECTED_PROJECTS_SUCCESS,1,1,1,1,0,77,benchmarks/isu/best_effort_build_runs/bff4c70e313a4fd4754a/isu-bff4c70e313a4fd4754a-20260814T191258Z-58103f306f014dbbbe90f53bed49a444/attempt_manifest.json,
c5ceefd6e9d31ebeb5bd,https://github.com/code-423n4/2023-03-polynomial.git,aeecafc8aaceab1ebeb94117459946032ccdff1e,ACQUISITION_FAILURE,ACQUISITION_FAILURE,0,0,0,0,0,0,,RuntimeError: command failed (128): git fetch --depth 1 origin aeecafc8aaceab1ebeb94117459946032ccdff1e
c7315dd0cd937eb91438,https://github.com/code-423n4/2023-12-particle.git,a3af40839b24aa13f5764d4f84933dbfa8bc8134,ACQUIRED,ALL_SELECTED_PROJECTS_SUCCESS,1,1,1,1,0,107,benchmarks/isu/best_effort_build_runs/c7315dd0cd937eb91438/isu-c7315dd0cd937eb91438-20260814T191306Z-2cf0ad50347d4aefa98ddd17364cd7be/attempt_manifest.json,
c7fcb7c2bdaac83cd94d,https://github.com/code-423n4/2022-04-abranft.git,5cd4edc3298c05748e952f8a8c93e42f930a78c2,ACQUIRED,ALL_SELECTED_PROJECTS_SUCCESS,1,1,2,1,0,156,benchmarks/isu/best_effort_build_runs/c7fcb7c2bdaac83cd94d/isu-c7fcb7c2bdaac83cd94d-20260814T210858Z-c069bea1cacc445b9eefbb042481a9a4/attempt_manifest.json,
cc56f82e45b5a1958baa,https://github.com/PartyDAO/party-contracts-c4.git,3896577b8f0fa16cba129dc2867aba786b730c1b,ACQUIRED,ALL_SELECTED_PROJECTS_SUCCESS,1,1,1,1,0,169,benchmarks/isu/best_effort_build_runs/cc56f82e45b5a1958baa/isu-cc56f82e45b5a1958baa-20260814T191316Z-41f9780d9d6c4a6f94ca7872a11b6740/attempt_manifest.json,
d40239342ee19aba5e73,https://github.com/code-423n4/2022-02-concur.git,f906d9429739b4c9d00a439964cca81c0d92352f,ACQUIRED,ALL_SELECTED_PROJECTS_SUCCESS,1,1,3,1,0,55,benchmarks/isu/best_effort_build_runs/d40239342ee19aba5e73/isu-d40239342ee19aba5e73-20260814T213055Z-59d10664f01a41178081686efb68da9a/attempt_manifest.json,
d70057952f8081152c99,https://github.com/code-423n4/2024-01-curves.git,516aedb7b9a8d341d0d2666c23780d2bd8a9a600,ACQUIRED,ALL_SELECTED_PROJECTS_SUCCESS,1,1,7,1,0,37,benchmarks/isu/best_effort_build_runs/d70057952f8081152c99/isu-d70057952f8081152c99-20260815T024314Z-ebefab161ad34eb3ad155aceb6e98b67/attempt_manifest.json,
d7c2d75431fd4e77ba2d,https://github.com/code-423n4/2021-10-mochi.git,b74cfe1815ba768954415eff6f1096c95564ad8b,ACQUIRED,ALL_SELECTED_PROJECTS_SUCCESS,3,3,8,3,2,171,benchmarks/isu/best_effort_build_runs/d7c2d75431fd4e77ba2d/isu-d7c2d75431fd4e77ba2d-20260814T212543Z-701e390ba1b14dcb866d8dca675798a1/attempt_manifest.json,
e31b806756023cb9c5e9,https://github.com/code-423n4/2021-11-unlock.git,84086b6486d9691e3f5e1ac696c794eea610c814,ACQUIRED,ALL_SELECTED_PROJECTS_SUCCESS,1,1,1,1,0,234,benchmarks/isu/best_effort_build_runs/e31b806756023cb9c5e9/isu-e31b806756023cb9c5e9-20260815T034749Z-d770e181777046729b61a3354449c1c9/attempt_manifest.json,
e58beaed9b98b08064e6,https://github.com/code-423n4/2024-03-revert-lend.git,62ad70e634082930aed861e153d2c1e0cc94e44e,ACQUIRED,ALL_SELECTED_PROJECTS_SUCCESS,1,1,1,1,0,96,benchmarks/isu/best_effort_build_runs/e58beaed9b98b08064e6/isu-e58beaed9b98b08064e6-20260814T191403Z-658568b1cea44e90ae292c8297eff399/attempt_manifest.json,
e7689c5bacc48db39ccb,https://github.com/code-423n4/2022-11-paraspace.git,34cb87ea4a5e698f49ae5f5a07228db99514b7c7,ACQUIRED,ALL_SELECTED_PROJECTS_SUCCESS,1,1,3,1,0,974,benchmarks/isu/best_effort_build_runs/e7689c5bacc48db39ccb/isu-e7689c5bacc48db39ccb-20260814T211206Z-5593746b51604b05952016f1968ab824/attempt_manifest.json,
eb98a059ef709e7c9611,https://github.com/code-423n4/2023-08-dopex.git,00601a3f4e3f662007b077bf1b201c9f5f00a8b6,ACQUIRED,ALL_SELECTED_PROJECTS_SUCCESS,1,1,5,1,0,6,benchmarks/isu/best_effort_build_runs/eb98a059ef709e7c9611/isu-eb98a059ef709e7c9611-20260814T214525Z-413b0348eb6342dc8017d9ca8b67d161/attempt_manifest.json,
ec5efe413e6f66910418,https://github.com/code-423n4/2022-11-stakehouse.git,08a34ed4505173e7cad2d3b2bde92863b61716c8,ACQUIRED,ALL_SELECTED_PROJECTS_SUCCESS,1,1,1,1,0,177,benchmarks/isu/best_effort_build_runs/ec5efe413e6f66910418/isu-ec5efe413e6f66910418-20260814T191416Z-88cbe3b3d37e42b3982f522626d0abc3/attempt_manifest.json,
edb1f071a84b4371a099,https://github.com/code-423n4/2023-02-malt.git,63d0e77070886d1c8b4ca6241a747656a0441175,ACQUIRED,ALL_SELECTED_PROJECTS_SUCCESS,1,1,1,1,0,170,benchmarks/isu/best_effort_build_runs/edb1f071a84b4371a099/isu-edb1f071a84b4371a099-20260814T191416Z-fed806f5e59e40e38e45bedb9482601a/attempt_manifest.json,
ee0fa7d435f1c79612d5,https://github.com/code-423n4/2022-12-tessera.git,f37a11407da2af844bbfe868e1422e3665a5f8e4,ACQUIRED,ALL_SELECTED_PROJECTS_SUCCESS,1,1,1,1,0,149,benchmarks/isu/best_effort_build_runs/ee0fa7d435f1c79612d5/isu-ee0fa7d435f1c79612d5-20260814T191418Z-dc45a41e59c94b1598f0fd5527192664/attempt_manifest.json,
f4d010dc66dec808788d,https://github.com/code-423n4/2022-08-olympus.git,b5e139d732eb4c07102f149fb9426d356af617aa,ACQUIRED,ALL_SELECTED_PROJECTS_SUCCESS,1,1,4,1,0,3,benchmarks/isu/best_effort_build_runs/f4d010dc66dec808788d/isu-f4d010dc66dec808788d-20260814T214219Z-c3cc1e34bead4488bf61e5237201068d/attempt_manifest.json,
f50077300d555dbf4ab9,https://github.com/PlayFi-Labs/node-license-sale-contracts.git,219c9ac0c963074cdd032f1188d0b5b7f6e3ccbb,ACQUIRED,SUCCESS_FALLBACK,0,0,3,1,0,37,benchmarks/isu/best_effort_build_runs/f50077300d555dbf4ab9/isu-f50077300d555dbf4ab9-20260814T191540Z-f57c5e4a979f47aa84b7ef1ae3358945/attempt_manifest.json,
fa3e53cdabdbb7f07346,https://github.com/debtdao/Line-of-Credit.git,e8aa08b44f6132a5ed901f8daa231700c5afeb3a,ACQUIRED,ALL_SELECTED_PROJECTS_SUCCESS,1,1,2,1,0,4,benchmarks/isu/best_effort_build_runs/fa3e53cdabdbb7f07346/isu-fa3e53cdabdbb7f07346-20260814T215204Z-4859b9bd2f684e598c9c61fd1b771177/attempt_manifest.json,
fa4a8073c5c25e104017,https://github.com/code-423n4/2022-11-stakehouse.git,4b6828e9c807f2f7c569e6d721ca1289f7cf7112,ACQUIRED,ALL_SELECTED_PROJECTS_SUCCESS,1,1,1,1,0,177,benchmarks/isu/best_effort_build_runs/fa4a8073c5c25e104017/isu-fa4a8073c5c25e104017-20260814T191424Z-2355989520b54d55ab32406faa9d3504/attempt_manifest.json,
fe399aaaec4f5e1411c6,https://github.com/code-423n4/2022-12-tigris.git,496e1974ee3838be8759e7b4096dbee1b8795593,ACQUIRED,ALL_SELECTED_PROJECTS_SUCCESS,1,1,1,1,0,164,benchmarks/isu/best_effort_build_runs/fe399aaaec4f5e1411c6/isu-fe399aaaec4f5e1411c6-20260814T191427Z-f4ccf4f938d44c61a726296c99664aef/attempt_manifest.json,
fed0ac8da716985d869b,https://github.com/code-423n4/2023-06-lybra.git,4f7ee7b143d75faebfc9cceb21a0ac794d84978a,ACQUIRED,ALL_SELECTED_PROJECTS_SUCCESS,1,1,1,1,0,241,benchmarks/isu/best_effort_build_runs/fed0ac8da716985d869b/isu-fed0ac8da716985d869b-20260814T191434Z-20a00d7b3b574cb291e188f7119f26c0/attempt_manifest.json,
fed6883739d838ef60fe,https://github.com/code-423n4/2024-02-ai-arena.git,b05b54a9eb5b0964bde9825f75305caa2d943155,ACQUIRED,ALL_SELECTED_PROJECTS_SUCCESS,1,1,1,1,0,73,benchmarks/isu/best_effort_build_runs/fed6883739d838ef60fe/isu-fed6883739d838ef60fe-20260814T191436Z-33352ba38b0240eb921574e27f556b3e/attempt_manifest.json,
