source_id,project_root,reason
05442cbaf1d69b91d5a4,lib/forge-std,covered by repository-root native build
05442cbaf1d69b91d5a4,lib/foundry-devops,covered by repository-root native build
05442cbaf1d69b91d5a4,lib/foundry-devops/lib/forge-std,covered by repository-root native build
05442cbaf1d69b91d5a4,lib/openzeppelin-contracts-upgradeable,covered by repository-root native build
05442cbaf1d69b91d5a4,lib/openzeppelin-contracts-upgradeable/lib/forge-std,covered by repository-root native build
05442cbaf1d69b91d5a4,lib/openzeppelin-contracts-upgradeable/lib/openzeppelin-contracts,covered by repository-root native build
05442cbaf1d69b91d5a4,lib/openzeppelin-contracts-upgradeable/lib/openzeppelin-contracts/lib/forge-std,covered by repository-root native build
05442cbaf1d69b91d5a4,lib/openzeppelin-foundry-upgrades,covered by repository-root native build
05442cbaf1d69b91d5a4,lib/openzeppelin-foundry-upgrades/lib/forge-std,covered by repository-root native build
05442cbaf1d69b91d5a4,lib/solady,covered by repository-root native build
1218dd25f99c8259083b,lib/forge-std,covered by repository-root native build
1218dd25f99c8259083b,lib/openzeppelin-contracts,covered by repository-root native build
1218dd25f99c8259083b,lib/solmate,covered by repository-root native build
2112b446760a0ffed350,pkg,covered by repository-root native build
2112b446760a0ffed350,pkg/lib/forge-std,covered by repository-root native build
259153db5bcad1231d62,packages/contracts-bedrock,covered by repository-root native build
259153db5bcad1231d62,packages/contracts-bedrock/lib/automate,covered by repository-root native build
259153db5bcad1231d62,packages/contracts-bedrock/lib/automate/lib/forge-std,covered by repository-root native build
259153db5bcad1231d62,packages/contracts-bedrock/lib/automate/lib/openzeppelin-contracts,covered by repository-root native build
259153db5bcad1231d62,packages/contracts-bedrock/lib/automate/lib/openzeppelin-contracts/lib/forge-std,covered by repository-root native build
259153db5bcad1231d62,packages/contracts-bedrock/lib/automate/lib/prb-test,covered by repository-root native build
259153db5bcad1231d62,packages/contracts-bedrock/lib/forge-std,covered by repository-root native build
259153db5bcad1231d62,packages/contracts-bedrock/lib/lib-keccak,covered by repository-root native build
259153db5bcad1231d62,packages/contracts-bedrock/lib/lib-keccak/lib/forge-std,covered by repository-root native build
259153db5bcad1231d62,packages/contracts-bedrock/lib/lib-keccak/lib/solady,covered by repository-root native build
259153db5bcad1231d62,packages/contracts-bedrock/lib/openzeppelin-contracts,covered by repository-root native build
259153db5bcad1231d62,packages/contracts-bedrock/lib/openzeppelin-contracts-upgradeable,covered by repository-root native build
259153db5bcad1231d62,packages/contracts-bedrock/lib/safe-contracts,covered by repository-root native build
259153db5bcad1231d62,packages/contracts-bedrock/lib/solady,covered by repository-root native build
259153db5bcad1231d62,packages/contracts-bedrock/lib/solmate,covered by repository-root native build
259153db5bcad1231d62,packages/sdk,covered by repository-root native build
27d99ecc930a40c3f443,repo/vader-bond,covered by repository-root native build
289230e8a49b17b81b97,lib/Solady,covered by repository-root native build
289230e8a49b17b81b97,lib/forge-std,covered by repository-root native build
289230e8a49b17b81b97,lib/openzeppelin-contracts,covered by repository-root native build
289230e8a49b17b81b97,lib/openzeppelin-contracts/lib/forge-std,covered by repository-root native build
289230e8a49b17b81b97,lib/safe-contracts,covered by repository-root native build
289230e8a49b17b81b97,lib/seaport-core,covered by repository-root native build
289230e8a49b17b81b97,lib/seaport-core/lib/forge-std,covered by repository-root native build
289230e8a49b17b81b97,lib/seaport-core/lib/seaport-types,covered by repository-root native build
289230e8a49b17b81b97,lib/seaport-sol,covered by repository-root native build
289230e8a49b17b81b97,lib/seaport-sol/lib/forge-std,covered by repository-root native build
289230e8a49b17b81b97,lib/seaport-sol/lib/seaport-core,covered by repository-root native build
289230e8a49b17b81b97,lib/seaport-sol/lib/seaport-types,covered by repository-root native build
289230e8a49b17b81b97,lib/seaport-sol/lib/solady,covered by repository-root native build
289230e8a49b17b81b97,lib/seaport-types,covered by repository-root native build
29a26915e78db1075e4d,lib/forge-std,covered by repository-root native build
29a26915e78db1075e4d,lib/openzeppelin-contracts,covered by repository-root native build
29a26915e78db1075e4d,lib/openzeppelin-contracts-upgradeable,covered by repository-root native build
29a26915e78db1075e4d,lib/openzeppelin-contracts-upgradeable/lib/forge-std,covered by repository-root native build
29a26915e78db1075e4d,lib/openzeppelin-contracts/lib/forge-std,covered by repository-root native build
29a26915e78db1075e4d,lib/prb-math,covered by repository-root native build
29a26915e78db1075e4d,lib/prb-math/lib/forge-std,covered by repository-root native build
29a26915e78db1075e4d,lib/prb-math/lib/prb-test,covered by repository-root native build
33438b4b2584abe90998,test/forge-std,covered by repository-root native build
38004f8839e04e30cd59,lib/chainlink/contracts,covered by repository-root native build
38004f8839e04e30cd59,lib/chainlink/contracts/foundry-lib/forge-std,covered by repository-root native build
38004f8839e04e30cd59,lib/delegate-registry,covered by repository-root native build
38004f8839e04e30cd59,lib/delegate-registry/lib/forge-std,covered by repository-root native build
38004f8839e04e30cd59,lib/delegate-registry/lib/murky,covered by repository-root native build
38004f8839e04e30cd59,lib/delegate-registry/lib/murky/lib/forge-std,covered by repository-root native build
38004f8839e04e30cd59,lib/delegate-registry/lib/murky/lib/openzeppelin-contracts,covered by repository-root native build
38004f8839e04e30cd59,lib/delegate-registry/lib/openzeppelin-contracts,covered by repository-root native build
38004f8839e04e30cd59,lib/delegate-registry/lib/openzeppelin-contracts/lib/forge-std,covered by repository-root native build
38004f8839e04e30cd59,lib/forge-std,covered by repository-root native build
38004f8839e04e30cd59,lib/openzeppelin-contracts,covered by repository-root native build
38004f8839e04e30cd59,lib/openzeppelin-contracts/lib/forge-std,covered by repository-root native build
38004f8839e04e30cd59,lib/seaport,covered by repository-root native build
38004f8839e04e30cd59,lib/seaport/lib/forge-std,covered by repository-root native build
38004f8839e04e30cd59,lib/seaport/lib/murky,covered by repository-root native build
38004f8839e04e30cd59,lib/seaport/lib/murky/lib/openzeppelin-contracts,covered by repository-root native build
38004f8839e04e30cd59,lib/seaport/lib/openzeppelin-contracts,covered by repository-root native build
38004f8839e04e30cd59,lib/seaport/lib/openzeppelin-contracts/lib/forge-std,covered by repository-root native build
38004f8839e04e30cd59,lib/seaport/lib/seaport-core,covered by repository-root native build
38004f8839e04e30cd59,lib/seaport/lib/seaport-core/lib/seaport-types,covered by repository-root native build
38004f8839e04e30cd59,lib/seaport/lib/seaport-sol,covered by repository-root native build
38004f8839e04e30cd59,lib/seaport/lib/seaport-sol/lib/forge-std,covered by repository-root native build
38004f8839e04e30cd59,lib/seaport/lib/seaport-sol/lib/seaport-core,covered by repository-root native build
38004f8839e04e30cd59,lib/seaport/lib/seaport-sol/lib/seaport-types,covered by repository-root native build
38004f8839e04e30cd59,lib/seaport/lib/seaport-sol/lib/solady,covered by repository-root native build
38004f8839e04e30cd59,lib/seaport/lib/seaport-types,covered by repository-root native build
38004f8839e04e30cd59,lib/seaport/lib/solady,covered by repository-root native build
38004f8839e04e30cd59,lib/seaport/lib/solady/lib/solmate,covered by repository-root native build
38004f8839e04e30cd59,lib/seaport/lib/solarray,covered by repository-root native build
38004f8839e04e30cd59,lib/seaport/lib/solarray/lib/forge-std,covered by repository-root native build
38004f8839e04e30cd59,lib/seaport/lib/solmate,covered by repository-root native build
38004f8839e04e30cd59,lib/solmate,covered by repository-root native build
38004f8839e04e30cd59,lib/v3,covered by repository-root native build
39f49ac45cca3e9c8e51,lib/forge-std,covered by repository-root native build
3e4e01feaa76a5bfa74c,packages/v2-library,covered by repository-root native build
3e4e01feaa76a5bfa74c,packages/v2-library/lib/forge-std,covered by repository-root native build
3e4e01feaa76a5bfa74c,packages/v2-option,covered by repository-root native build
3e4e01feaa76a5bfa74c,packages/v2-pool,covered by repository-root native build
3e4e01feaa76a5bfa74c,packages/v2-pool/lib/forge-std,covered by repository-root native build
3e4e01feaa76a5bfa74c,packages/v2-token,covered by repository-root native build
3e4e01feaa76a5bfa74c,packages/v2-token/lib/forge-std,covered by repository-root native build
45244eb6ad77ecbb8d10,lib/forge-std,covered by repository-root native build
45244eb6ad77ecbb8d10,lib/openzeppelin-contracts,covered by repository-root native build
45244eb6ad77ecbb8d10,lib/openzeppelin-contracts/lib/forge-std,covered by repository-root native build
45244eb6ad77ecbb8d10,lib/solady,covered by repository-root native build
45244eb6ad77ecbb8d10,lib/solmate,covered by repository-root native build
45244eb6ad77ecbb8d10,lib/v3-core,covered by repository-root native build
45244eb6ad77ecbb8d10,lib/v3-periphery,covered by repository-root native build
473151643bd9895c6905,lib/forge-std,covered by repository-root native build
473151643bd9895c6905,lib/openzeppelin-contracts,covered by repository-root native build
473151643bd9895c6905,lib/openzeppelin-contracts-upgradeable,covered by repository-root native build
473151643bd9895c6905,lib/openzeppelin-contracts-upgradeable/lib/forge-std,covered by repository-root native build
473151643bd9895c6905,lib/openzeppelin-contracts-upgradeable/lib/openzeppelin-contracts,covered by repository-root native build
473151643bd9895c6905,lib/openzeppelin-contracts-upgradeable/lib/openzeppelin-contracts/lib/forge-std,covered by repository-root native build
473151643bd9895c6905,lib/openzeppelin-contracts/lib/forge-std,covered by repository-root native build
4ca8847e64fbb6fb2f6b,lib/chainlink/contracts,covered by repository-root native build
4ca8847e64fbb6fb2f6b,lib/chainlink/contracts/foundry-lib/forge-std,covered by repository-root native build
4ca8847e64fbb6fb2f6b,lib/chainlink/contracts/foundry-lib/openzeppelin-contracts,covered by repository-root native build
4ca8847e64fbb6fb2f6b,lib/chainlink/contracts/foundry-lib/openzeppelin-contracts/lib/forge-std,covered by repository-root native build
4ca8847e64fbb6fb2f6b,lib/openzeppelin-contracts,covered by repository-root native build
4ca8847e64fbb6fb2f6b,lib/openzeppelin-contracts/lib/forge-std,covered by repository-root native build
4ca8847e64fbb6fb2f6b,lib/v3-core,covered by repository-root native build
51822de69e2919a4a935,gitsub_tapioca-sdk,covered by repository-root native build
51822de69e2919a4a935,tapioca-periph,covered by repository-root native build
51822de69e2919a4a935,tapioca-periph/gitsub_tapioca-sdk,covered by repository-root native build
52a7f0b0d3f1a008a383,lib/forge-std,covered by repository-root native build
52a7f0b0d3f1a008a383,lib/openzeppelin-contracts,covered by repository-root native build
52a7f0b0d3f1a008a383,lib/openzeppelin-contracts/lib/forge-std,covered by repository-root native build
55e1bbda13af0e5d9ef5,lib/forge-std,covered by repository-root native build
57417c735ac666efab33,lib/forge-std,covered by repository-root native build
57417c735ac666efab33,lib/openzeppelin-contracts,covered by repository-root native build
57417c735ac666efab33,lib/openzeppelin-contracts-upgradeable,covered by repository-root native build
57417c735ac666efab33,lib/openzeppelin-contracts-upgradeable/lib/forge-std,covered by repository-root native build
57417c735ac666efab33,lib/openzeppelin-contracts-upgradeable/lib/openzeppelin-contracts,covered by repository-root native build
57417c735ac666efab33,lib/openzeppelin-contracts-upgradeable/lib/openzeppelin-contracts/lib/forge-std,covered by repository-root native build
57417c735ac666efab33,lib/openzeppelin-contracts/lib/forge-std,covered by repository-root native build
5fcf634788264400193d,ajna-core/lib/clones-with-immutable-args,vendored/dependency project root
5fcf634788264400193d,ajna-core/lib/openzeppelin-contracts,vendored/dependency project root
5fcf634788264400193d,ajna-core/lib/openzeppelin-contracts/lib/forge-std,vendored/dependency project root
5fcf634788264400193d,ajna-core/lib/prb-math,vendored/dependency project root
5fcf634788264400193d,ajna-grants/lib/forge-std,vendored/dependency project root
5fcf634788264400193d,ajna-grants/lib/openzeppelin-contracts,vendored/dependency project root
726f7da124ec405fcefd,lib/openzeppelin-contracts,covered by repository-root native build
86ebab4217d32b417d8d,lib/forge-std,covered by repository-root native build
86ebab4217d32b417d8d,lib/openzeppelin-contracts,covered by repository-root native build
86ebab4217d32b417d8d,lib/solmate,covered by repository-root native build
876f079fe57e7d22f859,lib/forge-std,covered by repository-root native build
876f079fe57e7d22f859,lib/openzeppelin-contracts,covered by repository-root native build
876f079fe57e7d22f859,lib/seaport,covered by repository-root native build
876f079fe57e7d22f859,lib/seaport/lib/murky,covered by repository-root native build
876f079fe57e7d22f859,lib/seaport/lib/murky/lib/openzeppelin-contracts,covered by repository-root native build
876f079fe57e7d22f859,lib/seaport/lib/openzeppelin-contracts,covered by repository-root native build
876f079fe57e7d22f859,lib/seaport/lib/solmate,covered by repository-root native build
876f079fe57e7d22f859,lib/solmate,covered by repository-root native build
9ae84cf683640be4e904,lib/forge-std,covered by repository-root native build
9ae84cf683640be4e904,lib/sol-utils,covered by repository-root native build
9ae84cf683640be4e904,lib/solmate,covered by repository-root native build
9d8daa19c1e936e9ba9e,lib/forge-std,covered by repository-root native build
9d8daa19c1e936e9ba9e,lib/openzeppelin-contracts,covered by repository-root native build
9d8daa19c1e936e9ba9e,lib/openzeppelin-contracts/lib/forge-std,covered by repository-root native build
a07699f968c72edb3c0e,lib/forge-std,covered by repository-root native build
a07699f968c72edb3c0e,lib/openzeppelin-contracts,covered by repository-root native build
a07699f968c72edb3c0e,lib/openzeppelin-contracts/lib/forge-std,covered by repository-root native build
afe6967172f4b9b0e34a,governance/lib/fx-portal,vendored/dependency project root
afe6967172f4b9b0e34a,governance/lib/fx-portal/lib/forge-std,vendored/dependency project root
afe6967172f4b9b0e34a,governance/lib/fx-portal/lib/openzeppelin-contracts,vendored/dependency project root
afe6967172f4b9b0e34a,governance/lib/fx-portal/lib/openzeppelin-contracts/lib/forge-std,vendored/dependency project root
afe6967172f4b9b0e34a,governance/lib/solmate,vendored/dependency project root
afe6967172f4b9b0e34a,registries/lib/forge-std,vendored/dependency project root
afe6967172f4b9b0e34a,registries/lib/solmate,vendored/dependency project root
afe6967172f4b9b0e34a,tokenomics/lib/forge-std,vendored/dependency project root
afe6967172f4b9b0e34a,tokenomics/lib/fx-portal,vendored/dependency project root
afe6967172f4b9b0e34a,tokenomics/lib/fx-portal/lib/forge-std,vendored/dependency project root
afe6967172f4b9b0e34a,tokenomics/lib/fx-portal/lib/openzeppelin-contracts,vendored/dependency project root
afe6967172f4b9b0e34a,tokenomics/lib/fx-portal/lib/openzeppelin-contracts/lib/forge-std,vendored/dependency project root
afe6967172f4b9b0e34a,tokenomics/lib/solmate,vendored/dependency project root
afe6967172f4b9b0e34a,tokenomics/lib/zuniswapv2,vendored/dependency project root
afe6967172f4b9b0e34a,tokenomics/lib/zuniswapv2/lib/solmate/lib/weird-erc20,vendored/dependency project root
afe6967172f4b9b0e34a,registries/integrations/solana,covered by selected ancestor native build
b4a1b55fe2d18f122a1e,lib/forge-std,covered by repository-root native build
b4a1b55fe2d18f122a1e,lib/openzeppelin-contracts,covered by repository-root native build
b4a1b55fe2d18f122a1e,lib/solmate,covered by repository-root native build
beef56a5a282f2ba6af8,lib/forge-std,covered by repository-root native build
beef56a5a282f2ba6af8,lib/solmate,covered by repository-root native build
c7315dd0cd937eb91438,lib/forge-std,covered by repository-root native build
c7315dd0cd937eb91438,lib/openzeppelin-contracts,covered by repository-root native build
c7315dd0cd937eb91438,lib/openzeppelin-contracts-upgradeable,covered by repository-root native build
c7315dd0cd937eb91438,lib/openzeppelin-contracts-upgradeable/lib/forge-std,covered by repository-root native build
c7315dd0cd937eb91438,lib/openzeppelin-contracts/lib/forge-std,covered by repository-root native build
c7315dd0cd937eb91438,lib/solmate,covered by repository-root native build
c7315dd0cd937eb91438,lib/v3-core,covered by repository-root native build
c7315dd0cd937eb91438,lib/v3-periphery,covered by repository-root native build
cc56f82e45b5a1958baa,lib/forge-std,covered by repository-root native build
cc56f82e45b5a1958baa,lib/openzeppelin-contracts,covered by repository-root native build
cc56f82e45b5a1958baa,lib/solmate,covered by repository-root native build
e58beaed9b98b08064e6,lib/openzeppelin-contracts,covered by repository-root native build
e58beaed9b98b08064e6,lib/permit2,covered by repository-root native build
e58beaed9b98b08064e6,lib/permit2/lib/forge-gas-snapshot,covered by repository-root native build
e58beaed9b98b08064e6,lib/permit2/lib/forge-std,covered by repository-root native build
e58beaed9b98b08064e6,lib/permit2/lib/openzeppelin-contracts,covered by repository-root native build
e58beaed9b98b08064e6,lib/permit2/lib/solmate,covered by repository-root native build
e58beaed9b98b08064e6,lib/v3-core,covered by repository-root native build
e58beaed9b98b08064e6,lib/v3-periphery,covered by repository-root native build
eb98a059ef709e7c9611,lib/forge-std,covered by repository-root native build
eb98a059ef709e7c9611,lib/openzeppelin-contracts,covered by repository-root native build
eb98a059ef709e7c9611,lib/openzeppelin-contracts/lib/forge-std,covered by repository-root native build
eb98a059ef709e7c9611,lib/rdpx-eth-oracle,covered by repository-root native build
eb98a059ef709e7c9611,lib/rdpx-eth-oracle/lib/forge-std,covered by repository-root native build
eb98a059ef709e7c9611,lib/rdpx-eth-oracle/lib/openzeppelin-contracts,covered by repository-root native build
eb98a059ef709e7c9611,lib/rdpx-eth-oracle/lib/solidity-lib,covered by repository-root native build
eb98a059ef709e7c9611,lib/rdpx-eth-oracle/lib/v2-core,covered by repository-root native build
eb98a059ef709e7c9611,lib/rdpx-eth-oracle/lib/v2-periphery,covered by repository-root native build
eb98a059ef709e7c9611,lib/solmate,covered by repository-root native build
eb98a059ef709e7c9611,lib/v3-core,covered by repository-root native build
ec5efe413e6f66910418,lib/forge-std,covered by repository-root native build
edb1f071a84b4371a099,lib/forge-std,covered by repository-root native build
edb1f071a84b4371a099,lib/openzeppelin-contracts,covered by repository-root native build
edb1f071a84b4371a099,lib/openzeppelin-contracts/lib/forge-std,covered by repository-root native build
ee0fa7d435f1c79612d5,lib/clones-with-immutable-args,covered by repository-root native build
ee0fa7d435f1c79612d5,lib/forge-std,covered by repository-root native build
ee0fa7d435f1c79612d5,lib/openzeppelin-contracts,covered by repository-root native build
ee0fa7d435f1c79612d5,lib/seaport,covered by repository-root native build
ee0fa7d435f1c79612d5,lib/seaport/lib/murky,covered by repository-root native build
ee0fa7d435f1c79612d5,lib/seaport/lib/murky/lib/openzeppelin-contracts,covered by repository-root native build
ee0fa7d435f1c79612d5,lib/seaport/lib/openzeppelin-contracts,covered by repository-root native build
ee0fa7d435f1c79612d5,lib/seaport/lib/solmate,covered by repository-root native build
ee0fa7d435f1c79612d5,lib/solmate,covered by repository-root native build
f4d010dc66dec808788d,lib/solmate,covered by repository-root native build
fa3e53cdabdbb7f07346,lib/chainlink/contracts,covered by repository-root native build
fa3e53cdabdbb7f07346,lib/forge-std,covered by repository-root native build
fa3e53cdabdbb7f07346,lib/openzeppelin-contracts,covered by repository-root native build
fa4a8073c5c25e104017,lib/forge-std,covered by repository-root native build
fed6883739d838ef60fe,lib/forge-std,covered by repository-root native build
fed6883739d838ef60fe,lib/openzeppelin-contracts,covered by repository-root native build
