source_id,project_root,exit_code,stdout,stderr_tail
05442cbaf1d69b91d5a4,.,0,"{""artifact_files"": 132, ""build_exit_code"": 0, ""dependencies_archived"": true, ""dependency_exit_code"": 0, ""project_root"": ""."", ""source_id"": ""05442cbaf1d69b91d5a4"", ""source_mutations"": 0, ""terminal_status"": ""SUCCESS""}",
1218dd25f99c8259083b,.,0,"{""artifact_files"": 221, ""build_exit_code"": 0, ""dependencies_archived"": true, ""dependency_exit_code"": 0, ""project_root"": ""."", ""source_id"": ""1218dd25f99c8259083b"", ""source_mutations"": 0, ""terminal_status"": ""SUCCESS""}",
17ed21b4712c0b20cc36,.,0,"{""artifact_files"": 0, ""build_exit_code"": null, ""dependencies_archived"": true, ""dependency_exit_code"": 1, ""project_root"": ""."", ""source_id"": ""17ed21b4712c0b20cc36"", ""source_mutations"": 0, ""terminal_status"": ""DEPENDENCY_FAILURE""}",
190ff08406165ccf2990,.,0,"{""artifact_files"": 0, ""build_exit_code"": null, ""dependencies_archived"": true, ""dependency_exit_code"": 1, ""project_root"": ""."", ""source_id"": ""190ff08406165ccf2990"", ""source_mutations"": 0, ""terminal_status"": ""DEPENDENCY_FAILURE""}",
2112b446760a0ffed350,.,0,"{""artifact_files"": 0, ""build_exit_code"": 2, ""dependencies_archived"": true, ""dependency_exit_code"": null, ""project_root"": ""."", ""source_id"": ""2112b446760a0ffed350"", ""source_mutations"": 0, ""terminal_status"": ""BUILD_FAILURE""}",
259153db5bcad1231d62,.,0,"{""artifact_files"": 27, ""build_exit_code"": 1, ""dependencies_archived"": true, ""dependency_exit_code"": 0, ""project_root"": ""."", ""source_id"": ""259153db5bcad1231d62"", ""source_mutations"": 0, ""terminal_status"": ""BUILD_FAILURE""}",
27d99ecc930a40c3f443,.,0,"{""artifact_files"": 0, ""build_exit_code"": 127, ""dependencies_archived"": true, ""dependency_exit_code"": 0, ""project_root"": ""."", ""source_id"": ""27d99ecc930a40c3f443"", ""source_mutations"": 0, ""terminal_status"": ""BUILD_FAILURE""}",
289230e8a49b17b81b97,.,0,"{""artifact_files"": 280, ""build_exit_code"": 0, ""dependencies_archived"": true, ""dependency_exit_code"": null, ""project_root"": ""."", ""source_id"": ""289230e8a49b17b81b97"", ""source_mutations"": 0, ""terminal_status"": ""SUCCESS""}",
28f44f959080974f24f7,.,0,"{""artifact_files"": 0, ""build_exit_code"": 1, ""dependencies_archived"": true, ""dependency_exit_code"": 0, ""project_root"": ""."", ""source_id"": ""28f44f959080974f24f7"", ""source_mutations"": 0, ""terminal_status"": ""BUILD_FAILURE""}",
29a26915e78db1075e4d,.,0,"{""artifact_files"": 163, ""build_exit_code"": 0, ""dependencies_archived"": true, ""dependency_exit_code"": 0, ""project_root"": ""."", ""source_id"": ""29a26915e78db1075e4d"", ""source_mutations"": 0, ""terminal_status"": ""SUCCESS""}",
2b7cbf663fc060f42a75,backd,0,"{""artifact_files"": 422, ""build_exit_code"": 0, ""dependencies_archived"": true, ""dependency_exit_code"": 0, ""project_root"": ""backd"", ""source_id"": ""2b7cbf663fc060f42a75"", ""source_mutations"": 0, ""terminal_status"": ""SUCCESS""}",
33438b4b2584abe90998,.,0,"{""artifact_files"": 156, ""build_exit_code"": 0, ""dependencies_archived"": true, ""dependency_exit_code"": 0, ""project_root"": ""."", ""source_id"": ""33438b4b2584abe90998"", ""source_mutations"": 0, ""terminal_status"": ""SUCCESS""}",
38004f8839e04e30cd59,.,0,"{""artifact_files"": 161, ""build_exit_code"": 0, ""dependencies_archived"": true, ""dependency_exit_code"": null, ""project_root"": ""."", ""source_id"": ""38004f8839e04e30cd59"", ""source_mutations"": 0, ""terminal_status"": ""SUCCESS""}",
39f49ac45cca3e9c8e51,.,0,"{""artifact_files"": 0, ""build_exit_code"": 1, ""dependencies_archived"": true, ""dependency_exit_code"": 0, ""project_root"": ""."", ""source_id"": ""39f49ac45cca3e9c8e51"", ""source_mutations"": 0, ""terminal_status"": ""BUILD_FAILURE""}",
3b078676f7225dc450dc,.,0,"{""artifact_files"": 93, ""build_exit_code"": 0, ""dependencies_archived"": true, ""dependency_exit_code"": 0, ""project_root"": ""."", ""source_id"": ""3b078676f7225dc450dc"", ""source_mutations"": 0, ""terminal_status"": ""SUCCESS""}",
3b40d4c2e2c5c78d66a1,.,0,"{""artifact_files"": 0, ""build_exit_code"": 0, ""dependencies_archived"": true, ""dependency_exit_code"": 0, ""project_root"": ""."", ""source_id"": ""3b40d4c2e2c5c78d66a1"", ""source_mutations"": 0, ""terminal_status"": ""SUCCESS_NO_ARTIFACTS""}",
3e4e01feaa76a5bfa74c,.,0,"{""artifact_files"": 638, ""build_exit_code"": null, ""dependencies_archived"": true, ""dependency_exit_code"": 1, ""project_root"": ""."", ""source_id"": ""3e4e01feaa76a5bfa74c"", ""source_mutations"": 0, ""terminal_status"": ""DEPENDENCY_FAILURE""}",
4397bb458a04d98ebd0d,.,0,"{""artifact_files"": 0, ""build_exit_code"": 1, ""dependencies_archived"": true, ""dependency_exit_code"": null, ""project_root"": ""."", ""source_id"": ""4397bb458a04d98ebd0d"", ""source_mutations"": 0, ""terminal_status"": ""BUILD_FAILURE""}",
45244eb6ad77ecbb8d10,.,0,"{""artifact_files"": 1, ""build_exit_code"": 1, ""dependencies_archived"": true, ""dependency_exit_code"": 0, ""project_root"": ""."", ""source_id"": ""45244eb6ad77ecbb8d10"", ""source_mutations"": 0, ""terminal_status"": ""BUILD_FAILURE""}",
46a990361d607172dbdd,id-staking-v2,0,"{""artifact_files"": 39, ""build_exit_code"": 0, ""dependencies_archived"": true, ""dependency_exit_code"": 0, ""project_root"": ""id-staking-v2"", ""source_id"": ""46a990361d607172dbdd"", ""source_mutations"": 0, ""terminal_status"": ""SUCCESS""}",
46b79dfa038bcaea5803,contracts,0,"{""artifact_files"": 110, ""build_exit_code"": 0, ""dependencies_archived"": true, ""dependency_exit_code"": 0, ""project_root"": ""contracts"", ""source_id"": ""46b79dfa038bcaea5803"", ""source_mutations"": 0, ""terminal_status"": ""SUCCESS""}",
473151643bd9895c6905,.,0,"{""artifact_files"": 100, ""build_exit_code"": 0, ""dependencies_archived"": true, ""dependency_exit_code"": null, ""project_root"": ""."", ""source_id"": ""473151643bd9895c6905"", ""source_mutations"": 0, ""terminal_status"": ""SUCCESS""}",
4ca8847e64fbb6fb2f6b,.,0,"{""artifact_files"": 185, ""build_exit_code"": 0, ""dependencies_archived"": true, ""dependency_exit_code"": null, ""project_root"": ""."", ""source_id"": ""4ca8847e64fbb6fb2f6b"", ""source_mutations"": 0, ""terminal_status"": ""SUCCESS""}",
52a7f0b0d3f1a008a383,.,0,"{""artifact_files"": 36, ""build_exit_code"": 0, ""dependencies_archived"": true, ""dependency_exit_code"": 0, ""project_root"": ""."", ""source_id"": ""52a7f0b0d3f1a008a383"", ""source_mutations"": 0, ""terminal_status"": ""SUCCESS""}",
55e1bbda13af0e5d9ef5,.,0,"{""artifact_files"": 0, ""build_exit_code"": null, ""dependencies_archived"": true, ""dependency_exit_code"": 1, ""project_root"": ""."", ""source_id"": ""55e1bbda13af0e5d9ef5"", ""source_mutations"": 0, ""terminal_status"": ""DEPENDENCY_FAILURE""}",
57417c735ac666efab33,.,0,"{""artifact_files"": 6, ""build_exit_code"": 127, ""dependencies_archived"": true, ""dependency_exit_code"": 0, ""project_root"": ""."", ""source_id"": ""57417c735ac666efab33"", ""source_mutations"": 0, ""terminal_status"": ""BUILD_FAILURE""}",
58b3a29bba78928be534,.,0,"{""artifact_files"": 0, ""build_exit_code"": 1, ""dependencies_archived"": true, ""dependency_exit_code"": null, ""project_root"": ""."", ""source_id"": ""58b3a29bba78928be534"", ""source_mutations"": 0, ""terminal_status"": ""BUILD_FAILURE""}",
597ae00db4b637e8d8ab,.,0,"{""artifact_files"": 0, ""build_exit_code"": null, ""dependencies_archived"": true, ""dependency_exit_code"": 1, ""project_root"": ""."", ""source_id"": ""597ae00db4b637e8d8ab"", ""source_mutations"": 0, ""terminal_status"": ""DEPENDENCY_FAILURE""}",
5fcf634788264400193d,ajna-core,0,"{""artifact_files"": 2, ""build_exit_code"": 0, ""dependencies_archived"": true, ""dependency_exit_code"": null, ""project_root"": ""ajna-core"", ""source_id"": ""5fcf634788264400193d"", ""source_mutations"": 0, ""terminal_status"": ""SUCCESS""}",
5fcf634788264400193d,ajna-grants,0,"{""artifact_files"": 112, ""build_exit_code"": 0, ""dependencies_archived"": true, ""dependency_exit_code"": null, ""project_root"": ""ajna-grants"", ""source_id"": ""5fcf634788264400193d"", ""source_mutations"": 0, ""terminal_status"": ""SUCCESS""}",
66ca3e8adf0343f843ff,.,0,"{""artifact_files"": 0, ""build_exit_code"": null, ""dependencies_archived"": true, ""dependency_exit_code"": 1, ""project_root"": ""."", ""source_id"": ""66ca3e8adf0343f843ff"", ""source_mutations"": 0, ""terminal_status"": ""DEPENDENCY_FAILURE""}",
6b2be56bd1aa78d5bee3,.,0,"{""artifact_files"": 0, ""build_exit_code"": 1, ""dependencies_archived"": true, ""dependency_exit_code"": 0, ""project_root"": ""."", ""source_id"": ""6b2be56bd1aa78d5bee3"", ""source_mutations"": 0, ""terminal_status"": ""BUILD_FAILURE""}",
7243363cfd2599257952,.,0,"{""artifact_files"": 363, ""build_exit_code"": 0, ""dependencies_archived"": true, ""dependency_exit_code"": 0, ""project_root"": ""."", ""source_id"": ""7243363cfd2599257952"", ""source_mutations"": 0, ""terminal_status"": ""SUCCESS""}",
726f7da124ec405fcefd,.,0,"{""artifact_files"": 81, ""build_exit_code"": 0, ""dependencies_archived"": true, ""dependency_exit_code"": null, ""project_root"": ""."", ""source_id"": ""726f7da124ec405fcefd"", ""source_mutations"": 0, ""terminal_status"": ""SUCCESS""}",
78b6c9d702fa0e2668f0,smart-contracts,0,"{""artifact_files"": 234, ""build_exit_code"": 0, ""dependencies_archived"": true, ""dependency_exit_code"": 0, ""project_root"": ""smart-contracts"", ""source_id"": ""78b6c9d702fa0e2668f0"", ""source_mutations"": 0, ""terminal_status"": ""SUCCESS""}",
7a5dfeb01151cf8f72e6,.,0,"{""artifact_files"": 330, ""build_exit_code"": 0, ""dependencies_archived"": true, ""dependency_exit_code"": 0, ""project_root"": ""."", ""source_id"": ""7a5dfeb01151cf8f72e6"", ""source_mutations"": 0, ""terminal_status"": ""SUCCESS""}",
7ac89b753c19d6b46c51,.,0,"{""artifact_files"": 0, ""build_exit_code"": 127, ""dependencies_archived"": true, ""dependency_exit_code"": 0, ""project_root"": ""."", ""source_id"": ""7ac89b753c19d6b46c51"", ""source_mutations"": 0, ""terminal_status"": ""BUILD_FAILURE""}",
7cb043d026c74611d6c4,.,0,"{""artifact_files"": 0, ""build_exit_code"": null, ""dependencies_archived"": true, ""dependency_exit_code"": 1, ""project_root"": ""."", ""source_id"": ""7cb043d026c74611d6c4"", ""source_mutations"": 0, ""terminal_status"": ""DEPENDENCY_FAILURE""}",
86ebab4217d32b417d8d,.,0,"{""artifact_files"": 224, ""build_exit_code"": 0, ""dependencies_archived"": true, ""dependency_exit_code"": 0, ""project_root"": ""."", ""source_id"": ""86ebab4217d32b417d8d"", ""source_mutations"": 0, ""terminal_status"": ""SUCCESS""}",
8736a3dffd1ae2b28d68,contracts,0,"{""artifact_files"": 0, ""build_exit_code"": 1, ""dependencies_archived"": true, ""dependency_exit_code"": null, ""project_root"": ""contracts"", ""source_id"": ""8736a3dffd1ae2b28d68"", ""source_mutations"": 0, ""terminal_status"": ""BUILD_FAILURE""}",
876f079fe57e7d22f859,.,0,"{""artifact_files"": 3, ""build_exit_code"": 1, ""dependencies_archived"": true, ""dependency_exit_code"": 0, ""project_root"": ""."", ""source_id"": ""876f079fe57e7d22f859"", ""source_mutations"": 0, ""terminal_status"": ""BUILD_FAILURE""}",
94faa031b29d37add602,contracts/cross-chain-contracts,0,"{""artifact_files"": 8, ""build_exit_code"": 1, ""dependencies_archived"": true, ""dependency_exit_code"": 0, ""project_root"": ""contracts/cross-chain-contracts"", ""source_id"": ""94faa031b29d37add602"", ""source_mutations"": 0, ""terminal_status"": ""BUILD_FAILURE""}",
9ae84cf683640be4e904,.,0,"{""artifact_files"": 100, ""build_exit_code"": 0, ""dependencies_archived"": true, ""dependency_exit_code"": 0, ""project_root"": ""."", ""source_id"": ""9ae84cf683640be4e904"", ""source_mutations"": 0, ""terminal_status"": ""SUCCESS""}",
9beb76425d2bf5942a4d,.,0,"{""artifact_files"": 0, ""build_exit_code"": null, ""dependencies_archived"": true, ""dependency_exit_code"": 1, ""project_root"": ""."", ""source_id"": ""9beb76425d2bf5942a4d"", ""source_mutations"": 0, ""terminal_status"": ""DEPENDENCY_FAILURE""}",
9d8daa19c1e936e9ba9e,.,0,"{""artifact_files"": 2, ""build_exit_code"": null, ""dependencies_archived"": true, ""dependency_exit_code"": 1, ""project_root"": ""."", ""source_id"": ""9d8daa19c1e936e9ba9e"", ""source_mutations"": 0, ""terminal_status"": ""DEPENDENCY_FAILURE""}",
a07699f968c72edb3c0e,.,0,"{""artifact_files"": 170, ""build_exit_code"": 0, ""dependencies_archived"": true, ""dependency_exit_code"": null, ""project_root"": ""."", ""source_id"": ""a07699f968c72edb3c0e"", ""source_mutations"": 0, ""terminal_status"": ""SUCCESS""}",
a71bbe43cb08fee655f2,contracts/basket,0,"{""artifact_files"": 131, ""build_exit_code"": 1, ""dependencies_archived"": true, ""dependency_exit_code"": 0, ""project_root"": ""contracts/basket"", ""source_id"": ""a71bbe43cb08fee655f2"", ""source_mutations"": 0, ""terminal_status"": ""BUILD_FAILURE""}",
a71bbe43cb08fee655f2,contracts/bridge,0,"{""artifact_files"": 1, ""build_exit_code"": null, ""dependencies_archived"": true, ""dependency_exit_code"": 1, ""project_root"": ""contracts/bridge"", ""source_id"": ""a71bbe43cb08fee655f2"", ""source_mutations"": 0, ""terminal_status"": ""DEPENDENCY_FAILURE""}",
a73834efc6e9224c9f97,repos/protocol-contracts,0,"{""artifact_files"": 207, ""build_exit_code"": 0, ""dependencies_archived"": true, ""dependency_exit_code"": 0, ""project_root"": ""repos/protocol-contracts"", ""source_id"": ""a73834efc6e9224c9f97"", ""source_mutations"": 0, ""terminal_status"": ""SUCCESS""}",
ad517a7d673ed4aa19f4,customswap,0,"{""artifact_files"": 42, ""build_exit_code"": 1, ""dependencies_archived"": true, ""dependency_exit_code"": 0, ""project_root"": ""customswap"", ""source_id"": ""ad517a7d673ed4aa19f4"", ""source_mutations"": 0, ""terminal_status"": ""BUILD_FAILURE""}",
ad517a7d673ed4aa19f4,tge,0,"{""artifact_files"": 42, ""build_exit_code"": null, ""dependencies_archived"": true, ""dependency_exit_code"": 1, ""project_root"": ""tge"", ""source_id"": ""ad517a7d673ed4aa19f4"", ""source_mutations"": 0, ""terminal_status"": ""DEPENDENCY_FAILURE""}",
ad517a7d673ed4aa19f4,vesting,0,"{""artifact_files"": 101, ""build_exit_code"": 0, ""dependencies_archived"": true, ""dependency_exit_code"": 0, ""project_root"": ""vesting"", ""source_id"": ""ad517a7d673ed4aa19f4"", ""source_mutations"": 0, ""terminal_status"": ""SUCCESS""}",
ad6fb8b6aeb8640d4b85,.,0,"{""artifact_files"": 257, ""build_exit_code"": 0, ""dependencies_archived"": true, ""dependency_exit_code"": 0, ""project_root"": ""."", ""source_id"": ""ad6fb8b6aeb8640d4b85"", ""source_mutations"": 0, ""terminal_status"": ""SUCCESS""}",
af2962b8335feda2b275,.,0,"{""artifact_files"": 120, ""build_exit_code"": 0, ""dependencies_archived"": true, ""dependency_exit_code"": 0, ""project_root"": ""."", ""source_id"": ""af2962b8335feda2b275"", ""source_mutations"": 0, ""terminal_status"": ""SUCCESS""}",
afe6967172f4b9b0e34a,governance,0,"{""artifact_files"": 2, ""build_exit_code"": null, ""dependencies_archived"": true, ""dependency_exit_code"": 1, ""project_root"": ""governance"", ""source_id"": ""afe6967172f4b9b0e34a"", ""source_mutations"": 0, ""terminal_status"": ""DEPENDENCY_FAILURE""}",
afe6967172f4b9b0e34a,registries,0,"{""artifact_files"": 2, ""build_exit_code"": null, ""dependencies_archived"": true, ""dependency_exit_code"": 1, ""project_root"": ""registries"", ""source_id"": ""afe6967172f4b9b0e34a"", ""source_mutations"": 0, ""terminal_status"": ""DEPENDENCY_FAILURE""}",
afe6967172f4b9b0e34a,tokenomics,0,"{""artifact_files"": 2, ""build_exit_code"": null, ""dependencies_archived"": true, ""dependency_exit_code"": 1, ""project_root"": ""tokenomics"", ""source_id"": ""afe6967172f4b9b0e34a"", ""source_mutations"": 0, ""terminal_status"": ""DEPENDENCY_FAILURE""}",
b1eb5ae54e7312475c93,.,0,"{""artifact_files"": 59, ""build_exit_code"": 0, ""dependencies_archived"": true, ""dependency_exit_code"": 0, ""project_root"": ""."", ""source_id"": ""b1eb5ae54e7312475c93"", ""source_mutations"": 0, ""terminal_status"": ""SUCCESS""}",
b4a1b55fe2d18f122a1e,.,0,"{""artifact_files"": 92, ""build_exit_code"": 0, ""dependencies_archived"": true, ""dependency_exit_code"": null, ""project_root"": ""."", ""source_id"": ""b4a1b55fe2d18f122a1e"", ""source_mutations"": 0, ""terminal_status"": ""SUCCESS""}",
b6da317163e7b77bd40c,.,0,"{""artifact_files"": 138, ""build_exit_code"": 0, ""dependencies_archived"": true, ""dependency_exit_code"": 0, ""project_root"": ""."", ""source_id"": ""b6da317163e7b77bd40c"", ""source_mutations"": 0, ""terminal_status"": ""SUCCESS""}",
b96ecb664aefbf38d2d7,.,0,"{""artifact_files"": 0, ""build_exit_code"": 1, ""dependencies_archived"": true, ""dependency_exit_code"": null, ""project_root"": ""."", ""source_id"": ""b96ecb664aefbf38d2d7"", ""source_mutations"": 0, ""terminal_status"": ""BUILD_FAILURE""}",
bd7d8afe32a8ef2e533a,contracts,0,"{""artifact_files"": 45, ""build_exit_code"": 0, ""dependencies_archived"": true, ""dependency_exit_code"": 0, ""project_root"": ""contracts"", ""source_id"": ""bd7d8afe32a8ef2e533a"", ""source_mutations"": 0, ""terminal_status"": ""SUCCESS""}",
bee019e8a0d6149543c5,.,0,"{""artifact_files"": 138, ""build_exit_code"": 0, ""dependencies_archived"": true, ""dependency_exit_code"": 0, ""project_root"": ""."", ""source_id"": ""bee019e8a0d6149543c5"", ""source_mutations"": 0, ""terminal_status"": ""SUCCESS""}",
beef56a5a282f2ba6af8,.,0,"{""artifact_files"": 135, ""build_exit_code"": 0, ""dependencies_archived"": true, ""dependency_exit_code"": 0, ""project_root"": ""."", ""source_id"": ""beef56a5a282f2ba6af8"", ""source_mutations"": 0, ""terminal_status"": ""SUCCESS""}",
bff4c70e313a4fd4754a,.,0,"{""artifact_files"": 77, ""build_exit_code"": 0, ""dependencies_archived"": true, ""dependency_exit_code"": 0, ""project_root"": ""."", ""source_id"": ""bff4c70e313a4fd4754a"", ""source_mutations"": 0, ""terminal_status"": ""SUCCESS""}",
c7315dd0cd937eb91438,.,0,"{""artifact_files"": 107, ""build_exit_code"": 0, ""dependencies_archived"": true, ""dependency_exit_code"": 0, ""project_root"": ""."", ""source_id"": ""c7315dd0cd937eb91438"", ""source_mutations"": 0, ""terminal_status"": ""SUCCESS""}",
c7fcb7c2bdaac83cd94d,.,0,"{""artifact_files"": 0, ""build_exit_code"": null, ""dependencies_archived"": true, ""dependency_exit_code"": 1, ""project_root"": ""."", ""source_id"": ""c7fcb7c2bdaac83cd94d"", ""source_mutations"": 0, ""terminal_status"": ""DEPENDENCY_FAILURE""}",
cc56f82e45b5a1958baa,.,0,"{""artifact_files"": 169, ""build_exit_code"": 0, ""dependencies_archived"": true, ""dependency_exit_code"": 0, ""project_root"": ""."", ""source_id"": ""cc56f82e45b5a1958baa"", ""source_mutations"": 0, ""terminal_status"": ""SUCCESS""}",
d40239342ee19aba5e73,.,0,"{""artifact_files"": 0, ""build_exit_code"": 1, ""dependencies_archived"": true, ""dependency_exit_code"": 0, ""project_root"": ""."", ""source_id"": ""d40239342ee19aba5e73"", ""source_mutations"": 0, ""terminal_status"": ""BUILD_FAILURE""}",
d70057952f8081152c99,.,0,"{""artifact_files"": 0, ""build_exit_code"": null, ""dependencies_archived"": true, ""dependency_exit_code"": 1, ""project_root"": ""."", ""source_id"": ""d70057952f8081152c99"", ""source_mutations"": 0, ""terminal_status"": ""DEPENDENCY_FAILURE""}",
d7c2d75431fd4e77ba2d,projects/mochi-core,0,"{""artifact_files"": 0, ""build_exit_code"": 1, ""dependencies_archived"": true, ""dependency_exit_code"": 0, ""project_root"": ""projects/mochi-core"", ""source_id"": ""d7c2d75431fd4e77ba2d"", ""source_mutations"": 0, ""terminal_status"": ""BUILD_FAILURE""}",
d7c2d75431fd4e77ba2d,projects/mochi-cssr,0,"{""artifact_files"": 0, ""build_exit_code"": 1, ""dependencies_archived"": true, ""dependency_exit_code"": 0, ""project_root"": ""projects/mochi-cssr"", ""source_id"": ""d7c2d75431fd4e77ba2d"", ""source_mutations"": 0, ""terminal_status"": ""BUILD_FAILURE""}",
d7c2d75431fd4e77ba2d,projects/mochi-library,0,"{""artifact_files"": 0, ""build_exit_code"": 1, ""dependencies_archived"": true, ""dependency_exit_code"": 0, ""project_root"": ""projects/mochi-library"", ""source_id"": ""d7c2d75431fd4e77ba2d"", ""source_mutations"": 0, ""terminal_status"": ""BUILD_FAILURE""}",
e58beaed9b98b08064e6,.,0,"{""artifact_files"": 96, ""build_exit_code"": 0, ""dependencies_archived"": true, ""dependency_exit_code"": null, ""project_root"": ""."", ""source_id"": ""e58beaed9b98b08064e6"", ""source_mutations"": 0, ""terminal_status"": ""SUCCESS""}",
e7689c5bacc48db39ccb,paraspace-core,0,"{""artifact_files"": 0, ""build_exit_code"": null, ""dependencies_archived"": true, ""dependency_exit_code"": 1, ""project_root"": ""paraspace-core"", ""source_id"": ""e7689c5bacc48db39ccb"", ""source_mutations"": 0, ""terminal_status"": ""DEPENDENCY_FAILURE""}",
eb98a059ef709e7c9611,.,0,"{""artifact_files"": 3, ""build_exit_code"": 1, ""dependencies_archived"": true, ""dependency_exit_code"": null, ""project_root"": ""."", ""source_id"": ""eb98a059ef709e7c9611"", ""source_mutations"": 0, ""terminal_status"": ""BUILD_FAILURE""}",
ec5efe413e6f66910418,.,0,"{""artifact_files"": 177, ""build_exit_code"": 0, ""dependencies_archived"": true, ""dependency_exit_code"": 0, ""project_root"": ""."", ""source_id"": ""ec5efe413e6f66910418"", ""source_mutations"": 0, ""terminal_status"": ""SUCCESS""}",
edb1f071a84b4371a099,.,0,"{""artifact_files"": 170, ""build_exit_code"": 0, ""dependencies_archived"": true, ""dependency_exit_code"": null, ""project_root"": ""."", ""source_id"": ""edb1f071a84b4371a099"", ""source_mutations"": 0, ""terminal_status"": ""SUCCESS""}",
ee0fa7d435f1c79612d5,.,0,"{""artifact_files"": 149, ""build_exit_code"": 0, ""dependencies_archived"": true, ""dependency_exit_code"": 0, ""project_root"": ""."", ""source_id"": ""ee0fa7d435f1c79612d5"", ""source_mutations"": 0, ""terminal_status"": ""SUCCESS""}",
f4d010dc66dec808788d,.,0,"{""artifact_files"": 0, ""build_exit_code"": 1, ""dependencies_archived"": true, ""dependency_exit_code"": null, ""project_root"": ""."", ""source_id"": ""f4d010dc66dec808788d"", ""source_mutations"": 0, ""terminal_status"": ""BUILD_FAILURE""}",
fa3e53cdabdbb7f07346,.,0,"{""artifact_files"": 1, ""build_exit_code"": 1, ""dependencies_archived"": true, ""dependency_exit_code"": null, ""project_root"": ""."", ""source_id"": ""fa3e53cdabdbb7f07346"", ""source_mutations"": 0, ""terminal_status"": ""BUILD_FAILURE""}",
fa4a8073c5c25e104017,.,0,"{""artifact_files"": 177, ""build_exit_code"": 0, ""dependencies_archived"": true, ""dependency_exit_code"": 0, ""project_root"": ""."", ""source_id"": ""fa4a8073c5c25e104017"", ""source_mutations"": 0, ""terminal_status"": ""SUCCESS""}",
fe399aaaec4f5e1411c6,.,0,"{""artifact_files"": 164, ""build_exit_code"": 0, ""dependencies_archived"": true, ""dependency_exit_code"": 0, ""project_root"": ""."", ""source_id"": ""fe399aaaec4f5e1411c6"", ""source_mutations"": 0, ""terminal_status"": ""SUCCESS""}",
fed0ac8da716985d869b,.,0,"{""artifact_files"": 241, ""build_exit_code"": 0, ""dependencies_archived"": true, ""dependency_exit_code"": 0, ""project_root"": ""."", ""source_id"": ""fed0ac8da716985d869b"", ""source_mutations"": 0, ""terminal_status"": ""SUCCESS""}",
fed6883739d838ef60fe,.,0,"{""artifact_files"": 73, ""build_exit_code"": 0, ""dependencies_archived"": true, ""dependency_exit_code"": null, ""project_root"": ""."", ""source_id"": ""fed6883739d838ef60fe"", ""source_mutations"": 0, ""terminal_status"": ""SUCCESS""}",
