attempt_id,oracle_row_id,revision_role,source_repository,revision,command_evidence,command,toolchain_evidence,toolchain,started_at,duration_seconds,timeout_seconds,exit_code,terminal_status,stdout_sha256,stderr_sha256,source_sha256,build_sha256,prohibited_edit_detected,acceptance_check,notes
isu-02d8a520d0da4d32-vulnerable-source-resolution-001,isu-02d8a520d0da4d32,vulnerable,,,frozen artifact and report row inspected; no explicit vulnerable repository and revision are supplied,,not selected because source identity is unresolved,,2026-08-14T16:56:51.139378+00:00,0,900,,UNAVAILABLE_SOURCE_VERSION,e3b0c44298fc1c149afbf4c8996fb92427ae41e4649b934ca495991b7852b855,e3b0c44298fc1c149afbf4c8996fb92427ae41e4649b934ca495991b7852b855,,,false,BLOCKED_BUILD_RECONSTRUCTION,No repository or vulnerable revision may be inferred from report identity or synthesized merely to obtain a build.
isu-04290457af95545c-vulnerable-source-resolution-001,isu-04290457af95545c,vulnerable,,,frozen artifact and report row inspected; no explicit vulnerable repository and revision are supplied,,not selected because source identity is unresolved,,2026-08-14T16:56:51.139378+00:00,0,900,,UNAVAILABLE_SOURCE_VERSION,e3b0c44298fc1c149afbf4c8996fb92427ae41e4649b934ca495991b7852b855,e3b0c44298fc1c149afbf4c8996fb92427ae41e4649b934ca495991b7852b855,,,false,BLOCKED_BUILD_RECONSTRUCTION,No repository or vulnerable revision may be inferred from report identity or synthesized merely to obtain a build.
isu-07e25f367baf0ecb-vulnerable-source-resolution-001,isu-07e25f367baf0ecb,vulnerable,,,frozen artifact and report row inspected; no explicit vulnerable repository and revision are supplied,,not selected because source identity is unresolved,,2026-08-14T16:56:51.139378+00:00,0,900,,UNAVAILABLE_SOURCE_VERSION,e3b0c44298fc1c149afbf4c8996fb92427ae41e4649b934ca495991b7852b855,e3b0c44298fc1c149afbf4c8996fb92427ae41e4649b934ca495991b7852b855,,,false,BLOCKED_BUILD_RECONSTRUCTION,No repository or vulnerable revision may be inferred from report identity or synthesized merely to obtain a build.
isu-08012d284cc5c894-vulnerable-source-resolution-001,isu-08012d284cc5c894,vulnerable,,,frozen artifact and report row inspected; no explicit vulnerable repository and revision are supplied,,not selected because source identity is unresolved,,2026-08-14T16:56:51.139378+00:00,0,900,,UNAVAILABLE_SOURCE_VERSION,e3b0c44298fc1c149afbf4c8996fb92427ae41e4649b934ca495991b7852b855,e3b0c44298fc1c149afbf4c8996fb92427ae41e4649b934ca495991b7852b855,,,false,BLOCKED_BUILD_RECONSTRUCTION,No repository or vulnerable revision may be inferred from report identity or synthesized merely to obtain a build.
isu-0e01a20ef25bb2fb-vulnerable-source-resolution-001,isu-0e01a20ef25bb2fb,vulnerable,,,frozen artifact and report row inspected; no explicit vulnerable repository and revision are supplied,,not selected because source identity is unresolved,,2026-08-14T16:56:51.139378+00:00,0,900,,UNAVAILABLE_SOURCE_VERSION,e3b0c44298fc1c149afbf4c8996fb92427ae41e4649b934ca495991b7852b855,e3b0c44298fc1c149afbf4c8996fb92427ae41e4649b934ca495991b7852b855,,,false,BLOCKED_BUILD_RECONSTRUCTION,No repository or vulnerable revision may be inferred from report identity or synthesized merely to obtain a build.
isu-0e465664136af674-vulnerable-source-resolution-001,isu-0e465664136af674,vulnerable,,,frozen artifact and report row inspected; no explicit vulnerable repository and revision are supplied,,not selected because source identity is unresolved,,2026-08-14T16:56:51.139378+00:00,0,900,,UNAVAILABLE_SOURCE_VERSION,e3b0c44298fc1c149afbf4c8996fb92427ae41e4649b934ca495991b7852b855,e3b0c44298fc1c149afbf4c8996fb92427ae41e4649b934ca495991b7852b855,,,false,BLOCKED_BUILD_RECONSTRUCTION,No repository or vulnerable revision may be inferred from report identity or synthesized merely to obtain a build.
isu-1326fc61d280d92a-vulnerable-source-resolution-001,isu-1326fc61d280d92a,vulnerable,,,frozen artifact and report row inspected; no explicit vulnerable repository and revision are supplied,,not selected because source identity is unresolved,,2026-08-14T16:56:51.139378+00:00,0,900,,UNAVAILABLE_SOURCE_VERSION,e3b0c44298fc1c149afbf4c8996fb92427ae41e4649b934ca495991b7852b855,e3b0c44298fc1c149afbf4c8996fb92427ae41e4649b934ca495991b7852b855,,,false,BLOCKED_BUILD_RECONSTRUCTION,No repository or vulnerable revision may be inferred from report identity or synthesized merely to obtain a build.
isu-140bdc30e6ad4e0f-vulnerable-source-resolution-001,isu-140bdc30e6ad4e0f,vulnerable,,,frozen artifact and report row inspected; no explicit vulnerable repository and revision are supplied,,not selected because source identity is unresolved,,2026-08-14T16:56:51.139378+00:00,0,900,,UNAVAILABLE_SOURCE_VERSION,e3b0c44298fc1c149afbf4c8996fb92427ae41e4649b934ca495991b7852b855,e3b0c44298fc1c149afbf4c8996fb92427ae41e4649b934ca495991b7852b855,,,false,BLOCKED_BUILD_RECONSTRUCTION,No repository or vulnerable revision may be inferred from report identity or synthesized merely to obtain a build.
isu-1489a907db2c88e6-vulnerable-source-resolution-001,isu-1489a907db2c88e6,vulnerable,,,frozen artifact and report row inspected; no explicit vulnerable repository and revision are supplied,,not selected because source identity is unresolved,,2026-08-14T16:56:51.139378+00:00,0,900,,UNAVAILABLE_SOURCE_VERSION,e3b0c44298fc1c149afbf4c8996fb92427ae41e4649b934ca495991b7852b855,e3b0c44298fc1c149afbf4c8996fb92427ae41e4649b934ca495991b7852b855,,,false,BLOCKED_BUILD_RECONSTRUCTION,No repository or vulnerable revision may be inferred from report identity or synthesized merely to obtain a build.
isu-18d31ac12f1753ed-vulnerable-source-resolution-001,isu-18d31ac12f1753ed,vulnerable,,,frozen artifact and report row inspected; no explicit vulnerable repository and revision are supplied,,not selected because source identity is unresolved,,2026-08-14T16:56:51.139378+00:00,0,900,,UNAVAILABLE_SOURCE_VERSION,e3b0c44298fc1c149afbf4c8996fb92427ae41e4649b934ca495991b7852b855,e3b0c44298fc1c149afbf4c8996fb92427ae41e4649b934ca495991b7852b855,,,false,BLOCKED_BUILD_RECONSTRUCTION,No repository or vulnerable revision may be inferred from report identity or synthesized merely to obtain a build.
isu-1b5be01d594891c0-vulnerable-source-resolution-001,isu-1b5be01d594891c0,vulnerable,,,frozen artifact and report row inspected; no explicit vulnerable repository and revision are supplied,,not selected because source identity is unresolved,,2026-08-14T16:56:51.139378+00:00,0,900,,UNAVAILABLE_SOURCE_VERSION,e3b0c44298fc1c149afbf4c8996fb92427ae41e4649b934ca495991b7852b855,e3b0c44298fc1c149afbf4c8996fb92427ae41e4649b934ca495991b7852b855,,,false,BLOCKED_BUILD_RECONSTRUCTION,No repository or vulnerable revision may be inferred from report identity or synthesized merely to obtain a build.
isu-1c705b46e47ec11f-vulnerable-source-resolution-001,isu-1c705b46e47ec11f,vulnerable,,,frozen artifact and report row inspected; no explicit vulnerable repository and revision are supplied,,not selected because source identity is unresolved,,2026-08-14T16:56:51.139378+00:00,0,900,,UNAVAILABLE_SOURCE_VERSION,e3b0c44298fc1c149afbf4c8996fb92427ae41e4649b934ca495991b7852b855,e3b0c44298fc1c149afbf4c8996fb92427ae41e4649b934ca495991b7852b855,,,false,BLOCKED_BUILD_RECONSTRUCTION,No repository or vulnerable revision may be inferred from report identity or synthesized merely to obtain a build.
isu-205a80b00fbad2f4-vulnerable-source-resolution-001,isu-205a80b00fbad2f4,vulnerable,,,frozen artifact and report row inspected; no explicit vulnerable repository and revision are supplied,,not selected because source identity is unresolved,,2026-08-14T16:56:51.139378+00:00,0,900,,UNAVAILABLE_SOURCE_VERSION,e3b0c44298fc1c149afbf4c8996fb92427ae41e4649b934ca495991b7852b855,e3b0c44298fc1c149afbf4c8996fb92427ae41e4649b934ca495991b7852b855,,,false,BLOCKED_BUILD_RECONSTRUCTION,No repository or vulnerable revision may be inferred from report identity or synthesized merely to obtain a build.
isu-211c9c334eb3c204-vulnerable-source-resolution-001,isu-211c9c334eb3c204,vulnerable,,,frozen artifact and report row inspected; no explicit vulnerable repository and revision are supplied,,not selected because source identity is unresolved,,2026-08-14T16:56:51.139378+00:00,0,900,,UNAVAILABLE_SOURCE_VERSION,e3b0c44298fc1c149afbf4c8996fb92427ae41e4649b934ca495991b7852b855,e3b0c44298fc1c149afbf4c8996fb92427ae41e4649b934ca495991b7852b855,,,false,BLOCKED_BUILD_RECONSTRUCTION,No repository or vulnerable revision may be inferred from report identity or synthesized merely to obtain a build.
isu-217034fbb08f5c0d-vulnerable-source-resolution-001,isu-217034fbb08f5c0d,vulnerable,,,frozen artifact and report row inspected; no explicit vulnerable repository and revision are supplied,,not selected because source identity is unresolved,,2026-08-14T16:56:51.139378+00:00,0,900,,UNAVAILABLE_SOURCE_VERSION,e3b0c44298fc1c149afbf4c8996fb92427ae41e4649b934ca495991b7852b855,e3b0c44298fc1c149afbf4c8996fb92427ae41e4649b934ca495991b7852b855,,,false,BLOCKED_BUILD_RECONSTRUCTION,No repository or vulnerable revision may be inferred from report identity or synthesized merely to obtain a build.
isu-22f5ab17878ded98-vulnerable-source-resolution-001,isu-22f5ab17878ded98,vulnerable,,,frozen artifact and report row inspected; no explicit vulnerable repository and revision are supplied,,not selected because source identity is unresolved,,2026-08-14T16:56:51.139378+00:00,0,900,,UNAVAILABLE_SOURCE_VERSION,e3b0c44298fc1c149afbf4c8996fb92427ae41e4649b934ca495991b7852b855,e3b0c44298fc1c149afbf4c8996fb92427ae41e4649b934ca495991b7852b855,,,false,BLOCKED_BUILD_RECONSTRUCTION,No repository or vulnerable revision may be inferred from report identity or synthesized merely to obtain a build.
isu-22f9f26d7f3ed280-vulnerable-source-resolution-001,isu-22f9f26d7f3ed280,vulnerable,,,frozen artifact and report row inspected; no explicit vulnerable repository and revision are supplied,,not selected because source identity is unresolved,,2026-08-14T16:56:51.139378+00:00,0,900,,UNAVAILABLE_SOURCE_VERSION,e3b0c44298fc1c149afbf4c8996fb92427ae41e4649b934ca495991b7852b855,e3b0c44298fc1c149afbf4c8996fb92427ae41e4649b934ca495991b7852b855,,,false,BLOCKED_BUILD_RECONSTRUCTION,No repository or vulnerable revision may be inferred from report identity or synthesized merely to obtain a build.
isu-26042bb2179bcaca-vulnerable-source-resolution-001,isu-26042bb2179bcaca,vulnerable,,,frozen artifact and report row inspected; no explicit vulnerable repository and revision are supplied,,not selected because source identity is unresolved,,2026-08-14T16:56:51.139378+00:00,0,900,,UNAVAILABLE_SOURCE_VERSION,e3b0c44298fc1c149afbf4c8996fb92427ae41e4649b934ca495991b7852b855,e3b0c44298fc1c149afbf4c8996fb92427ae41e4649b934ca495991b7852b855,,,false,BLOCKED_BUILD_RECONSTRUCTION,No repository or vulnerable revision may be inferred from report identity or synthesized merely to obtain a build.
isu-2b297e5f738d42f7-vulnerable-source-resolution-001,isu-2b297e5f738d42f7,vulnerable,,,frozen artifact and report row inspected; no explicit vulnerable repository and revision are supplied,,not selected because source identity is unresolved,,2026-08-14T16:56:51.139378+00:00,0,900,,UNAVAILABLE_SOURCE_VERSION,e3b0c44298fc1c149afbf4c8996fb92427ae41e4649b934ca495991b7852b855,e3b0c44298fc1c149afbf4c8996fb92427ae41e4649b934ca495991b7852b855,,,false,BLOCKED_BUILD_RECONSTRUCTION,No repository or vulnerable revision may be inferred from report identity or synthesized merely to obtain a build.
isu-2b94c599523fa1df-vulnerable-source-resolution-001,isu-2b94c599523fa1df,vulnerable,,,frozen artifact and report row inspected; no explicit vulnerable repository and revision are supplied,,not selected because source identity is unresolved,,2026-08-14T16:56:51.139378+00:00,0,900,,UNAVAILABLE_SOURCE_VERSION,e3b0c44298fc1c149afbf4c8996fb92427ae41e4649b934ca495991b7852b855,e3b0c44298fc1c149afbf4c8996fb92427ae41e4649b934ca495991b7852b855,,,false,BLOCKED_BUILD_RECONSTRUCTION,No repository or vulnerable revision may be inferred from report identity or synthesized merely to obtain a build.
isu-2bc4442d2f8c0d9e-vulnerable-source-resolution-001,isu-2bc4442d2f8c0d9e,vulnerable,,,frozen artifact and report row inspected; no explicit vulnerable repository and revision are supplied,,not selected because source identity is unresolved,,2026-08-14T16:56:51.139378+00:00,0,900,,UNAVAILABLE_SOURCE_VERSION,e3b0c44298fc1c149afbf4c8996fb92427ae41e4649b934ca495991b7852b855,e3b0c44298fc1c149afbf4c8996fb92427ae41e4649b934ca495991b7852b855,,,false,BLOCKED_BUILD_RECONSTRUCTION,No repository or vulnerable revision may be inferred from report identity or synthesized merely to obtain a build.
isu-2c16ce676efb9c65-vulnerable-source-resolution-001,isu-2c16ce676efb9c65,vulnerable,,,frozen artifact and report row inspected; no explicit vulnerable repository and revision are supplied,,not selected because source identity is unresolved,,2026-08-14T16:56:51.139378+00:00,0,900,,UNAVAILABLE_SOURCE_VERSION,e3b0c44298fc1c149afbf4c8996fb92427ae41e4649b934ca495991b7852b855,e3b0c44298fc1c149afbf4c8996fb92427ae41e4649b934ca495991b7852b855,,,false,BLOCKED_BUILD_RECONSTRUCTION,No repository or vulnerable revision may be inferred from report identity or synthesized merely to obtain a build.
isu-2d5b45fab3d5c487-vulnerable-source-resolution-001,isu-2d5b45fab3d5c487,vulnerable,,,frozen artifact and report row inspected; no explicit vulnerable repository and revision are supplied,,not selected because source identity is unresolved,,2026-08-14T16:56:51.139378+00:00,0,900,,UNAVAILABLE_SOURCE_VERSION,e3b0c44298fc1c149afbf4c8996fb92427ae41e4649b934ca495991b7852b855,e3b0c44298fc1c149afbf4c8996fb92427ae41e4649b934ca495991b7852b855,,,false,BLOCKED_BUILD_RECONSTRUCTION,No repository or vulnerable revision may be inferred from report identity or synthesized merely to obtain a build.
isu-2f54a050d80e44db-vulnerable-source-resolution-001,isu-2f54a050d80e44db,vulnerable,,,frozen artifact and report row inspected; no explicit vulnerable repository and revision are supplied,,not selected because source identity is unresolved,,2026-08-14T16:56:51.139378+00:00,0,900,,UNAVAILABLE_SOURCE_VERSION,e3b0c44298fc1c149afbf4c8996fb92427ae41e4649b934ca495991b7852b855,e3b0c44298fc1c149afbf4c8996fb92427ae41e4649b934ca495991b7852b855,,,false,BLOCKED_BUILD_RECONSTRUCTION,No repository or vulnerable revision may be inferred from report identity or synthesized merely to obtain a build.
isu-31ee582e2e7591af-vulnerable-source-resolution-001,isu-31ee582e2e7591af,vulnerable,,,frozen artifact and report row inspected; no explicit vulnerable repository and revision are supplied,,not selected because source identity is unresolved,,2026-08-14T16:56:51.139378+00:00,0,900,,UNAVAILABLE_SOURCE_VERSION,e3b0c44298fc1c149afbf4c8996fb92427ae41e4649b934ca495991b7852b855,e3b0c44298fc1c149afbf4c8996fb92427ae41e4649b934ca495991b7852b855,,,false,BLOCKED_BUILD_RECONSTRUCTION,No repository or vulnerable revision may be inferred from report identity or synthesized merely to obtain a build.
isu-3600db65b0363d63-vulnerable-source-resolution-001,isu-3600db65b0363d63,vulnerable,,,frozen artifact and report row inspected; no explicit vulnerable repository and revision are supplied,,not selected because source identity is unresolved,,2026-08-14T16:56:51.139378+00:00,0,900,,UNAVAILABLE_SOURCE_VERSION,e3b0c44298fc1c149afbf4c8996fb92427ae41e4649b934ca495991b7852b855,e3b0c44298fc1c149afbf4c8996fb92427ae41e4649b934ca495991b7852b855,,,false,BLOCKED_BUILD_RECONSTRUCTION,No repository or vulnerable revision may be inferred from report identity or synthesized merely to obtain a build.
isu-372237591d0d9a31-vulnerable-source-resolution-001,isu-372237591d0d9a31,vulnerable,,,frozen artifact and report row inspected; no explicit vulnerable repository and revision are supplied,,not selected because source identity is unresolved,,2026-08-14T16:56:51.139378+00:00,0,900,,UNAVAILABLE_SOURCE_VERSION,e3b0c44298fc1c149afbf4c8996fb92427ae41e4649b934ca495991b7852b855,e3b0c44298fc1c149afbf4c8996fb92427ae41e4649b934ca495991b7852b855,,,false,BLOCKED_BUILD_RECONSTRUCTION,No repository or vulnerable revision may be inferred from report identity or synthesized merely to obtain a build.
isu-376534817b6f3897-vulnerable-source-resolution-001,isu-376534817b6f3897,vulnerable,,,frozen artifact and report row inspected; no explicit vulnerable repository and revision are supplied,,not selected because source identity is unresolved,,2026-08-14T16:56:51.139378+00:00,0,900,,UNAVAILABLE_SOURCE_VERSION,e3b0c44298fc1c149afbf4c8996fb92427ae41e4649b934ca495991b7852b855,e3b0c44298fc1c149afbf4c8996fb92427ae41e4649b934ca495991b7852b855,,,false,BLOCKED_BUILD_RECONSTRUCTION,No repository or vulnerable revision may be inferred from report identity or synthesized merely to obtain a build.
isu-3828918ea43c25ff-vulnerable-source-resolution-001,isu-3828918ea43c25ff,vulnerable,,,frozen artifact and report row inspected; no explicit vulnerable repository and revision are supplied,,not selected because source identity is unresolved,,2026-08-14T16:56:51.139378+00:00,0,900,,UNAVAILABLE_SOURCE_VERSION,e3b0c44298fc1c149afbf4c8996fb92427ae41e4649b934ca495991b7852b855,e3b0c44298fc1c149afbf4c8996fb92427ae41e4649b934ca495991b7852b855,,,false,BLOCKED_BUILD_RECONSTRUCTION,No repository or vulnerable revision may be inferred from report identity or synthesized merely to obtain a build.
isu-3c60182de8dc2cd0-vulnerable-source-resolution-001,isu-3c60182de8dc2cd0,vulnerable,,,frozen artifact and report row inspected; no explicit vulnerable repository and revision are supplied,,not selected because source identity is unresolved,,2026-08-14T16:56:51.139378+00:00,0,900,,UNAVAILABLE_SOURCE_VERSION,e3b0c44298fc1c149afbf4c8996fb92427ae41e4649b934ca495991b7852b855,e3b0c44298fc1c149afbf4c8996fb92427ae41e4649b934ca495991b7852b855,,,false,BLOCKED_BUILD_RECONSTRUCTION,No repository or vulnerable revision may be inferred from report identity or synthesized merely to obtain a build.
isu-3e38d51d43d09a02-vulnerable-source-resolution-001,isu-3e38d51d43d09a02,vulnerable,,,frozen artifact and report row inspected; no explicit vulnerable repository and revision are supplied,,not selected because source identity is unresolved,,2026-08-14T16:56:51.139378+00:00,0,900,,UNAVAILABLE_SOURCE_VERSION,e3b0c44298fc1c149afbf4c8996fb92427ae41e4649b934ca495991b7852b855,e3b0c44298fc1c149afbf4c8996fb92427ae41e4649b934ca495991b7852b855,,,false,BLOCKED_BUILD_RECONSTRUCTION,No repository or vulnerable revision may be inferred from report identity or synthesized merely to obtain a build.
isu-3f04c08732ee612c-vulnerable-source-resolution-001,isu-3f04c08732ee612c,vulnerable,,,frozen artifact and report row inspected; no explicit vulnerable repository and revision are supplied,,not selected because source identity is unresolved,,2026-08-14T16:56:51.139378+00:00,0,900,,UNAVAILABLE_SOURCE_VERSION,e3b0c44298fc1c149afbf4c8996fb92427ae41e4649b934ca495991b7852b855,e3b0c44298fc1c149afbf4c8996fb92427ae41e4649b934ca495991b7852b855,,,false,BLOCKED_BUILD_RECONSTRUCTION,No repository or vulnerable revision may be inferred from report identity or synthesized merely to obtain a build.
isu-40ff331ab2d74b97-vulnerable-source-resolution-001,isu-40ff331ab2d74b97,vulnerable,,,frozen artifact and report row inspected; no explicit vulnerable repository and revision are supplied,,not selected because source identity is unresolved,,2026-08-14T16:56:51.139378+00:00,0,900,,UNAVAILABLE_SOURCE_VERSION,e3b0c44298fc1c149afbf4c8996fb92427ae41e4649b934ca495991b7852b855,e3b0c44298fc1c149afbf4c8996fb92427ae41e4649b934ca495991b7852b855,,,false,BLOCKED_BUILD_RECONSTRUCTION,No repository or vulnerable revision may be inferred from report identity or synthesized merely to obtain a build.
isu-4198ebcb807fbc55-vulnerable-source-resolution-001,isu-4198ebcb807fbc55,vulnerable,,,frozen artifact and report row inspected; no explicit vulnerable repository and revision are supplied,,not selected because source identity is unresolved,,2026-08-14T16:56:51.139378+00:00,0,900,,UNAVAILABLE_SOURCE_VERSION,e3b0c44298fc1c149afbf4c8996fb92427ae41e4649b934ca495991b7852b855,e3b0c44298fc1c149afbf4c8996fb92427ae41e4649b934ca495991b7852b855,,,false,BLOCKED_BUILD_RECONSTRUCTION,No repository or vulnerable revision may be inferred from report identity or synthesized merely to obtain a build.
isu-43ea9dbca4e2aa00-vulnerable-source-resolution-001,isu-43ea9dbca4e2aa00,vulnerable,,,frozen artifact and report row inspected; no explicit vulnerable repository and revision are supplied,,not selected because source identity is unresolved,,2026-08-14T16:56:51.139378+00:00,0,900,,UNAVAILABLE_SOURCE_VERSION,e3b0c44298fc1c149afbf4c8996fb92427ae41e4649b934ca495991b7852b855,e3b0c44298fc1c149afbf4c8996fb92427ae41e4649b934ca495991b7852b855,,,false,BLOCKED_BUILD_RECONSTRUCTION,No repository or vulnerable revision may be inferred from report identity or synthesized merely to obtain a build.
isu-4466760c47c2baca-vulnerable-source-resolution-001,isu-4466760c47c2baca,vulnerable,,,frozen artifact and report row inspected; no explicit vulnerable repository and revision are supplied,,not selected because source identity is unresolved,,2026-08-14T16:56:51.139378+00:00,0,900,,UNAVAILABLE_SOURCE_VERSION,e3b0c44298fc1c149afbf4c8996fb92427ae41e4649b934ca495991b7852b855,e3b0c44298fc1c149afbf4c8996fb92427ae41e4649b934ca495991b7852b855,,,false,BLOCKED_BUILD_RECONSTRUCTION,No repository or vulnerable revision may be inferred from report identity or synthesized merely to obtain a build.
isu-4552f0e361ef04d8-vulnerable-source-resolution-001,isu-4552f0e361ef04d8,vulnerable,,,frozen artifact and report row inspected; no explicit vulnerable repository and revision are supplied,,not selected because source identity is unresolved,,2026-08-14T16:56:51.139378+00:00,0,900,,UNAVAILABLE_SOURCE_VERSION,e3b0c44298fc1c149afbf4c8996fb92427ae41e4649b934ca495991b7852b855,e3b0c44298fc1c149afbf4c8996fb92427ae41e4649b934ca495991b7852b855,,,false,BLOCKED_BUILD_RECONSTRUCTION,No repository or vulnerable revision may be inferred from report identity or synthesized merely to obtain a build.
isu-457df0c341b72a40-vulnerable-source-resolution-001,isu-457df0c341b72a40,vulnerable,,,frozen artifact and report row inspected; no explicit vulnerable repository and revision are supplied,,not selected because source identity is unresolved,,2026-08-14T16:56:51.139378+00:00,0,900,,UNAVAILABLE_SOURCE_VERSION,e3b0c44298fc1c149afbf4c8996fb92427ae41e4649b934ca495991b7852b855,e3b0c44298fc1c149afbf4c8996fb92427ae41e4649b934ca495991b7852b855,,,false,BLOCKED_BUILD_RECONSTRUCTION,No repository or vulnerable revision may be inferred from report identity or synthesized merely to obtain a build.
isu-483c1ab3704b6517-vulnerable-source-resolution-001,isu-483c1ab3704b6517,vulnerable,,,frozen artifact and report row inspected; no explicit vulnerable repository and revision are supplied,,not selected because source identity is unresolved,,2026-08-14T16:56:51.139378+00:00,0,900,,UNAVAILABLE_SOURCE_VERSION,e3b0c44298fc1c149afbf4c8996fb92427ae41e4649b934ca495991b7852b855,e3b0c44298fc1c149afbf4c8996fb92427ae41e4649b934ca495991b7852b855,,,false,BLOCKED_BUILD_RECONSTRUCTION,No repository or vulnerable revision may be inferred from report identity or synthesized merely to obtain a build.
isu-4d0b80c5f3074c1c-vulnerable-source-resolution-001,isu-4d0b80c5f3074c1c,vulnerable,,,frozen artifact and report row inspected; no explicit vulnerable repository and revision are supplied,,not selected because source identity is unresolved,,2026-08-14T16:56:51.139378+00:00,0,900,,UNAVAILABLE_SOURCE_VERSION,e3b0c44298fc1c149afbf4c8996fb92427ae41e4649b934ca495991b7852b855,e3b0c44298fc1c149afbf4c8996fb92427ae41e4649b934ca495991b7852b855,,,false,BLOCKED_BUILD_RECONSTRUCTION,No repository or vulnerable revision may be inferred from report identity or synthesized merely to obtain a build.
isu-5364060b2d89c4e1-vulnerable-source-resolution-001,isu-5364060b2d89c4e1,vulnerable,,,frozen artifact and report row inspected; no explicit vulnerable repository and revision are supplied,,not selected because source identity is unresolved,,2026-08-14T16:56:51.139378+00:00,0,900,,UNAVAILABLE_SOURCE_VERSION,e3b0c44298fc1c149afbf4c8996fb92427ae41e4649b934ca495991b7852b855,e3b0c44298fc1c149afbf4c8996fb92427ae41e4649b934ca495991b7852b855,,,false,BLOCKED_BUILD_RECONSTRUCTION,No repository or vulnerable revision may be inferred from report identity or synthesized merely to obtain a build.
isu-587a2cf2917ee620-vulnerable-source-resolution-001,isu-587a2cf2917ee620,vulnerable,,,frozen artifact and report row inspected; no explicit vulnerable repository and revision are supplied,,not selected because source identity is unresolved,,2026-08-14T16:56:51.139378+00:00,0,900,,UNAVAILABLE_SOURCE_VERSION,e3b0c44298fc1c149afbf4c8996fb92427ae41e4649b934ca495991b7852b855,e3b0c44298fc1c149afbf4c8996fb92427ae41e4649b934ca495991b7852b855,,,false,BLOCKED_BUILD_RECONSTRUCTION,No repository or vulnerable revision may be inferred from report identity or synthesized merely to obtain a build.
isu-599fced4ea9a8be5-vulnerable-source-resolution-001,isu-599fced4ea9a8be5,vulnerable,,,frozen artifact and report row inspected; no explicit vulnerable repository and revision are supplied,,not selected because source identity is unresolved,,2026-08-14T16:56:51.139378+00:00,0,900,,UNAVAILABLE_SOURCE_VERSION,e3b0c44298fc1c149afbf4c8996fb92427ae41e4649b934ca495991b7852b855,e3b0c44298fc1c149afbf4c8996fb92427ae41e4649b934ca495991b7852b855,,,false,BLOCKED_BUILD_RECONSTRUCTION,No repository or vulnerable revision may be inferred from report identity or synthesized merely to obtain a build.
isu-5a378fce12442b76-vulnerable-source-resolution-001,isu-5a378fce12442b76,vulnerable,,,frozen artifact and report row inspected; no explicit vulnerable repository and revision are supplied,,not selected because source identity is unresolved,,2026-08-14T16:56:51.139378+00:00,0,900,,UNAVAILABLE_SOURCE_VERSION,e3b0c44298fc1c149afbf4c8996fb92427ae41e4649b934ca495991b7852b855,e3b0c44298fc1c149afbf4c8996fb92427ae41e4649b934ca495991b7852b855,,,false,BLOCKED_BUILD_RECONSTRUCTION,No repository or vulnerable revision may be inferred from report identity or synthesized merely to obtain a build.
isu-618635470000c006-vulnerable-source-resolution-001,isu-618635470000c006,vulnerable,,,frozen artifact and report row inspected; no explicit vulnerable repository and revision are supplied,,not selected because source identity is unresolved,,2026-08-14T16:56:51.139378+00:00,0,900,,UNAVAILABLE_SOURCE_VERSION,e3b0c44298fc1c149afbf4c8996fb92427ae41e4649b934ca495991b7852b855,e3b0c44298fc1c149afbf4c8996fb92427ae41e4649b934ca495991b7852b855,,,false,BLOCKED_BUILD_RECONSTRUCTION,No repository or vulnerable revision may be inferred from report identity or synthesized merely to obtain a build.
isu-61e8584be12659ba-vulnerable-source-resolution-001,isu-61e8584be12659ba,vulnerable,,,frozen artifact and report row inspected; no explicit vulnerable repository and revision are supplied,,not selected because source identity is unresolved,,2026-08-14T16:56:51.139378+00:00,0,900,,UNAVAILABLE_SOURCE_VERSION,e3b0c44298fc1c149afbf4c8996fb92427ae41e4649b934ca495991b7852b855,e3b0c44298fc1c149afbf4c8996fb92427ae41e4649b934ca495991b7852b855,,,false,BLOCKED_BUILD_RECONSTRUCTION,No repository or vulnerable revision may be inferred from report identity or synthesized merely to obtain a build.
isu-621f43af68268838-vulnerable-source-resolution-001,isu-621f43af68268838,vulnerable,,,frozen artifact and report row inspected; no explicit vulnerable repository and revision are supplied,,not selected because source identity is unresolved,,2026-08-14T16:56:51.139378+00:00,0,900,,UNAVAILABLE_SOURCE_VERSION,e3b0c44298fc1c149afbf4c8996fb92427ae41e4649b934ca495991b7852b855,e3b0c44298fc1c149afbf4c8996fb92427ae41e4649b934ca495991b7852b855,,,false,BLOCKED_BUILD_RECONSTRUCTION,No repository or vulnerable revision may be inferred from report identity or synthesized merely to obtain a build.
isu-675c757b9950fa5e-vulnerable-source-resolution-001,isu-675c757b9950fa5e,vulnerable,,,frozen artifact and report row inspected; no explicit vulnerable repository and revision are supplied,,not selected because source identity is unresolved,,2026-08-14T16:56:51.139378+00:00,0,900,,UNAVAILABLE_SOURCE_VERSION,e3b0c44298fc1c149afbf4c8996fb92427ae41e4649b934ca495991b7852b855,e3b0c44298fc1c149afbf4c8996fb92427ae41e4649b934ca495991b7852b855,,,false,BLOCKED_BUILD_RECONSTRUCTION,No repository or vulnerable revision may be inferred from report identity or synthesized merely to obtain a build.
isu-68088a5b0a6df553-vulnerable-source-resolution-001,isu-68088a5b0a6df553,vulnerable,,,frozen artifact and report row inspected; no explicit vulnerable repository and revision are supplied,,not selected because source identity is unresolved,,2026-08-14T16:56:51.139378+00:00,0,900,,UNAVAILABLE_SOURCE_VERSION,e3b0c44298fc1c149afbf4c8996fb92427ae41e4649b934ca495991b7852b855,e3b0c44298fc1c149afbf4c8996fb92427ae41e4649b934ca495991b7852b855,,,false,BLOCKED_BUILD_RECONSTRUCTION,No repository or vulnerable revision may be inferred from report identity or synthesized merely to obtain a build.
isu-696e521de930042e-vulnerable-source-resolution-001,isu-696e521de930042e,vulnerable,,,frozen artifact and report row inspected; no explicit vulnerable repository and revision are supplied,,not selected because source identity is unresolved,,2026-08-14T16:56:51.139378+00:00,0,900,,UNAVAILABLE_SOURCE_VERSION,e3b0c44298fc1c149afbf4c8996fb92427ae41e4649b934ca495991b7852b855,e3b0c44298fc1c149afbf4c8996fb92427ae41e4649b934ca495991b7852b855,,,false,BLOCKED_BUILD_RECONSTRUCTION,No repository or vulnerable revision may be inferred from report identity or synthesized merely to obtain a build.
isu-6a4103498e96a7d2-vulnerable-source-resolution-001,isu-6a4103498e96a7d2,vulnerable,,,frozen artifact and report row inspected; no explicit vulnerable repository and revision are supplied,,not selected because source identity is unresolved,,2026-08-14T16:56:51.139378+00:00,0,900,,UNAVAILABLE_SOURCE_VERSION,e3b0c44298fc1c149afbf4c8996fb92427ae41e4649b934ca495991b7852b855,e3b0c44298fc1c149afbf4c8996fb92427ae41e4649b934ca495991b7852b855,,,false,BLOCKED_BUILD_RECONSTRUCTION,No repository or vulnerable revision may be inferred from report identity or synthesized merely to obtain a build.
isu-6e464662eff8b167-vulnerable-source-resolution-001,isu-6e464662eff8b167,vulnerable,,,frozen artifact and report row inspected; no explicit vulnerable repository and revision are supplied,,not selected because source identity is unresolved,,2026-08-14T16:56:51.139378+00:00,0,900,,UNAVAILABLE_SOURCE_VERSION,e3b0c44298fc1c149afbf4c8996fb92427ae41e4649b934ca495991b7852b855,e3b0c44298fc1c149afbf4c8996fb92427ae41e4649b934ca495991b7852b855,,,false,BLOCKED_BUILD_RECONSTRUCTION,No repository or vulnerable revision may be inferred from report identity or synthesized merely to obtain a build.
isu-6ebf8383a0d41341-vulnerable-source-resolution-001,isu-6ebf8383a0d41341,vulnerable,,,frozen artifact and report row inspected; no explicit vulnerable repository and revision are supplied,,not selected because source identity is unresolved,,2026-08-14T16:56:51.139378+00:00,0,900,,UNAVAILABLE_SOURCE_VERSION,e3b0c44298fc1c149afbf4c8996fb92427ae41e4649b934ca495991b7852b855,e3b0c44298fc1c149afbf4c8996fb92427ae41e4649b934ca495991b7852b855,,,false,BLOCKED_BUILD_RECONSTRUCTION,No repository or vulnerable revision may be inferred from report identity or synthesized merely to obtain a build.
isu-7068f206eea19247-vulnerable-source-resolution-001,isu-7068f206eea19247,vulnerable,,,frozen artifact and report row inspected; no explicit vulnerable repository and revision are supplied,,not selected because source identity is unresolved,,2026-08-14T16:56:51.139378+00:00,0,900,,UNAVAILABLE_SOURCE_VERSION,e3b0c44298fc1c149afbf4c8996fb92427ae41e4649b934ca495991b7852b855,e3b0c44298fc1c149afbf4c8996fb92427ae41e4649b934ca495991b7852b855,,,false,BLOCKED_BUILD_RECONSTRUCTION,No repository or vulnerable revision may be inferred from report identity or synthesized merely to obtain a build.
isu-71121263613cd4c7-vulnerable-source-resolution-001,isu-71121263613cd4c7,vulnerable,,,frozen artifact and report row inspected; no explicit vulnerable repository and revision are supplied,,not selected because source identity is unresolved,,2026-08-14T16:56:51.139378+00:00,0,900,,UNAVAILABLE_SOURCE_VERSION,e3b0c44298fc1c149afbf4c8996fb92427ae41e4649b934ca495991b7852b855,e3b0c44298fc1c149afbf4c8996fb92427ae41e4649b934ca495991b7852b855,,,false,BLOCKED_BUILD_RECONSTRUCTION,No repository or vulnerable revision may be inferred from report identity or synthesized merely to obtain a build.
isu-749924b9c7ff076d-vulnerable-source-resolution-001,isu-749924b9c7ff076d,vulnerable,,,frozen artifact and report row inspected; no explicit vulnerable repository and revision are supplied,,not selected because source identity is unresolved,,2026-08-14T16:56:51.139378+00:00,0,900,,UNAVAILABLE_SOURCE_VERSION,e3b0c44298fc1c149afbf4c8996fb92427ae41e4649b934ca495991b7852b855,e3b0c44298fc1c149afbf4c8996fb92427ae41e4649b934ca495991b7852b855,,,false,BLOCKED_BUILD_RECONSTRUCTION,No repository or vulnerable revision may be inferred from report identity or synthesized merely to obtain a build.
isu-75daa7931b85c90d-vulnerable-source-resolution-001,isu-75daa7931b85c90d,vulnerable,,,frozen artifact and report row inspected; no explicit vulnerable repository and revision are supplied,,not selected because source identity is unresolved,,2026-08-14T16:56:51.139378+00:00,0,900,,UNAVAILABLE_SOURCE_VERSION,e3b0c44298fc1c149afbf4c8996fb92427ae41e4649b934ca495991b7852b855,e3b0c44298fc1c149afbf4c8996fb92427ae41e4649b934ca495991b7852b855,,,false,BLOCKED_BUILD_RECONSTRUCTION,No repository or vulnerable revision may be inferred from report identity or synthesized merely to obtain a build.
isu-76e6aa75733cd2f9-vulnerable-source-resolution-001,isu-76e6aa75733cd2f9,vulnerable,,,frozen artifact and report row inspected; no explicit vulnerable repository and revision are supplied,,not selected because source identity is unresolved,,2026-08-14T16:56:51.139378+00:00,0,900,,UNAVAILABLE_SOURCE_VERSION,e3b0c44298fc1c149afbf4c8996fb92427ae41e4649b934ca495991b7852b855,e3b0c44298fc1c149afbf4c8996fb92427ae41e4649b934ca495991b7852b855,,,false,BLOCKED_BUILD_RECONSTRUCTION,No repository or vulnerable revision may be inferred from report identity or synthesized merely to obtain a build.
isu-788dfab3feaf2dd1-vulnerable-source-resolution-001,isu-788dfab3feaf2dd1,vulnerable,,,frozen artifact and report row inspected; no explicit vulnerable repository and revision are supplied,,not selected because source identity is unresolved,,2026-08-14T16:56:51.139378+00:00,0,900,,UNAVAILABLE_SOURCE_VERSION,e3b0c44298fc1c149afbf4c8996fb92427ae41e4649b934ca495991b7852b855,e3b0c44298fc1c149afbf4c8996fb92427ae41e4649b934ca495991b7852b855,,,false,BLOCKED_BUILD_RECONSTRUCTION,No repository or vulnerable revision may be inferred from report identity or synthesized merely to obtain a build.
isu-7892f67a73ef5fa1-vulnerable-source-resolution-001,isu-7892f67a73ef5fa1,vulnerable,,,frozen artifact and report row inspected; no explicit vulnerable repository and revision are supplied,,not selected because source identity is unresolved,,2026-08-14T16:56:51.139378+00:00,0,900,,UNAVAILABLE_SOURCE_VERSION,e3b0c44298fc1c149afbf4c8996fb92427ae41e4649b934ca495991b7852b855,e3b0c44298fc1c149afbf4c8996fb92427ae41e4649b934ca495991b7852b855,,,false,BLOCKED_BUILD_RECONSTRUCTION,No repository or vulnerable revision may be inferred from report identity or synthesized merely to obtain a build.
isu-7bab5a8cb4269c50-vulnerable-source-resolution-001,isu-7bab5a8cb4269c50,vulnerable,,,frozen artifact and report row inspected; no explicit vulnerable repository and revision are supplied,,not selected because source identity is unresolved,,2026-08-14T16:56:51.139378+00:00,0,900,,UNAVAILABLE_SOURCE_VERSION,e3b0c44298fc1c149afbf4c8996fb92427ae41e4649b934ca495991b7852b855,e3b0c44298fc1c149afbf4c8996fb92427ae41e4649b934ca495991b7852b855,,,false,BLOCKED_BUILD_RECONSTRUCTION,No repository or vulnerable revision may be inferred from report identity or synthesized merely to obtain a build.
isu-7d695607cb1d5ebf-vulnerable-source-resolution-001,isu-7d695607cb1d5ebf,vulnerable,,,frozen artifact and report row inspected; no explicit vulnerable repository and revision are supplied,,not selected because source identity is unresolved,,2026-08-14T16:56:51.139378+00:00,0,900,,UNAVAILABLE_SOURCE_VERSION,e3b0c44298fc1c149afbf4c8996fb92427ae41e4649b934ca495991b7852b855,e3b0c44298fc1c149afbf4c8996fb92427ae41e4649b934ca495991b7852b855,,,false,BLOCKED_BUILD_RECONSTRUCTION,No repository or vulnerable revision may be inferred from report identity or synthesized merely to obtain a build.
isu-7fa2dc5fe1d424e1-vulnerable-source-resolution-001,isu-7fa2dc5fe1d424e1,vulnerable,,,frozen artifact and report row inspected; no explicit vulnerable repository and revision are supplied,,not selected because source identity is unresolved,,2026-08-14T16:56:51.139378+00:00,0,900,,UNAVAILABLE_SOURCE_VERSION,e3b0c44298fc1c149afbf4c8996fb92427ae41e4649b934ca495991b7852b855,e3b0c44298fc1c149afbf4c8996fb92427ae41e4649b934ca495991b7852b855,,,false,BLOCKED_BUILD_RECONSTRUCTION,No repository or vulnerable revision may be inferred from report identity or synthesized merely to obtain a build.
isu-803f2b23e37d2038-vulnerable-source-resolution-001,isu-803f2b23e37d2038,vulnerable,,,frozen artifact and report row inspected; no explicit vulnerable repository and revision are supplied,,not selected because source identity is unresolved,,2026-08-14T16:56:51.139378+00:00,0,900,,UNAVAILABLE_SOURCE_VERSION,e3b0c44298fc1c149afbf4c8996fb92427ae41e4649b934ca495991b7852b855,e3b0c44298fc1c149afbf4c8996fb92427ae41e4649b934ca495991b7852b855,,,false,BLOCKED_BUILD_RECONSTRUCTION,No repository or vulnerable revision may be inferred from report identity or synthesized merely to obtain a build.
isu-825044c76fedfbf3-vulnerable-source-resolution-001,isu-825044c76fedfbf3,vulnerable,,,frozen artifact and report row inspected; no explicit vulnerable repository and revision are supplied,,not selected because source identity is unresolved,,2026-08-14T16:56:51.139378+00:00,0,900,,UNAVAILABLE_SOURCE_VERSION,e3b0c44298fc1c149afbf4c8996fb92427ae41e4649b934ca495991b7852b855,e3b0c44298fc1c149afbf4c8996fb92427ae41e4649b934ca495991b7852b855,,,false,BLOCKED_BUILD_RECONSTRUCTION,No repository or vulnerable revision may be inferred from report identity or synthesized merely to obtain a build.
isu-883447fef1177d83-vulnerable-source-resolution-001,isu-883447fef1177d83,vulnerable,,,frozen artifact and report row inspected; no explicit vulnerable repository and revision are supplied,,not selected because source identity is unresolved,,2026-08-14T16:56:51.139378+00:00,0,900,,UNAVAILABLE_SOURCE_VERSION,e3b0c44298fc1c149afbf4c8996fb92427ae41e4649b934ca495991b7852b855,e3b0c44298fc1c149afbf4c8996fb92427ae41e4649b934ca495991b7852b855,,,false,BLOCKED_BUILD_RECONSTRUCTION,No repository or vulnerable revision may be inferred from report identity or synthesized merely to obtain a build.
isu-8dda8bf0c932db3f-vulnerable-source-resolution-001,isu-8dda8bf0c932db3f,vulnerable,,,frozen artifact and report row inspected; no explicit vulnerable repository and revision are supplied,,not selected because source identity is unresolved,,2026-08-14T16:56:51.139378+00:00,0,900,,UNAVAILABLE_SOURCE_VERSION,e3b0c44298fc1c149afbf4c8996fb92427ae41e4649b934ca495991b7852b855,e3b0c44298fc1c149afbf4c8996fb92427ae41e4649b934ca495991b7852b855,,,false,BLOCKED_BUILD_RECONSTRUCTION,No repository or vulnerable revision may be inferred from report identity or synthesized merely to obtain a build.
isu-8e28a9dae87c4960-vulnerable-source-resolution-001,isu-8e28a9dae87c4960,vulnerable,,,frozen artifact and report row inspected; no explicit vulnerable repository and revision are supplied,,not selected because source identity is unresolved,,2026-08-14T16:56:51.139378+00:00,0,900,,UNAVAILABLE_SOURCE_VERSION,e3b0c44298fc1c149afbf4c8996fb92427ae41e4649b934ca495991b7852b855,e3b0c44298fc1c149afbf4c8996fb92427ae41e4649b934ca495991b7852b855,,,false,BLOCKED_BUILD_RECONSTRUCTION,No repository or vulnerable revision may be inferred from report identity or synthesized merely to obtain a build.
isu-9097ab32e6443dd6-vulnerable-source-resolution-001,isu-9097ab32e6443dd6,vulnerable,,,frozen artifact and report row inspected; no explicit vulnerable repository and revision are supplied,,not selected because source identity is unresolved,,2026-08-14T16:56:51.139378+00:00,0,900,,UNAVAILABLE_SOURCE_VERSION,e3b0c44298fc1c149afbf4c8996fb92427ae41e4649b934ca495991b7852b855,e3b0c44298fc1c149afbf4c8996fb92427ae41e4649b934ca495991b7852b855,,,false,BLOCKED_BUILD_RECONSTRUCTION,No repository or vulnerable revision may be inferred from report identity or synthesized merely to obtain a build.
isu-92cbfaf905a24490-vulnerable-source-resolution-001,isu-92cbfaf905a24490,vulnerable,,,frozen artifact and report row inspected; no explicit vulnerable repository and revision are supplied,,not selected because source identity is unresolved,,2026-08-14T16:56:51.139378+00:00,0,900,,UNAVAILABLE_SOURCE_VERSION,e3b0c44298fc1c149afbf4c8996fb92427ae41e4649b934ca495991b7852b855,e3b0c44298fc1c149afbf4c8996fb92427ae41e4649b934ca495991b7852b855,,,false,BLOCKED_BUILD_RECONSTRUCTION,No repository or vulnerable revision may be inferred from report identity or synthesized merely to obtain a build.
isu-93e7300724394af9-vulnerable-source-resolution-001,isu-93e7300724394af9,vulnerable,,,frozen artifact and report row inspected; no explicit vulnerable repository and revision are supplied,,not selected because source identity is unresolved,,2026-08-14T16:56:51.139378+00:00,0,900,,UNAVAILABLE_SOURCE_VERSION,e3b0c44298fc1c149afbf4c8996fb92427ae41e4649b934ca495991b7852b855,e3b0c44298fc1c149afbf4c8996fb92427ae41e4649b934ca495991b7852b855,,,false,BLOCKED_BUILD_RECONSTRUCTION,No repository or vulnerable revision may be inferred from report identity or synthesized merely to obtain a build.
isu-94218c1aa2acd123-vulnerable-source-resolution-001,isu-94218c1aa2acd123,vulnerable,,,frozen artifact and report row inspected; no explicit vulnerable repository and revision are supplied,,not selected because source identity is unresolved,,2026-08-14T16:56:51.139378+00:00,0,900,,UNAVAILABLE_SOURCE_VERSION,e3b0c44298fc1c149afbf4c8996fb92427ae41e4649b934ca495991b7852b855,e3b0c44298fc1c149afbf4c8996fb92427ae41e4649b934ca495991b7852b855,,,false,BLOCKED_BUILD_RECONSTRUCTION,No repository or vulnerable revision may be inferred from report identity or synthesized merely to obtain a build.
isu-946bf9ba48ae786b-vulnerable-source-resolution-001,isu-946bf9ba48ae786b,vulnerable,,,frozen artifact and report row inspected; no explicit vulnerable repository and revision are supplied,,not selected because source identity is unresolved,,2026-08-14T16:56:51.139378+00:00,0,900,,UNAVAILABLE_SOURCE_VERSION,e3b0c44298fc1c149afbf4c8996fb92427ae41e4649b934ca495991b7852b855,e3b0c44298fc1c149afbf4c8996fb92427ae41e4649b934ca495991b7852b855,,,false,BLOCKED_BUILD_RECONSTRUCTION,No repository or vulnerable revision may be inferred from report identity or synthesized merely to obtain a build.
isu-9873179830346843-vulnerable-source-resolution-001,isu-9873179830346843,vulnerable,,,frozen artifact and report row inspected; no explicit vulnerable repository and revision are supplied,,not selected because source identity is unresolved,,2026-08-14T16:56:51.139378+00:00,0,900,,UNAVAILABLE_SOURCE_VERSION,e3b0c44298fc1c149afbf4c8996fb92427ae41e4649b934ca495991b7852b855,e3b0c44298fc1c149afbf4c8996fb92427ae41e4649b934ca495991b7852b855,,,false,BLOCKED_BUILD_RECONSTRUCTION,No repository or vulnerable revision may be inferred from report identity or synthesized merely to obtain a build.
isu-99d4c25ac922028c-vulnerable-source-resolution-001,isu-99d4c25ac922028c,vulnerable,,,frozen artifact and report row inspected; no explicit vulnerable repository and revision are supplied,,not selected because source identity is unresolved,,2026-08-14T16:56:51.139378+00:00,0,900,,UNAVAILABLE_SOURCE_VERSION,e3b0c44298fc1c149afbf4c8996fb92427ae41e4649b934ca495991b7852b855,e3b0c44298fc1c149afbf4c8996fb92427ae41e4649b934ca495991b7852b855,,,false,BLOCKED_BUILD_RECONSTRUCTION,No repository or vulnerable revision may be inferred from report identity or synthesized merely to obtain a build.
isu-9bb2eb3155febcd7-vulnerable-source-resolution-001,isu-9bb2eb3155febcd7,vulnerable,,,frozen artifact and report row inspected; no explicit vulnerable repository and revision are supplied,,not selected because source identity is unresolved,,2026-08-14T16:56:51.139378+00:00,0,900,,UNAVAILABLE_SOURCE_VERSION,e3b0c44298fc1c149afbf4c8996fb92427ae41e4649b934ca495991b7852b855,e3b0c44298fc1c149afbf4c8996fb92427ae41e4649b934ca495991b7852b855,,,false,BLOCKED_BUILD_RECONSTRUCTION,No repository or vulnerable revision may be inferred from report identity or synthesized merely to obtain a build.
isu-a03c079be75678d0-vulnerable-source-resolution-001,isu-a03c079be75678d0,vulnerable,,,frozen artifact and report row inspected; no explicit vulnerable repository and revision are supplied,,not selected because source identity is unresolved,,2026-08-14T16:56:51.139378+00:00,0,900,,UNAVAILABLE_SOURCE_VERSION,e3b0c44298fc1c149afbf4c8996fb92427ae41e4649b934ca495991b7852b855,e3b0c44298fc1c149afbf4c8996fb92427ae41e4649b934ca495991b7852b855,,,false,BLOCKED_BUILD_RECONSTRUCTION,No repository or vulnerable revision may be inferred from report identity or synthesized merely to obtain a build.
isu-a27f2f1d35d4f56d-vulnerable-source-resolution-001,isu-a27f2f1d35d4f56d,vulnerable,,,frozen artifact and report row inspected; no explicit vulnerable repository and revision are supplied,,not selected because source identity is unresolved,,2026-08-14T16:56:51.139378+00:00,0,900,,UNAVAILABLE_SOURCE_VERSION,e3b0c44298fc1c149afbf4c8996fb92427ae41e4649b934ca495991b7852b855,e3b0c44298fc1c149afbf4c8996fb92427ae41e4649b934ca495991b7852b855,,,false,BLOCKED_BUILD_RECONSTRUCTION,No repository or vulnerable revision may be inferred from report identity or synthesized merely to obtain a build.
isu-a346e0579cc411b2-vulnerable-source-resolution-001,isu-a346e0579cc411b2,vulnerable,,,frozen artifact and report row inspected; no explicit vulnerable repository and revision are supplied,,not selected because source identity is unresolved,,2026-08-14T16:56:51.139378+00:00,0,900,,UNAVAILABLE_SOURCE_VERSION,e3b0c44298fc1c149afbf4c8996fb92427ae41e4649b934ca495991b7852b855,e3b0c44298fc1c149afbf4c8996fb92427ae41e4649b934ca495991b7852b855,,,false,BLOCKED_BUILD_RECONSTRUCTION,No repository or vulnerable revision may be inferred from report identity or synthesized merely to obtain a build.
isu-a36b810e7be9bc36-vulnerable-source-resolution-001,isu-a36b810e7be9bc36,vulnerable,,,frozen artifact and report row inspected; no explicit vulnerable repository and revision are supplied,,not selected because source identity is unresolved,,2026-08-14T16:56:51.139378+00:00,0,900,,UNAVAILABLE_SOURCE_VERSION,e3b0c44298fc1c149afbf4c8996fb92427ae41e4649b934ca495991b7852b855,e3b0c44298fc1c149afbf4c8996fb92427ae41e4649b934ca495991b7852b855,,,false,BLOCKED_BUILD_RECONSTRUCTION,No repository or vulnerable revision may be inferred from report identity or synthesized merely to obtain a build.
isu-a4f232f8e3995505-vulnerable-source-resolution-001,isu-a4f232f8e3995505,vulnerable,,,frozen artifact and report row inspected; no explicit vulnerable repository and revision are supplied,,not selected because source identity is unresolved,,2026-08-14T16:56:51.139378+00:00,0,900,,UNAVAILABLE_SOURCE_VERSION,e3b0c44298fc1c149afbf4c8996fb92427ae41e4649b934ca495991b7852b855,e3b0c44298fc1c149afbf4c8996fb92427ae41e4649b934ca495991b7852b855,,,false,BLOCKED_BUILD_RECONSTRUCTION,No repository or vulnerable revision may be inferred from report identity or synthesized merely to obtain a build.
isu-a5b45354645d49e9-vulnerable-source-resolution-001,isu-a5b45354645d49e9,vulnerable,,,frozen artifact and report row inspected; no explicit vulnerable repository and revision are supplied,,not selected because source identity is unresolved,,2026-08-14T16:56:51.139378+00:00,0,900,,UNAVAILABLE_SOURCE_VERSION,e3b0c44298fc1c149afbf4c8996fb92427ae41e4649b934ca495991b7852b855,e3b0c44298fc1c149afbf4c8996fb92427ae41e4649b934ca495991b7852b855,,,false,BLOCKED_BUILD_RECONSTRUCTION,No repository or vulnerable revision may be inferred from report identity or synthesized merely to obtain a build.
isu-a81e34895c47243a-vulnerable-source-resolution-001,isu-a81e34895c47243a,vulnerable,,,frozen artifact and report row inspected; no explicit vulnerable repository and revision are supplied,,not selected because source identity is unresolved,,2026-08-14T16:56:51.139378+00:00,0,900,,UNAVAILABLE_SOURCE_VERSION,e3b0c44298fc1c149afbf4c8996fb92427ae41e4649b934ca495991b7852b855,e3b0c44298fc1c149afbf4c8996fb92427ae41e4649b934ca495991b7852b855,,,false,BLOCKED_BUILD_RECONSTRUCTION,No repository or vulnerable revision may be inferred from report identity or synthesized merely to obtain a build.
isu-a93c6b77cc1d4f75-vulnerable-source-resolution-001,isu-a93c6b77cc1d4f75,vulnerable,,,frozen artifact and report row inspected; no explicit vulnerable repository and revision are supplied,,not selected because source identity is unresolved,,2026-08-14T16:56:51.139378+00:00,0,900,,UNAVAILABLE_SOURCE_VERSION,e3b0c44298fc1c149afbf4c8996fb92427ae41e4649b934ca495991b7852b855,e3b0c44298fc1c149afbf4c8996fb92427ae41e4649b934ca495991b7852b855,,,false,BLOCKED_BUILD_RECONSTRUCTION,No repository or vulnerable revision may be inferred from report identity or synthesized merely to obtain a build.
isu-afed826cfb09b1d0-vulnerable-source-resolution-001,isu-afed826cfb09b1d0,vulnerable,,,frozen artifact and report row inspected; no explicit vulnerable repository and revision are supplied,,not selected because source identity is unresolved,,2026-08-14T16:56:51.139378+00:00,0,900,,UNAVAILABLE_SOURCE_VERSION,e3b0c44298fc1c149afbf4c8996fb92427ae41e4649b934ca495991b7852b855,e3b0c44298fc1c149afbf4c8996fb92427ae41e4649b934ca495991b7852b855,,,false,BLOCKED_BUILD_RECONSTRUCTION,No repository or vulnerable revision may be inferred from report identity or synthesized merely to obtain a build.
isu-b293708ac8e38fa3-vulnerable-source-resolution-001,isu-b293708ac8e38fa3,vulnerable,,,frozen artifact and report row inspected; no explicit vulnerable repository and revision are supplied,,not selected because source identity is unresolved,,2026-08-14T16:56:51.139378+00:00,0,900,,UNAVAILABLE_SOURCE_VERSION,e3b0c44298fc1c149afbf4c8996fb92427ae41e4649b934ca495991b7852b855,e3b0c44298fc1c149afbf4c8996fb92427ae41e4649b934ca495991b7852b855,,,false,BLOCKED_BUILD_RECONSTRUCTION,No repository or vulnerable revision may be inferred from report identity or synthesized merely to obtain a build.
isu-b544ae99b1509882-vulnerable-source-resolution-001,isu-b544ae99b1509882,vulnerable,,,frozen artifact and report row inspected; no explicit vulnerable repository and revision are supplied,,not selected because source identity is unresolved,,2026-08-14T16:56:51.139378+00:00,0,900,,UNAVAILABLE_SOURCE_VERSION,e3b0c44298fc1c149afbf4c8996fb92427ae41e4649b934ca495991b7852b855,e3b0c44298fc1c149afbf4c8996fb92427ae41e4649b934ca495991b7852b855,,,false,BLOCKED_BUILD_RECONSTRUCTION,No repository or vulnerable revision may be inferred from report identity or synthesized merely to obtain a build.
isu-b681cc0782ab7098-vulnerable-source-resolution-001,isu-b681cc0782ab7098,vulnerable,,,frozen artifact and report row inspected; no explicit vulnerable repository and revision are supplied,,not selected because source identity is unresolved,,2026-08-14T16:56:51.139378+00:00,0,900,,UNAVAILABLE_SOURCE_VERSION,e3b0c44298fc1c149afbf4c8996fb92427ae41e4649b934ca495991b7852b855,e3b0c44298fc1c149afbf4c8996fb92427ae41e4649b934ca495991b7852b855,,,false,BLOCKED_BUILD_RECONSTRUCTION,No repository or vulnerable revision may be inferred from report identity or synthesized merely to obtain a build.
isu-b7d3203547e02ba9-vulnerable-source-resolution-001,isu-b7d3203547e02ba9,vulnerable,,,frozen artifact and report row inspected; no explicit vulnerable repository and revision are supplied,,not selected because source identity is unresolved,,2026-08-14T16:56:51.139378+00:00,0,900,,UNAVAILABLE_SOURCE_VERSION,e3b0c44298fc1c149afbf4c8996fb92427ae41e4649b934ca495991b7852b855,e3b0c44298fc1c149afbf4c8996fb92427ae41e4649b934ca495991b7852b855,,,false,BLOCKED_BUILD_RECONSTRUCTION,No repository or vulnerable revision may be inferred from report identity or synthesized merely to obtain a build.
isu-bd1cee16e89b05be-vulnerable-source-resolution-001,isu-bd1cee16e89b05be,vulnerable,,,frozen artifact and report row inspected; no explicit vulnerable repository and revision are supplied,,not selected because source identity is unresolved,,2026-08-14T16:56:51.139378+00:00,0,900,,UNAVAILABLE_SOURCE_VERSION,e3b0c44298fc1c149afbf4c8996fb92427ae41e4649b934ca495991b7852b855,e3b0c44298fc1c149afbf4c8996fb92427ae41e4649b934ca495991b7852b855,,,false,BLOCKED_BUILD_RECONSTRUCTION,No repository or vulnerable revision may be inferred from report identity or synthesized merely to obtain a build.
isu-bed3fb17def1a543-vulnerable-source-resolution-001,isu-bed3fb17def1a543,vulnerable,,,frozen artifact and report row inspected; no explicit vulnerable repository and revision are supplied,,not selected because source identity is unresolved,,2026-08-14T16:56:51.139378+00:00,0,900,,UNAVAILABLE_SOURCE_VERSION,e3b0c44298fc1c149afbf4c8996fb92427ae41e4649b934ca495991b7852b855,e3b0c44298fc1c149afbf4c8996fb92427ae41e4649b934ca495991b7852b855,,,false,BLOCKED_BUILD_RECONSTRUCTION,No repository or vulnerable revision may be inferred from report identity or synthesized merely to obtain a build.
isu-c2b72eea7d3386af-vulnerable-source-resolution-001,isu-c2b72eea7d3386af,vulnerable,,,frozen artifact and report row inspected; no explicit vulnerable repository and revision are supplied,,not selected because source identity is unresolved,,2026-08-14T16:56:51.139378+00:00,0,900,,UNAVAILABLE_SOURCE_VERSION,e3b0c44298fc1c149afbf4c8996fb92427ae41e4649b934ca495991b7852b855,e3b0c44298fc1c149afbf4c8996fb92427ae41e4649b934ca495991b7852b855,,,false,BLOCKED_BUILD_RECONSTRUCTION,No repository or vulnerable revision may be inferred from report identity or synthesized merely to obtain a build.
isu-c861ec930b030c28-vulnerable-source-resolution-001,isu-c861ec930b030c28,vulnerable,,,frozen artifact and report row inspected; no explicit vulnerable repository and revision are supplied,,not selected because source identity is unresolved,,2026-08-14T16:56:51.139378+00:00,0,900,,UNAVAILABLE_SOURCE_VERSION,e3b0c44298fc1c149afbf4c8996fb92427ae41e4649b934ca495991b7852b855,e3b0c44298fc1c149afbf4c8996fb92427ae41e4649b934ca495991b7852b855,,,false,BLOCKED_BUILD_RECONSTRUCTION,No repository or vulnerable revision may be inferred from report identity or synthesized merely to obtain a build.
isu-c8e0f60aa46e48a0-vulnerable-source-resolution-001,isu-c8e0f60aa46e48a0,vulnerable,,,frozen artifact and report row inspected; no explicit vulnerable repository and revision are supplied,,not selected because source identity is unresolved,,2026-08-14T16:56:51.139378+00:00,0,900,,UNAVAILABLE_SOURCE_VERSION,e3b0c44298fc1c149afbf4c8996fb92427ae41e4649b934ca495991b7852b855,e3b0c44298fc1c149afbf4c8996fb92427ae41e4649b934ca495991b7852b855,,,false,BLOCKED_BUILD_RECONSTRUCTION,No repository or vulnerable revision may be inferred from report identity or synthesized merely to obtain a build.
isu-ca5f6661a91a0ea5-vulnerable-source-resolution-001,isu-ca5f6661a91a0ea5,vulnerable,,,frozen artifact and report row inspected; no explicit vulnerable repository and revision are supplied,,not selected because source identity is unresolved,,2026-08-14T16:56:51.139378+00:00,0,900,,UNAVAILABLE_SOURCE_VERSION,e3b0c44298fc1c149afbf4c8996fb92427ae41e4649b934ca495991b7852b855,e3b0c44298fc1c149afbf4c8996fb92427ae41e4649b934ca495991b7852b855,,,false,BLOCKED_BUILD_RECONSTRUCTION,No repository or vulnerable revision may be inferred from report identity or synthesized merely to obtain a build.
isu-d40734add7641db5-vulnerable-source-resolution-001,isu-d40734add7641db5,vulnerable,,,frozen artifact and report row inspected; no explicit vulnerable repository and revision are supplied,,not selected because source identity is unresolved,,2026-08-14T16:56:51.139378+00:00,0,900,,UNAVAILABLE_SOURCE_VERSION,e3b0c44298fc1c149afbf4c8996fb92427ae41e4649b934ca495991b7852b855,e3b0c44298fc1c149afbf4c8996fb92427ae41e4649b934ca495991b7852b855,,,false,BLOCKED_BUILD_RECONSTRUCTION,No repository or vulnerable revision may be inferred from report identity or synthesized merely to obtain a build.
isu-d82a8ede733c07e2-vulnerable-source-resolution-001,isu-d82a8ede733c07e2,vulnerable,,,frozen artifact and report row inspected; no explicit vulnerable repository and revision are supplied,,not selected because source identity is unresolved,,2026-08-14T16:56:51.139378+00:00,0,900,,UNAVAILABLE_SOURCE_VERSION,e3b0c44298fc1c149afbf4c8996fb92427ae41e4649b934ca495991b7852b855,e3b0c44298fc1c149afbf4c8996fb92427ae41e4649b934ca495991b7852b855,,,false,BLOCKED_BUILD_RECONSTRUCTION,No repository or vulnerable revision may be inferred from report identity or synthesized merely to obtain a build.
isu-da726f3c7052bc2d-vulnerable-source-resolution-001,isu-da726f3c7052bc2d,vulnerable,,,frozen artifact and report row inspected; no explicit vulnerable repository and revision are supplied,,not selected because source identity is unresolved,,2026-08-14T16:56:51.139378+00:00,0,900,,UNAVAILABLE_SOURCE_VERSION,e3b0c44298fc1c149afbf4c8996fb92427ae41e4649b934ca495991b7852b855,e3b0c44298fc1c149afbf4c8996fb92427ae41e4649b934ca495991b7852b855,,,false,BLOCKED_BUILD_RECONSTRUCTION,No repository or vulnerable revision may be inferred from report identity or synthesized merely to obtain a build.
isu-dbd7bec2a34c98ec-vulnerable-source-resolution-001,isu-dbd7bec2a34c98ec,vulnerable,,,frozen artifact and report row inspected; no explicit vulnerable repository and revision are supplied,,not selected because source identity is unresolved,,2026-08-14T16:56:51.139378+00:00,0,900,,UNAVAILABLE_SOURCE_VERSION,e3b0c44298fc1c149afbf4c8996fb92427ae41e4649b934ca495991b7852b855,e3b0c44298fc1c149afbf4c8996fb92427ae41e4649b934ca495991b7852b855,,,false,BLOCKED_BUILD_RECONSTRUCTION,No repository or vulnerable revision may be inferred from report identity or synthesized merely to obtain a build.
isu-dddbc27879224819-vulnerable-source-resolution-001,isu-dddbc27879224819,vulnerable,,,frozen artifact and report row inspected; no explicit vulnerable repository and revision are supplied,,not selected because source identity is unresolved,,2026-08-14T16:56:51.139378+00:00,0,900,,UNAVAILABLE_SOURCE_VERSION,e3b0c44298fc1c149afbf4c8996fb92427ae41e4649b934ca495991b7852b855,e3b0c44298fc1c149afbf4c8996fb92427ae41e4649b934ca495991b7852b855,,,false,BLOCKED_BUILD_RECONSTRUCTION,No repository or vulnerable revision may be inferred from report identity or synthesized merely to obtain a build.
isu-e419c46c714b5de0-vulnerable-source-resolution-001,isu-e419c46c714b5de0,vulnerable,,,frozen artifact and report row inspected; no explicit vulnerable repository and revision are supplied,,not selected because source identity is unresolved,,2026-08-14T16:56:51.139378+00:00,0,900,,UNAVAILABLE_SOURCE_VERSION,e3b0c44298fc1c149afbf4c8996fb92427ae41e4649b934ca495991b7852b855,e3b0c44298fc1c149afbf4c8996fb92427ae41e4649b934ca495991b7852b855,,,false,BLOCKED_BUILD_RECONSTRUCTION,No repository or vulnerable revision may be inferred from report identity or synthesized merely to obtain a build.
isu-e6225382384fe664-vulnerable-source-resolution-001,isu-e6225382384fe664,vulnerable,,,frozen artifact and report row inspected; no explicit vulnerable repository and revision are supplied,,not selected because source identity is unresolved,,2026-08-14T16:56:51.139378+00:00,0,900,,UNAVAILABLE_SOURCE_VERSION,e3b0c44298fc1c149afbf4c8996fb92427ae41e4649b934ca495991b7852b855,e3b0c44298fc1c149afbf4c8996fb92427ae41e4649b934ca495991b7852b855,,,false,BLOCKED_BUILD_RECONSTRUCTION,No repository or vulnerable revision may be inferred from report identity or synthesized merely to obtain a build.
isu-e7bbd2d210067dcd-vulnerable-source-resolution-001,isu-e7bbd2d210067dcd,vulnerable,,,frozen artifact and report row inspected; no explicit vulnerable repository and revision are supplied,,not selected because source identity is unresolved,,2026-08-14T16:56:51.139378+00:00,0,900,,UNAVAILABLE_SOURCE_VERSION,e3b0c44298fc1c149afbf4c8996fb92427ae41e4649b934ca495991b7852b855,e3b0c44298fc1c149afbf4c8996fb92427ae41e4649b934ca495991b7852b855,,,false,BLOCKED_BUILD_RECONSTRUCTION,No repository or vulnerable revision may be inferred from report identity or synthesized merely to obtain a build.
isu-e9b6781be5ff75b5-vulnerable-source-resolution-001,isu-e9b6781be5ff75b5,vulnerable,,,frozen artifact and report row inspected; no explicit vulnerable repository and revision are supplied,,not selected because source identity is unresolved,,2026-08-14T16:56:51.139378+00:00,0,900,,UNAVAILABLE_SOURCE_VERSION,e3b0c44298fc1c149afbf4c8996fb92427ae41e4649b934ca495991b7852b855,e3b0c44298fc1c149afbf4c8996fb92427ae41e4649b934ca495991b7852b855,,,false,BLOCKED_BUILD_RECONSTRUCTION,No repository or vulnerable revision may be inferred from report identity or synthesized merely to obtain a build.
isu-eb587e226bbc8d94-vulnerable-source-resolution-001,isu-eb587e226bbc8d94,vulnerable,,,frozen artifact and report row inspected; no explicit vulnerable repository and revision are supplied,,not selected because source identity is unresolved,,2026-08-14T16:56:51.139378+00:00,0,900,,UNAVAILABLE_SOURCE_VERSION,e3b0c44298fc1c149afbf4c8996fb92427ae41e4649b934ca495991b7852b855,e3b0c44298fc1c149afbf4c8996fb92427ae41e4649b934ca495991b7852b855,,,false,BLOCKED_BUILD_RECONSTRUCTION,No repository or vulnerable revision may be inferred from report identity or synthesized merely to obtain a build.
isu-eca0ea552ad071da-vulnerable-source-resolution-001,isu-eca0ea552ad071da,vulnerable,,,frozen artifact and report row inspected; no explicit vulnerable repository and revision are supplied,,not selected because source identity is unresolved,,2026-08-14T16:56:51.139378+00:00,0,900,,UNAVAILABLE_SOURCE_VERSION,e3b0c44298fc1c149afbf4c8996fb92427ae41e4649b934ca495991b7852b855,e3b0c44298fc1c149afbf4c8996fb92427ae41e4649b934ca495991b7852b855,,,false,BLOCKED_BUILD_RECONSTRUCTION,No repository or vulnerable revision may be inferred from report identity or synthesized merely to obtain a build.
isu-ecf9619f09fc2036-vulnerable-source-resolution-001,isu-ecf9619f09fc2036,vulnerable,,,frozen artifact and report row inspected; no explicit vulnerable repository and revision are supplied,,not selected because source identity is unresolved,,2026-08-14T16:56:51.139378+00:00,0,900,,UNAVAILABLE_SOURCE_VERSION,e3b0c44298fc1c149afbf4c8996fb92427ae41e4649b934ca495991b7852b855,e3b0c44298fc1c149afbf4c8996fb92427ae41e4649b934ca495991b7852b855,,,false,BLOCKED_BUILD_RECONSTRUCTION,No repository or vulnerable revision may be inferred from report identity or synthesized merely to obtain a build.
isu-ed3f20846f5d653b-vulnerable-source-resolution-001,isu-ed3f20846f5d653b,vulnerable,,,frozen artifact and report row inspected; no explicit vulnerable repository and revision are supplied,,not selected because source identity is unresolved,,2026-08-14T16:56:51.139378+00:00,0,900,,UNAVAILABLE_SOURCE_VERSION,e3b0c44298fc1c149afbf4c8996fb92427ae41e4649b934ca495991b7852b855,e3b0c44298fc1c149afbf4c8996fb92427ae41e4649b934ca495991b7852b855,,,false,BLOCKED_BUILD_RECONSTRUCTION,No repository or vulnerable revision may be inferred from report identity or synthesized merely to obtain a build.
isu-eede234fdc432adf-vulnerable-source-resolution-001,isu-eede234fdc432adf,vulnerable,,,frozen artifact and report row inspected; no explicit vulnerable repository and revision are supplied,,not selected because source identity is unresolved,,2026-08-14T16:56:51.139378+00:00,0,900,,UNAVAILABLE_SOURCE_VERSION,e3b0c44298fc1c149afbf4c8996fb92427ae41e4649b934ca495991b7852b855,e3b0c44298fc1c149afbf4c8996fb92427ae41e4649b934ca495991b7852b855,,,false,BLOCKED_BUILD_RECONSTRUCTION,No repository or vulnerable revision may be inferred from report identity or synthesized merely to obtain a build.
isu-f1ac2ad156241780-vulnerable-source-resolution-001,isu-f1ac2ad156241780,vulnerable,,,frozen artifact and report row inspected; no explicit vulnerable repository and revision are supplied,,not selected because source identity is unresolved,,2026-08-14T16:56:51.139378+00:00,0,900,,UNAVAILABLE_SOURCE_VERSION,e3b0c44298fc1c149afbf4c8996fb92427ae41e4649b934ca495991b7852b855,e3b0c44298fc1c149afbf4c8996fb92427ae41e4649b934ca495991b7852b855,,,false,BLOCKED_BUILD_RECONSTRUCTION,No repository or vulnerable revision may be inferred from report identity or synthesized merely to obtain a build.
isu-f1fe35637a0d3f8e-vulnerable-source-resolution-001,isu-f1fe35637a0d3f8e,vulnerable,,,frozen artifact and report row inspected; no explicit vulnerable repository and revision are supplied,,not selected because source identity is unresolved,,2026-08-14T16:56:51.139378+00:00,0,900,,UNAVAILABLE_SOURCE_VERSION,e3b0c44298fc1c149afbf4c8996fb92427ae41e4649b934ca495991b7852b855,e3b0c44298fc1c149afbf4c8996fb92427ae41e4649b934ca495991b7852b855,,,false,BLOCKED_BUILD_RECONSTRUCTION,No repository or vulnerable revision may be inferred from report identity or synthesized merely to obtain a build.
isu-f352a265e8532ba2-vulnerable-source-resolution-001,isu-f352a265e8532ba2,vulnerable,,,frozen artifact and report row inspected; no explicit vulnerable repository and revision are supplied,,not selected because source identity is unresolved,,2026-08-14T16:56:51.139378+00:00,0,900,,UNAVAILABLE_SOURCE_VERSION,e3b0c44298fc1c149afbf4c8996fb92427ae41e4649b934ca495991b7852b855,e3b0c44298fc1c149afbf4c8996fb92427ae41e4649b934ca495991b7852b855,,,false,BLOCKED_BUILD_RECONSTRUCTION,No repository or vulnerable revision may be inferred from report identity or synthesized merely to obtain a build.
isu-f7386becee7ae490-vulnerable-source-resolution-001,isu-f7386becee7ae490,vulnerable,,,frozen artifact and report row inspected; no explicit vulnerable repository and revision are supplied,,not selected because source identity is unresolved,,2026-08-14T16:56:51.139378+00:00,0,900,,UNAVAILABLE_SOURCE_VERSION,e3b0c44298fc1c149afbf4c8996fb92427ae41e4649b934ca495991b7852b855,e3b0c44298fc1c149afbf4c8996fb92427ae41e4649b934ca495991b7852b855,,,false,BLOCKED_BUILD_RECONSTRUCTION,No repository or vulnerable revision may be inferred from report identity or synthesized merely to obtain a build.
isu-fbf2b10a648eab46-vulnerable-source-resolution-001,isu-fbf2b10a648eab46,vulnerable,,,frozen artifact and report row inspected; no explicit vulnerable repository and revision are supplied,,not selected because source identity is unresolved,,2026-08-14T16:56:51.139378+00:00,0,900,,UNAVAILABLE_SOURCE_VERSION,e3b0c44298fc1c149afbf4c8996fb92427ae41e4649b934ca495991b7852b855,e3b0c44298fc1c149afbf4c8996fb92427ae41e4649b934ca495991b7852b855,,,false,BLOCKED_BUILD_RECONSTRUCTION,No repository or vulnerable revision may be inferred from report identity or synthesized merely to obtain a build.
isu-fd0d74c979018cd3-vulnerable-source-resolution-001,isu-fd0d74c979018cd3,vulnerable,,,frozen artifact and report row inspected; no explicit vulnerable repository and revision are supplied,,not selected because source identity is unresolved,,2026-08-14T16:56:51.139378+00:00,0,900,,UNAVAILABLE_SOURCE_VERSION,e3b0c44298fc1c149afbf4c8996fb92427ae41e4649b934ca495991b7852b855,e3b0c44298fc1c149afbf4c8996fb92427ae41e4649b934ca495991b7852b855,,,false,BLOCKED_BUILD_RECONSTRUCTION,No repository or vulnerable revision may be inferred from report identity or synthesized merely to obtain a build.
isu-fd0e69f56642d218-vulnerable-source-resolution-001,isu-fd0e69f56642d218,vulnerable,,,frozen artifact and report row inspected; no explicit vulnerable repository and revision are supplied,,not selected because source identity is unresolved,,2026-08-14T16:56:51.139378+00:00,0,900,,UNAVAILABLE_SOURCE_VERSION,e3b0c44298fc1c149afbf4c8996fb92427ae41e4649b934ca495991b7852b855,e3b0c44298fc1c149afbf4c8996fb92427ae41e4649b934ca495991b7852b855,,,false,BLOCKED_BUILD_RECONSTRUCTION,No repository or vulnerable revision may be inferred from report identity or synthesized merely to obtain a build.
