oracle_row_id,source_id,execution_subject_id,report_identity
isu-02d8a520d0da4d32,beef56a5a282f2ba6af8,beef56a5a282f2ba6af8,2023-01-popcorn#h-11
isu-04290457af95545c,27d99ecc930a40c3f443,27d99ecc930a40c3f443,2021-12-vader#h-10
isu-07e25f367baf0ecb,a07699f968c72edb3c0e,a07699f968c72edb3c0e,2023-02-malt#h-06
isu-0e01a20ef25bb2fb,2b7cbf663fc060f42a75,2b7cbf663fc060f42a75,2022-04-backd#h-02
isu-0e465664136af674,ad6fb8b6aeb8640d4b85,ad6fb8b6aeb8640d4b85,2022-01-behodler#h-04
isu-1326fc61d280d92a,289230e8a49b17b81b97,289230e8a49b17b81b97,2024-01-renft#h-07
isu-140bdc30e6ad4e0f,eb98a059ef709e7c9611,eb98a059ef709e7c9611,2023-08-dopex#h-08
isu-1489a907db2c88e6,b96ecb664aefbf38d2d7,b96ecb664aefbf38d2d7,2022-09-frax#h-01
isu-18d31ac12f1753ed,edb1f071a84b4371a099,edb1f071a84b4371a099,2023-02-malt#h-01
isu-1b5be01d594891c0,ee0fa7d435f1c79612d5,ee0fa7d435f1c79612d5,2022-12-tessera#h-06
isu-1c705b46e47ec11f,e58beaed9b98b08064e6,e58beaed9b98b08064e6,2024-03-revert-lend#h-02
isu-205a80b00fbad2f4,d70057952f8081152c99,d70057952f8081152c99,2024-01-curves#h-02
isu-211c9c334eb3c204,5fcf634788264400193d,5fcf634788264400193d,2023-05-ajna#h-02
isu-217034fbb08f5c0d,ec5efe413e6f66910418,ec5efe413e6f66910418,2022-11-stakehouse#h-10
isu-22f5ab17878ded98,473151643bd9895c6905,473151643bd9895c6905,2024-09-legion-evm-zenith#h-3
isu-22f9f26d7f3ed280,86ebab4217d32b417d8d,86ebab4217d32b417d8d,2023-05-party#h-01
isu-26042bb2179bcaca,e31b806756023cb9c5e9,e31b806756023cb9c5e9,2021-11-unlock#h-04
isu-2b297e5f738d42f7,38004f8839e04e30cd59,38004f8839e04e30cd59,2024-04-gondi#h-17
isu-2b94c599523fa1df,f50077300d555dbf4ab9,f50077300d555dbf4ab9,2024-06-playfi-proleague#h-2
isu-2bc4442d2f8c0d9e,af2962b8335feda2b275,af2962b8335feda2b275,2022-10-juicebox#h-01
isu-2c16ce676efb9c65,fa4a8073c5c25e104017,fa4a8073c5c25e104017,2022-11-stakehouse#h-16
isu-2d5b45fab3d5c487,29a26915e78db1075e4d,29a26915e78db1075e4d,2023-07-basin#h-01
isu-31ee582e2e7591af,a07699f968c72edb3c0e,a07699f968c72edb3c0e,2023-02-malt#h-03
isu-372237591d0d9a31,bff4c70e313a4fd4754a,bff4c70e313a4fd4754a,2022-12-forgeries#h-01
isu-376534817b6f3897,3b078676f7225dc450dc,3b078676f7225dc450dc,2023-03-mute#h-01
isu-3828918ea43c25ff,a73834efc6e9224c9f97,a73834efc6e9224c9f97,2023-11-zetachain#h-06
isu-3c60182de8dc2cd0,259153db5bcad1231d62,259153db5bcad1231d62,2024-07-optimism#h-03
isu-3e38d51d43d09a02,a07699f968c72edb3c0e,a07699f968c72edb3c0e,2023-02-malt#h-02
isu-3f04c08732ee612c,fed0ac8da716985d869b,fed0ac8da716985d869b,2023-06-lybra#h-02
isu-40ff331ab2d74b97,9ae84cf683640be4e904,9ae84cf683640be4e904,2022-12-gogopool#h-01
isu-4198ebcb807fbc55,ad517a7d673ed4aa19f4,ad517a7d673ed4aa19f4,2021-11-bootfinance#h-03
isu-43ea9dbca4e2aa00,f4d010dc66dec808788d,f4d010dc66dec808788d,2022-08-olympus#h-03
isu-4466760c47c2baca,ec5efe413e6f66910418,ec5efe413e6f66910418,2022-11-stakehouse#h-06
isu-4552f0e361ef04d8,7ac89b753c19d6b46c51,7ac89b753c19d6b46c51,2024-03-dittoeth#h-04
isu-457df0c341b72a40,f50077300d555dbf4ab9,f50077300d555dbf4ab9,2024-06-playfi-proleague#h-1
isu-483c1ab3704b6517,17ed21b4712c0b20cc36,17ed21b4712c0b20cc36,2023-01-astaria#h-06
isu-4d0b80c5f3074c1c,eb98a059ef709e7c9611,eb98a059ef709e7c9611,2023-08-dopex#h-05
isu-5364060b2d89c4e1,876f079fe57e7d22f859,876f079fe57e7d22f859,2022-12-tessera#h-04
isu-587a2cf2917ee620,7243363cfd2599257952,7243363cfd2599257952,2023-07-axelar#h-01
isu-599fced4ea9a8be5,9846cf86134caae7799e,9846cf86134caae7799e,2021-06-pooltogether#h-04
isu-618635470000c006,3e4e01feaa76a5bfa74c,3e4e01feaa76a5bfa74c,2023-01-timeswap#h-03
isu-61e8584be12659ba,190ff08406165ccf2990,190ff08406165ccf2990,2023-01-rabbithole#h-02
isu-621f43af68268838,2952c8154a7befc068f5,2952c8154a7befc068f5,2021-04-marginswap#h-07
isu-675c757b9950fa5e,57417c735ac666efab33,57417c735ac666efab33,2024-07-munchables#h-01
isu-6a4103498e96a7d2,fed6883739d838ef60fe,fed6883739d838ef60fe,2024-02-ai-arena#h-07
isu-6e464662eff8b167,a07699f968c72edb3c0e,a07699f968c72edb3c0e,2023-02-malt#h-05
isu-6ebf8383a0d41341,55e1bbda13af0e5d9ef5,55e1bbda13af0e5d9ef5,2024-07-benddao#h-03
isu-7068f206eea19247,9d8daa19c1e936e9ba9e,9d8daa19c1e936e9ba9e,2024-05-loop#h-01
isu-71121263613cd4c7,6b2be56bd1aa78d5bee3,6b2be56bd1aa78d5bee3,2024-03-abracadabra-money#h-01
isu-749924b9c7ff076d,afe6967172f4b9b0e34a,afe6967172f4b9b0e34a,2024-05-olas#h-01
isu-76e6aa75733cd2f9,496a067d0cf9ec7a97f3,496a067d0cf9ec7a97f3,2021-05-visorfinance#h-03
isu-788dfab3feaf2dd1,17ed21b4712c0b20cc36,17ed21b4712c0b20cc36,2023-01-astaria#h-16
isu-7892f67a73ef5fa1,d40239342ee19aba5e73,d40239342ee19aba5e73,2022-02-concur#h-01
isu-7bab5a8cb4269c50,4397bb458a04d98ebd0d,4397bb458a04d98ebd0d,2023-12-initcapital#h-01
isu-7d695607cb1d5ebf,afe6967172f4b9b0e34a,afe6967172f4b9b0e34a,2024-05-olas#h-01
isu-7fa2dc5fe1d424e1,b1eb5ae54e7312475c93,b1eb5ae54e7312475c93,2022-08-frax#h-01
isu-803f2b23e37d2038,ec5efe413e6f66910418,ec5efe413e6f66910418,2022-11-stakehouse#h-08
isu-825044c76fedfbf3,51822de69e2919a4a935,51822de69e2919a4a935,2023-07-tapioca#h-20
isu-883447fef1177d83,8d760c6fa69de52797f1,8d760c6fa69de52797f1,2021-07-wildcredit#h-02
isu-8dda8bf0c932db3f,2112b446760a0ffed350,2112b446760a0ffed350,2024-08-superposition#h-02
isu-8e28a9dae87c4960,3b40d4c2e2c5c78d66a1,3b40d4c2e2c5c78d66a1,2022-07-golom#h-07
isu-9097ab32e6443dd6,39f49ac45cca3e9c8e51,39f49ac45cca3e9c8e51,2023-01-ondo#h-01
isu-92cbfaf905a24490,8736a3dffd1ae2b28d68,8736a3dffd1ae2b28d68,2021-12-defiprotocol#h-01
isu-93e7300724394af9,1218dd25f99c8259083b,1218dd25f99c8259083b,2023-04-party#h-08
isu-94218c1aa2acd123,c7315dd0cd937eb91438,c7315dd0cd937eb91438,2023-12-particle#h-02
isu-946bf9ba48ae786b,78b6c9d702fa0e2668f0,78b6c9d702fa0e2668f0,2021-11-unlock#h-03
isu-9873179830346843,0f62f3405b0b361b18a8,0f62f3405b0b361b18a8,2021-11-streaming#h-08
isu-99d4c25ac922028c,45244eb6ad77ecbb8d10,45244eb6ad77ecbb8d10,2023-05-maia#h-28
isu-9bb2eb3155febcd7,38004f8839e04e30cd59,38004f8839e04e30cd59,2024-04-gondi#h-07
isu-a03c079be75678d0,7a5dfeb01151cf8f72e6,7a5dfeb01151cf8f72e6,2022-07-ens#h-02
isu-a27f2f1d35d4f56d,7ac89b753c19d6b46c51,7ac89b753c19d6b46c51,2024-03-dittoeth#h-07
isu-a346e0579cc411b2,28f44f959080974f24f7,28f44f959080974f24f7,2021-08-yield#h-02
isu-a36b810e7be9bc36,bd7d8afe32a8ef2e533a,bd7d8afe32a8ef2e533a,2021-09-defiprotocol#h-02
isu-a4f232f8e3995505,726f7da124ec405fcefd,726f7da124ec405fcefd,2022-10-traderjoe#h-05
isu-a5b45354645d49e9,e7689c5bacc48db39ccb,e7689c5bacc48db39ccb,2022-11-paraspace#h-01
isu-a81e34895c47243a,9beb76425d2bf5942a4d,9beb76425d2bf5942a4d,2024-07-traitforge#h-04
isu-a93c6b77cc1d4f75,66ca3e8adf0343f843ff,66ca3e8adf0343f843ff,2021-07-pooltogether#h-03
isu-afed826cfb09b1d0,85eb869c97005c328767,85eb869c97005c328767,2021-12-mellow#h-04
isu-b293708ac8e38fa3,fa3e53cdabdbb7f07346,fa3e53cdabdbb7f07346,2022-11-debtdao#h-05
isu-b544ae99b1509882,05442cbaf1d69b91d5a4,05442cbaf1d69b91d5a4,2024-08-phi#h-04
isu-b681cc0782ab7098,cc56f82e45b5a1958baa,cc56f82e45b5a1958baa,2022-09-party#h-05
isu-b7d3203547e02ba9,fe399aaaec4f5e1411c6,fe399aaaec4f5e1411c6,2022-12-tigris#h-01
isu-bed3fb17def1a543,876f079fe57e7d22f859,876f079fe57e7d22f859,2022-12-tessera#h-03
isu-c2b72eea7d3386af,94faa031b29d37add602,94faa031b29d37add602,2022-02-anchor#h-01
isu-c861ec930b030c28,d7c2d75431fd4e77ba2d,d7c2d75431fd4e77ba2d,2021-10-mochi#h-11
isu-c8e0f60aa46e48a0,58b3a29bba78928be534,58b3a29bba78928be534,2022-12-backed#h-01
isu-ca5f6661a91a0ea5,38004f8839e04e30cd59,38004f8839e04e30cd59,2024-04-gondi#h-06
isu-d40734add7641db5,b6da317163e7b77bd40c,b6da317163e7b77bd40c,2022-07-golom#h-04
isu-d82a8ede733c07e2,a71bbe43cb08fee655f2,a71bbe43cb08fee655f2,2021-12-amun#h-01
isu-da726f3c7052bc2d,46a990361d607172dbdd,46a990361d607172dbdd,2024-03-gitcoin#h-01
isu-dbd7bec2a34c98ec,d7c2d75431fd4e77ba2d,d7c2d75431fd4e77ba2d,2021-10-mochi#h-06
isu-dddbc27879224819,7cb043d026c74611d6c4,7cb043d026c74611d6c4,2024-05-bakerfi#h-04
isu-e419c46c714b5de0,bee019e8a0d6149543c5,bee019e8a0d6149543c5,2022-07-golom#h-10
isu-e6225382384fe664,17ed21b4712c0b20cc36,17ed21b4712c0b20cc36,2023-01-astaria#h-17
isu-e7bbd2d210067dcd,52a7f0b0d3f1a008a383,52a7f0b0d3f1a008a383,2023-08-verwa#h-03
isu-eb587e226bbc8d94,4ca8847e64fbb6fb2f6b,4ca8847e64fbb6fb2f6b,2024-01-salty#h-02
isu-eca0ea552ad071da,33438b4b2584abe90998,33438b4b2584abe90998,2023-12-ethereumcreditguild#h-01
isu-ecf9619f09fc2036,597ae00db4b637e8d8ab,597ae00db4b637e8d8ab,2023-09-venus#h-01
isu-ed3f20846f5d653b,c7fcb7c2bdaac83cd94d,c7fcb7c2bdaac83cd94d,2022-04-abranft#h-03
isu-eede234fdc432adf,1218dd25f99c8259083b,1218dd25f99c8259083b,2023-04-party#h-07
isu-f1ac2ad156241780,3dc3386f4227b509becb,3dc3386f4227b509becb,2021-09-sushitrident-2#h-03
isu-f1fe35637a0d3f8e,57417c735ac666efab33,57417c735ac666efab33,2024-07-munchables#h-05
isu-f352a265e8532ba2,ac67415d04325a4657e0,ac67415d04325a4657e0,2023-03-neotokyo#h-01
isu-fbf2b10a648eab46,46b79dfa038bcaea5803,46b79dfa038bcaea5803,2021-05-visorfinance#h-02
isu-fd0d74c979018cd3,2112b446760a0ffed350,2112b446760a0ffed350,2024-08-superposition#h-01
isu-fd0e69f56642d218,b4a1b55fe2d18f122a1e,b4a1b55fe2d18f122a1e,2024-04-dyad#h-01
