oracle_row_id,pre_freeze_exposure,exposure_note,reviewed_by,reviewed_at
isu-02d8a520d0da4d32,,,,
isu-04290457af95545c,,,,
isu-07e25f367baf0ecb,,,,
isu-08012d284cc5c894,,,,
isu-0e01a20ef25bb2fb,,,,
isu-0e465664136af674,,,,
isu-1326fc61d280d92a,,,,
isu-140bdc30e6ad4e0f,,,,
isu-1489a907db2c88e6,,,,
isu-18d31ac12f1753ed,,,,
isu-1b5be01d594891c0,,,,
isu-1c705b46e47ec11f,,,,
isu-205a80b00fbad2f4,,,,
isu-211c9c334eb3c204,,,,
isu-217034fbb08f5c0d,,,,
isu-22f5ab17878ded98,,,,
isu-22f9f26d7f3ed280,,,,
isu-26042bb2179bcaca,,,,
isu-2b297e5f738d42f7,,,,
isu-2b94c599523fa1df,,,,
isu-2bc4442d2f8c0d9e,,,,
isu-2c16ce676efb9c65,,,,
isu-2d5b45fab3d5c487,,,,
isu-2f54a050d80e44db,,,,
isu-31ee582e2e7591af,,,,
isu-3600db65b0363d63,,,,
isu-372237591d0d9a31,,,,
isu-376534817b6f3897,,,,
isu-3828918ea43c25ff,,,,
isu-3c60182de8dc2cd0,,,,
isu-3e38d51d43d09a02,,,,
isu-3f04c08732ee612c,,,,
isu-40ff331ab2d74b97,,,,
isu-4198ebcb807fbc55,,,,
isu-43ea9dbca4e2aa00,,,,
isu-4466760c47c2baca,,,,
isu-4552f0e361ef04d8,,,,
isu-457df0c341b72a40,,,,
isu-483c1ab3704b6517,,,,
isu-4d0b80c5f3074c1c,,,,
isu-5364060b2d89c4e1,,,,
isu-587a2cf2917ee620,,,,
isu-599fced4ea9a8be5,,,,
isu-5a378fce12442b76,,,,
isu-618635470000c006,,,,
isu-61e8584be12659ba,,,,
isu-621f43af68268838,,,,
isu-675c757b9950fa5e,,,,
isu-68088a5b0a6df553,,,,
isu-696e521de930042e,,,,
isu-6a4103498e96a7d2,,,,
isu-6e464662eff8b167,,,,
isu-6ebf8383a0d41341,,,,
isu-7068f206eea19247,,,,
isu-71121263613cd4c7,,,,
isu-749924b9c7ff076d,,,,
isu-75daa7931b85c90d,,,,
isu-76e6aa75733cd2f9,,,,
isu-788dfab3feaf2dd1,,,,
isu-7892f67a73ef5fa1,,,,
isu-7bab5a8cb4269c50,,,,
isu-7d695607cb1d5ebf,,,,
isu-7fa2dc5fe1d424e1,,,,
isu-803f2b23e37d2038,,,,
isu-825044c76fedfbf3,,,,
isu-883447fef1177d83,,,,
isu-8dda8bf0c932db3f,,,,
isu-8e28a9dae87c4960,,,,
isu-9097ab32e6443dd6,,,,
isu-92cbfaf905a24490,,,,
isu-93e7300724394af9,,,,
isu-94218c1aa2acd123,,,,
isu-946bf9ba48ae786b,,,,
isu-9873179830346843,,,,
isu-99d4c25ac922028c,,,,
isu-9bb2eb3155febcd7,,,,
isu-a03c079be75678d0,,,,
isu-a27f2f1d35d4f56d,,,,
isu-a346e0579cc411b2,,,,
isu-a36b810e7be9bc36,,,,
isu-a4f232f8e3995505,,,,
isu-a5b45354645d49e9,,,,
isu-a81e34895c47243a,,,,
isu-a93c6b77cc1d4f75,,,,
isu-afed826cfb09b1d0,,,,
isu-b293708ac8e38fa3,,,,
isu-b544ae99b1509882,,,,
isu-b681cc0782ab7098,,,,
isu-b7d3203547e02ba9,,,,
isu-bd1cee16e89b05be,,,,
isu-bed3fb17def1a543,,,,
isu-c2b72eea7d3386af,,,,
isu-c861ec930b030c28,,,,
isu-c8e0f60aa46e48a0,,,,
isu-ca5f6661a91a0ea5,,,,
isu-d40734add7641db5,,,,
isu-d82a8ede733c07e2,,,,
isu-da726f3c7052bc2d,,,,
isu-dbd7bec2a34c98ec,,,,
isu-dddbc27879224819,,,,
isu-e419c46c714b5de0,,,,
isu-e6225382384fe664,,,,
isu-e7bbd2d210067dcd,,,,
isu-e9b6781be5ff75b5,,,,
isu-eb587e226bbc8d94,,,,
isu-eca0ea552ad071da,,,,
isu-ecf9619f09fc2036,,,,
isu-ed3f20846f5d653b,,,,
isu-eede234fdc432adf,,,,
isu-f1ac2ad156241780,,,,
isu-f1fe35637a0d3f8e,,,,
isu-f352a265e8532ba2,,,,
isu-f7386becee7ae490,,,,
isu-fbf2b10a648eab46,,,,
isu-fd0d74c979018cd3,,,,
isu-fd0e69f56642d218,,,,
