oracle_row_id,report_identity,resolution_status,source_id,repository,vulnerable_revision,build_coverage
isu-02d8a520d0da4d32,2023-01-popcorn#h-11,RESOLVED_EXPLICIT_REPORT_REF,beef56a5a282f2ba6af8,https://github.com/code-423n4/2023-01-popcorn.git,9382ae9c6414df7f9b5aecd5754c59019ced60b7,COMPILED
isu-04290457af95545c,2021-12-vader#h-10,RESOLVED_EXPLICIT_REPORT_REF,27d99ecc930a40c3f443,https://github.com/code-423n4/2021-12-vader.git,842662a9837929f160c7a1f5a2e4a7c03e715e1b,COMPILED
isu-07e25f367baf0ecb,2023-02-malt#h-06,RESOLVED_EXPLICIT_REPORT_BLOB,a07699f968c72edb3c0e,https://github.com/code-423n4/2023-02-malt.git,700f9b468f9cf8c9c5cffaa1eba1b8dea40503f9,COMPILED
isu-08012d284cc5c894,2023-03-polynomial#h-07,RESOLVED_FINDINGS_REPOSITORY_PERMALINK,c5ceefd6e9d31ebeb5bd,https://github.com/code-423n4/2023-03-polynomial.git,aeecafc8aaceab1ebeb94117459946032ccdff1e,ACQUISITION_FAILURE
isu-0e01a20ef25bb2fb,2022-04-backd#h-02,RESOLVED_EXPLICIT_REPORT_BLOB,2b7cbf663fc060f42a75,https://github.com/code-423n4/2022-04-backd.git,c856714a50437cb33240a5964b63687c9876275b,COMPILED
isu-0e465664136af674,2022-01-behodler#h-04,RESOLVED_EXPLICIT_REPORT_REF,ad6fb8b6aeb8640d4b85,https://github.com/code-423n4/2022-01-behodler.git,ce1e7893bdbff8bd7b70474e902e990ac4aeafaf,COMPILED
isu-1326fc61d280d92a,2024-01-renft#h-07,RESOLVED_EXPLICIT_REPORT_BLOB,289230e8a49b17b81b97,https://github.com/re-nft/smart-contracts.git,3ddd32455a849c3c6dc3c3aad7a33a6c9b44c291,COMPILED
isu-140bdc30e6ad4e0f,2023-08-dopex#h-08,RESOLVED_EXPLICIT_REPORT_REF,eb98a059ef709e7c9611,https://github.com/code-423n4/2023-08-dopex.git,00601a3f4e3f662007b077bf1b201c9f5f00a8b6,COMPILED
isu-1489a907db2c88e6,2022-09-frax#h-01,RESOLVED_EXPLICIT_REPORT_BLOB,b96ecb664aefbf38d2d7,https://github.com/code-423n4/2022-09-frax.git,dc6684f77b4e9bd965e8862be7f5fb71473a4c4c,COMPILED
isu-18d31ac12f1753ed,2023-02-malt#h-01,RESOLVED_EXPLICIT_REPORT_REF,edb1f071a84b4371a099,https://github.com/code-423n4/2023-02-malt.git,63d0e77070886d1c8b4ca6241a747656a0441175,COMPILED
isu-1b5be01d594891c0,2022-12-tessera#h-06,RESOLVED_EXPLICIT_REPORT_BLOB,ee0fa7d435f1c79612d5,https://github.com/code-423n4/2022-12-tessera.git,f37a11407da2af844bbfe868e1422e3665a5f8e4,COMPILED
isu-1c705b46e47ec11f,2024-03-revert-lend#h-02,RESOLVED_EXPLICIT_REPORT_REF,e58beaed9b98b08064e6,https://github.com/code-423n4/2024-03-revert-lend.git,62ad70e634082930aed861e153d2c1e0cc94e44e,COMPILED
isu-205a80b00fbad2f4,2024-01-curves#h-02,RESOLVED_EXPLICIT_REPORT_BLOB,d70057952f8081152c99,https://github.com/code-423n4/2024-01-curves.git,516aedb7b9a8d341d0d2666c23780d2bd8a9a600,COMPILED
isu-211c9c334eb3c204,2023-05-ajna#h-02,RESOLVED_EXPLICIT_REPORT_BLOB,5fcf634788264400193d,https://github.com/code-423n4/2023-05-ajna.git,276942bc2f97488d07b887c8edceaaab7a5c3964,COMPILED
isu-217034fbb08f5c0d,2022-11-stakehouse#h-10,RESOLVED_EXPLICIT_REPORT_REF,ec5efe413e6f66910418,https://github.com/code-423n4/2022-11-stakehouse.git,08a34ed4505173e7cad2d3b2bde92863b61716c8,COMPILED
isu-22f5ab17878ded98,2024-09-legion-evm-zenith#h-3,RESOLVED_EXPLICIT_ZENITH_PDF,473151643bd9895c6905,https://github.com/Legion-Team/evm-contracts.git,c020bd1b84faab99d1b8738b48d1e253e4557671,COMPILED
isu-22f9f26d7f3ed280,2023-05-party#h-01,RESOLVED_EXPLICIT_REPORT_BLOB,86ebab4217d32b417d8d,https://github.com/code-423n4/2023-05-party.git,f6f80dde81d86e397ba4f3dedb561e23d58ec884,COMPILED
isu-26042bb2179bcaca,2021-11-unlock#h-04,RESOLVED_CANONICAL_CONTEST_SNAPSHOT,e31b806756023cb9c5e9,https://github.com/code-423n4/2021-11-unlock.git,84086b6486d9691e3f5e1ac696c794eea610c814,COMPILED
isu-2b297e5f738d42f7,2024-04-gondi#h-17,RESOLVED_EXPLICIT_REPORT_BLOB,38004f8839e04e30cd59,https://github.com/code-423n4/2024-04-gondi.git,b9863d73c08fcdd2337dc80a8b5e0917e18b036c,COMPILED
isu-2b94c599523fa1df,2024-06-playfi-proleague#h-2,RESOLVED_EXPLICIT_ZENITH_PDF,f50077300d555dbf4ab9,https://github.com/PlayFi-Labs/node-license-sale-contracts.git,219c9ac0c963074cdd032f1188d0b5b7f6e3ccbb,COMPILED
isu-2bc4442d2f8c0d9e,2022-10-juicebox#h-01,RESOLVED_EXPLICIT_REPORT_BLOB,af2962b8335feda2b275,https://github.com/jbx-protocol/juice-nft-rewards.git,f9893b1497098241dd3a664956d8016ff0d0efd0,COMPILED
isu-2c16ce676efb9c65,2022-11-stakehouse#h-16,RESOLVED_EXPLICIT_REPORT_BLOB,fa4a8073c5c25e104017,https://github.com/code-423n4/2022-11-stakehouse.git,4b6828e9c807f2f7c569e6d721ca1289f7cf7112,COMPILED
isu-2d5b45fab3d5c487,2023-07-basin#h-01,RESOLVED_EXPLICIT_REPORT_BLOB,29a26915e78db1075e4d,https://github.com/code-423n4/2023-07-basin.git,9403cf973e95ef7219622dbbe2a08396af90b64c,COMPILED
isu-2f54a050d80e44db,2024-jul-gemnify-proleague#h-2,RESOLVED_EXPLICIT_ZENITH_PDF,87a4d4cf68659331eeb1,https://github.com/GMX-For-NFT/gemnify-contract.git,4810eb86d3391ba9e2eab26a725e9c7f63a3fa9e,ACQUISITION_FAILURE
isu-31ee582e2e7591af,2023-02-malt#h-03,RESOLVED_EXPLICIT_REPORT_BLOB,a07699f968c72edb3c0e,https://github.com/code-423n4/2023-02-malt.git,700f9b468f9cf8c9c5cffaa1eba1b8dea40503f9,COMPILED
isu-3600db65b0363d63,2024-jul-gemnify-proleague#h-5,RESOLVED_EXPLICIT_ZENITH_PDF,87a4d4cf68659331eeb1,https://github.com/GMX-For-NFT/gemnify-contract.git,4810eb86d3391ba9e2eab26a725e9c7f63a3fa9e,ACQUISITION_FAILURE
isu-372237591d0d9a31,2022-12-forgeries#h-01,RESOLVED_EXPLICIT_REPORT_REF,bff4c70e313a4fd4754a,https://github.com/code-423n4/2022-12-forgeries.git,42e2996aaec205a93685bfb32d47eca79941e2bf,COMPILED
isu-376534817b6f3897,2023-03-mute#h-01,RESOLVED_EXPLICIT_REPORT_BLOB,3b078676f7225dc450dc,https://github.com/code-423n4/2023-03-mute.git,4d8b13add2907b17ac14627cfa04e0c3cc9a2bed,COMPILED
isu-3828918ea43c25ff,2023-11-zetachain#h-06,RESOLVED_EXPLICIT_REPORT_BLOB,a73834efc6e9224c9f97,https://github.com/code-423n4/2023-11-zetachain.git,b237708ed5e86f12c4bddabddfd42f001e81941a,COMPILED
isu-3c60182de8dc2cd0,2024-07-optimism#h-03,RESOLVED_EXPLICIT_REPORT_BLOB,259153db5bcad1231d62,https://github.com/code-423n4/2024-07-optimism.git,70556044e5e080930f686c4e5acde420104bb2c4,COMPILED
isu-3e38d51d43d09a02,2023-02-malt#h-02,RESOLVED_EXPLICIT_REPORT_BLOB,a07699f968c72edb3c0e,https://github.com/code-423n4/2023-02-malt.git,700f9b468f9cf8c9c5cffaa1eba1b8dea40503f9,COMPILED
isu-3f04c08732ee612c,2023-06-lybra#h-02,RESOLVED_EXPLICIT_REPORT_REF,fed0ac8da716985d869b,https://github.com/code-423n4/2023-06-lybra.git,4f7ee7b143d75faebfc9cceb21a0ac794d84978a,COMPILED
isu-40ff331ab2d74b97,2022-12-gogopool#h-01,RESOLVED_EXPLICIT_REPORT_BLOB,9ae84cf683640be4e904,https://github.com/code-423n4/2022-12-gogopool.git,aec9928d8bdce8a5a4efe45f54c39d4fc7313731,COMPILED
isu-4198ebcb807fbc55,2021-11-bootfinance#h-03,RESOLVED_EXPLICIT_REPORT_BLOB,ad517a7d673ed4aa19f4,https://github.com/code-423n4/2021-11-bootfinance.git,f102ee73eb320532c5a7c1e833f225c479577e39,COMPILED
isu-43ea9dbca4e2aa00,2022-08-olympus#h-03,RESOLVED_EXPLICIT_REPORT_BLOB,f4d010dc66dec808788d,https://github.com/code-423n4/2022-08-olympus.git,b5e139d732eb4c07102f149fb9426d356af617aa,COMPILED
isu-4466760c47c2baca,2022-11-stakehouse#h-06,RESOLVED_EXPLICIT_REPORT_REF,ec5efe413e6f66910418,https://github.com/code-423n4/2022-11-stakehouse.git,08a34ed4505173e7cad2d3b2bde92863b61716c8,COMPILED
isu-4552f0e361ef04d8,2024-03-dittoeth#h-04,RESOLVED_EXPLICIT_REPORT_BLOB,7ac89b753c19d6b46c51,https://github.com/code-423n4/2024-03-dittoeth.git,91faf46078bb6fe8ce9f55bcb717e5d2d302d22e,COMPILED
isu-457df0c341b72a40,2024-06-playfi-proleague#h-1,RESOLVED_EXPLICIT_ZENITH_PDF,f50077300d555dbf4ab9,https://github.com/PlayFi-Labs/node-license-sale-contracts.git,219c9ac0c963074cdd032f1188d0b5b7f6e3ccbb,COMPILED
isu-483c1ab3704b6517,2023-01-astaria#h-06,RESOLVED_EXPLICIT_REPORT_BLOB,17ed21b4712c0b20cc36,https://github.com/code-423n4/2023-01-astaria.git,1bfc58b42109b839528ab1c21dc9803d663df898,COMPILED
isu-4d0b80c5f3074c1c,2023-08-dopex#h-05,RESOLVED_EXPLICIT_REPORT_REF,eb98a059ef709e7c9611,https://github.com/code-423n4/2023-08-dopex.git,00601a3f4e3f662007b077bf1b201c9f5f00a8b6,COMPILED
isu-5364060b2d89c4e1,2022-12-tessera#h-04,RESOLVED_EXPLICIT_REPORT_BLOB,876f079fe57e7d22f859,https://github.com/code-423n4/2022-12-tessera.git,1e408ebc1c4fdcc72678ea7f21a94d38855ccc0b,COMPILED
isu-587a2cf2917ee620,2023-07-axelar#h-01,RESOLVED_EXPLICIT_REPORT_REF,7243363cfd2599257952,https://github.com/code-423n4/2023-07-axelar.git,1b2d810f90dfe6a964b92e30d3196b64ba569f6a,COMPILED
isu-599fced4ea9a8be5,2021-06-pooltogether#h-04,RESOLVED_EXPLICIT_CONTEST_SCOPE,9846cf86134caae7799e,https://github.com/pooltogether/pooltogether-pool-contracts.git,cbec82befa502500c63b59a9d0dabd678d3dd508,COMPILED
isu-5a378fce12442b76,2024-06-strateg-proleague#h-1,RESOLVED_EXPLICIT_ZENITH_PDF,1b233c341aae1c1a120e,https://github.com/strateg-protocol/strateg-protocol-core.git,325a2cca5bca189e194f48cfe561b0ed16fad527,ACQUISITION_FAILURE
isu-618635470000c006,2023-01-timeswap#h-03,RESOLVED_EXPLICIT_REPORT_BLOB,3e4e01feaa76a5bfa74c,https://github.com/code-423n4/2023-01-timeswap.git,ef4c84fb8535aad8abd6b67cc45d994337ec4514,COMPILED
isu-61e8584be12659ba,2023-01-rabbithole#h-02,RESOLVED_EXPLICIT_REPORT_BLOB,190ff08406165ccf2990,https://github.com/rabbitholegg/quest-protocol.git,8c4c1f71221570b14a0479c216583342bd652d8d,COMPILED
isu-621f43af68268838,2021-04-marginswap#h-07,RESOLVED_CANONICAL_CONTEST_SNAPSHOT,2952c8154a7befc068f5,https://github.com/code-423n4/2021-04-marginswap.git,412d4ff61c9dfedb2f7d2fe957d911f7dc4ccfcb,COMPILED
isu-675c757b9950fa5e,2024-07-munchables#h-01,RESOLVED_EXPLICIT_REPORT_BLOB,57417c735ac666efab33,https://github.com/code-423n4/2024-07-munchables.git,94cf468aaabf526b7a8319f7eba34014ccebe7b9,COMPILED
isu-68088a5b0a6df553,2023-05-particle#h-06,RESOLVED_EXPLICIT_REPORT_BLOB,7b4b6c523cbdf69dc980,https://github.com/code-423n4/2023-05-particle.git,1caf678bc20c24c96fc8f6b0046383ff0e9d2a6f,ACQUISITION_FAILURE
isu-696e521de930042e,2024-06-strateg-proleague#h-4,RESOLVED_EXPLICIT_ZENITH_PDF,0768d1b9d8fc9c9d850f,https://github.com/strateg-protocol/strateg-protocol-core.git,3705996c0791bf6ad58003fb19070ccafcf78c6b,ACQUISITION_FAILURE
isu-6a4103498e96a7d2,2024-02-ai-arena#h-07,RESOLVED_EXPLICIT_REPORT_REF,fed6883739d838ef60fe,https://github.com/code-423n4/2024-02-ai-arena.git,b05b54a9eb5b0964bde9825f75305caa2d943155,COMPILED
isu-6e464662eff8b167,2023-02-malt#h-05,RESOLVED_EXPLICIT_REPORT_BLOB,a07699f968c72edb3c0e,https://github.com/code-423n4/2023-02-malt.git,700f9b468f9cf8c9c5cffaa1eba1b8dea40503f9,COMPILED
isu-6ebf8383a0d41341,2024-07-benddao#h-03,RESOLVED_EXPLICIT_REPORT_BLOB,55e1bbda13af0e5d9ef5,https://github.com/code-423n4/2024-07-benddao.git,117ef61967d4b318fc65170061c9577e674fffa1,COMPILED
isu-7068f206eea19247,2024-05-loop#h-01,RESOLVED_EXPLICIT_REPORT_REF,9d8daa19c1e936e9ba9e,https://github.com/code-423n4/2024-05-loop.git,20d9013a93a1ba98154198d6cf3c63f73ab95658,COMPILED
isu-71121263613cd4c7,2024-03-abracadabra-money#h-01,RESOLVED_EXPLICIT_REPORT_BLOB,6b2be56bd1aa78d5bee3,https://github.com/code-423n4/2024-03-abracadabra-money.git,1f4693fdbf33e9ad28132643e2d6f7635834c6c6,COMPILED
isu-749924b9c7ff076d,2024-05-olas#h-01,RESOLVED_EXPLICIT_REPORT_REF,afe6967172f4b9b0e34a,https://github.com/code-423n4/2024-05-olas.git,c217c378f48438fb505fb04db4107c839b928e7e,COMPILED
isu-75daa7931b85c90d,2023-03-polynomial#h-01,RESOLVED_FINDINGS_REPOSITORY_PERMALINK,c5ceefd6e9d31ebeb5bd,https://github.com/code-423n4/2023-03-polynomial.git,aeecafc8aaceab1ebeb94117459946032ccdff1e,ACQUISITION_FAILURE
isu-76e6aa75733cd2f9,2021-05-visorfinance#h-03,RESOLVED_CANONICAL_CONTEST_SNAPSHOT,496a067d0cf9ec7a97f3,https://github.com/code-423n4/2021-05-visorfinance.git,dda9be0bcbf4b2c549608405ccdf9469bc2cbaf1,COMPILED
isu-788dfab3feaf2dd1,2023-01-astaria#h-16,RESOLVED_EXPLICIT_REPORT_BLOB,17ed21b4712c0b20cc36,https://github.com/code-423n4/2023-01-astaria.git,1bfc58b42109b839528ab1c21dc9803d663df898,COMPILED
isu-7892f67a73ef5fa1,2022-02-concur#h-01,RESOLVED_EXPLICIT_REPORT_REF,d40239342ee19aba5e73,https://github.com/code-423n4/2022-02-concur.git,f906d9429739b4c9d00a439964cca81c0d92352f,COMPILED
isu-7bab5a8cb4269c50,2023-12-initcapital#h-01,RESOLVED_EXPLICIT_REPORT_BLOB,4397bb458a04d98ebd0d,https://github.com/code-423n4/2023-12-initcapital.git,a53e401529451b208095b3af11862984d0b32177,COMPILED
isu-7d695607cb1d5ebf,2024-05-olas#h-01,RESOLVED_EXPLICIT_REPORT_REF,afe6967172f4b9b0e34a,https://github.com/code-423n4/2024-05-olas.git,c217c378f48438fb505fb04db4107c839b928e7e,COMPILED
isu-7fa2dc5fe1d424e1,2022-08-frax#h-01,RESOLVED_EXPLICIT_REPORT_BLOB,b1eb5ae54e7312475c93,https://github.com/code-423n4/2022-08-frax.git,c4189a3a98b38c8c962c5ea72f1a322fbc2ae45f,COMPILED
isu-803f2b23e37d2038,2022-11-stakehouse#h-08,RESOLVED_EXPLICIT_REPORT_REF,ec5efe413e6f66910418,https://github.com/code-423n4/2022-11-stakehouse.git,08a34ed4505173e7cad2d3b2bde92863b61716c8,COMPILED
isu-825044c76fedfbf3,2023-07-tapioca#h-20,RESOLVED_EXPLICIT_REPORT_BLOB,51822de69e2919a4a935,https://github.com/Tapioca-DAO/tapioca-bar-audit.git,2286f80f928f41c8bc189d0657d74ba83286c668,COMPILED
isu-883447fef1177d83,2021-07-wildcredit#h-02,RESOLVED_CANONICAL_CONTEST_SNAPSHOT,8d760c6fa69de52797f1,https://github.com/code-423n4/2021-07-wildcredit.git,82c48d73fd27a9d4d5d4a395b3affcef4ef6c5c8,COMPILED
isu-8dda8bf0c932db3f,2024-08-superposition#h-02,RESOLVED_EXPLICIT_REPORT_REF,2112b446760a0ffed350,https://github.com/code-423n4/2024-08-superposition.git,d913ae0225584b4b42e38518788a7e38cd2f4d53,COMPILED
isu-8e28a9dae87c4960,2022-07-golom#h-07,RESOLVED_EXPLICIT_REPORT_BLOB,3b40d4c2e2c5c78d66a1,https://github.com/golom-protocol/contracts.git,4e84d5c2115d163ca54a1729da46164e8cf4df6d,COMPILED
isu-9097ab32e6443dd6,2023-01-ondo#h-01,RESOLVED_EXPLICIT_REPORT_REF,39f49ac45cca3e9c8e51,https://github.com/code-423n4/2023-01-ondo.git,b4e1afc2816e35df66e1f53aef57637350b7ff5e,COMPILED
isu-92cbfaf905a24490,2021-12-defiprotocol#h-01,RESOLVED_EXPLICIT_REPORT_REF,8736a3dffd1ae2b28d68,https://github.com/code-423n4/2021-12-defiprotocol.git,860fc371994de53749332af4b9d00387cbd18d4b,COMPILED
isu-93e7300724394af9,2023-04-party#h-08,RESOLVED_EXPLICIT_REPORT_BLOB,1218dd25f99c8259083b,https://github.com/code-423n4/2023-04-party.git,440aafacb0f15d037594cebc85fd471729bcb6d9,COMPILED
isu-94218c1aa2acd123,2023-12-particle#h-02,RESOLVED_EXPLICIT_REPORT_BLOB,c7315dd0cd937eb91438,https://github.com/code-423n4/2023-12-particle.git,a3af40839b24aa13f5764d4f84933dbfa8bc8134,COMPILED
isu-946bf9ba48ae786b,2021-11-unlock#h-03,RESOLVED_EXPLICIT_REPORT_BLOB,78b6c9d702fa0e2668f0,https://github.com/code-423n4/2021-11-unlock.git,ec41eada1dd116bcccc5603ce342257584bec783,COMPILED
isu-9873179830346843,2021-11-streaming#h-08,RESOLVED_EXPLICIT_REPORT_BLOB,0f62f3405b0b361b18a8,https://github.com/code-423n4/2021-11-streaming.git,56d81204a00fc949d29ddd277169690318b36821,COMPILED
isu-99d4c25ac922028c,2023-05-maia#h-28,RESOLVED_EXPLICIT_REPORT_REF,45244eb6ad77ecbb8d10,https://github.com/code-423n4/2023-05-maia.git,53b6231f0da68f91cf673ecb34867782e2f633e7,COMPILED
isu-9bb2eb3155febcd7,2024-04-gondi#h-07,RESOLVED_EXPLICIT_REPORT_BLOB,38004f8839e04e30cd59,https://github.com/code-423n4/2024-04-gondi.git,b9863d73c08fcdd2337dc80a8b5e0917e18b036c,COMPILED
isu-a03c079be75678d0,2022-07-ens#h-02,RESOLVED_EXPLICIT_REPORT_BLOB,7a5dfeb01151cf8f72e6,https://github.com/code-423n4/2022-07-ens.git,ff6e59b9415d0ead7daf31c2ed06e86d9061ae22,COMPILED
isu-a27f2f1d35d4f56d,2024-03-dittoeth#h-07,RESOLVED_EXPLICIT_REPORT_BLOB,7ac89b753c19d6b46c51,https://github.com/code-423n4/2024-03-dittoeth.git,91faf46078bb6fe8ce9f55bcb717e5d2d302d22e,COMPILED
isu-a346e0579cc411b2,2021-08-yield#h-02,RESOLVED_EXPLICIT_REPORT_BLOB,28f44f959080974f24f7,https://github.com/k06a/Unipool.git,bb1843b454bbb10b3b1ccf48edf5e72a80b2acfe,COMPILED
isu-a36b810e7be9bc36,2021-09-defiprotocol#h-02,RESOLVED_EXPLICIT_REPORT_REF,bd7d8afe32a8ef2e533a,https://github.com/code-423n4/2021-09-defiProtocol.git,31e30e6da03c615d833611022603b6c7e393a514,COMPILED
isu-a4f232f8e3995505,2022-10-traderjoe#h-05,RESOLVED_EXPLICIT_REPORT_BLOB,726f7da124ec405fcefd,https://github.com/code-423n4/2022-10-traderjoe.git,79f25d48b907f9d0379dd803fc2abc9c5f57db93,COMPILED
isu-a5b45354645d49e9,2022-11-paraspace#h-01,RESOLVED_EXPLICIT_REPORT_REF,e7689c5bacc48db39ccb,https://github.com/code-423n4/2022-11-paraspace.git,34cb87ea4a5e698f49ae5f5a07228db99514b7c7,COMPILED
isu-a81e34895c47243a,2024-07-traitforge#h-04,RESOLVED_EXPLICIT_REPORT_BLOB,9beb76425d2bf5942a4d,https://github.com/code-423n4/2024-07-traitforge.git,279b2887e3d38bc219a05d332cbcb0655b2dc644,COMPILED
isu-a93c6b77cc1d4f75,2021-07-pooltogether#h-03,RESOLVED_EXPLICIT_REPORT_REF,66ca3e8adf0343f843ff,https://github.com/pooltogether/swappable-yield-source.git,bf943b3818b81d5f5cb9d8ecc6f13ffecd33a1ff,COMPILED
isu-afed826cfb09b1d0,2021-12-mellow#h-04,RESOLVED_CANONICAL_CONTEST_SNAPSHOT,85eb869c97005c328767,https://github.com/code-423n4/2021-12-mellow.git,53d73a8bcb9e9853b59973bb47c009431909a812,COMPILED
isu-b293708ac8e38fa3,2022-11-debtdao#h-05,RESOLVED_EXPLICIT_REPORT_BLOB,fa3e53cdabdbb7f07346,https://github.com/debtdao/Line-of-Credit.git,e8aa08b44f6132a5ed901f8daa231700c5afeb3a,COMPILED
isu-b544ae99b1509882,2024-08-phi#h-04,RESOLVED_EXPLICIT_REPORT_BLOB,05442cbaf1d69b91d5a4,https://github.com/code-423n4/2024-08-phi.git,8c0985f7a10b231f916a51af5d506dd6b0c54120,COMPILED
isu-b681cc0782ab7098,2022-09-party#h-05,RESOLVED_EXPLICIT_REPORT_BLOB,cc56f82e45b5a1958baa,https://github.com/PartyDAO/party-contracts-c4.git,3896577b8f0fa16cba129dc2867aba786b730c1b,COMPILED
isu-b7d3203547e02ba9,2022-12-tigris#h-01,RESOLVED_EXPLICIT_REPORT_BLOB,fe399aaaec4f5e1411c6,https://github.com/code-423n4/2022-12-tigris.git,496e1974ee3838be8759e7b4096dbee1b8795593,COMPILED
isu-bd1cee16e89b05be,2023-03-polynomial#h-05,RESOLVED_FINDINGS_REPOSITORY_PERMALINK,c5ceefd6e9d31ebeb5bd,https://github.com/code-423n4/2023-03-polynomial.git,aeecafc8aaceab1ebeb94117459946032ccdff1e,ACQUISITION_FAILURE
isu-bed3fb17def1a543,2022-12-tessera#h-03,RESOLVED_EXPLICIT_REPORT_BLOB,876f079fe57e7d22f859,https://github.com/code-423n4/2022-12-tessera.git,1e408ebc1c4fdcc72678ea7f21a94d38855ccc0b,COMPILED
isu-c2b72eea7d3386af,2022-02-anchor#h-01,RESOLVED_EXPLICIT_REPORT_REF,94faa031b29d37add602,https://github.com/code-423n4/2022-02-anchor.git,5da31121b8b9bbd4420aa75e25859207e67538c3,COMPILED
isu-c861ec930b030c28,2021-10-mochi#h-11,RESOLVED_EXPLICIT_REPORT_REF,d7c2d75431fd4e77ba2d,https://github.com/code-423n4/2021-10-mochi.git,b74cfe1815ba768954415eff6f1096c95564ad8b,COMPILED
isu-c8e0f60aa46e48a0,2022-12-backed#h-01,RESOLVED_EXPLICIT_REPORT_BLOB,58b3a29bba78928be534,https://github.com/with-backed/papr.git,9528f2711ff0c1522076b9f93fba13f88d5bd5e6,COMPILED
isu-ca5f6661a91a0ea5,2024-04-gondi#h-06,RESOLVED_EXPLICIT_REPORT_BLOB,38004f8839e04e30cd59,https://github.com/code-423n4/2024-04-gondi.git,b9863d73c08fcdd2337dc80a8b5e0917e18b036c,COMPILED
isu-d40734add7641db5,2022-07-golom#h-04,RESOLVED_EXPLICIT_REPORT_BLOB,b6da317163e7b77bd40c,https://github.com/code-423n4/2022-07-golom.git,8f198624b97addbbe9602a451c908ea51bd3357c,COMPILED
isu-d82a8ede733c07e2,2021-12-amun#h-01,RESOLVED_EXPLICIT_REPORT_BLOB,a71bbe43cb08fee655f2,https://github.com/code-423n4/2021-12-amun.git,cf890dedf2e43ec787e8e5df65726316fda134a1,COMPILED
isu-da726f3c7052bc2d,2024-03-gitcoin#h-01,RESOLVED_EXPLICIT_REPORT_BLOB,46a990361d607172dbdd,https://github.com/code-423n4/2024-03-gitcoin.git,6529b351cd72a858541f60c52f0e5ad0fb6f1b16,COMPILED
isu-dbd7bec2a34c98ec,2021-10-mochi#h-06,RESOLVED_EXPLICIT_REPORT_REF,d7c2d75431fd4e77ba2d,https://github.com/code-423n4/2021-10-mochi.git,b74cfe1815ba768954415eff6f1096c95564ad8b,COMPILED
isu-dddbc27879224819,2024-05-bakerfi#h-04,RESOLVED_EXPLICIT_REPORT_BLOB,7cb043d026c74611d6c4,https://github.com/code-423n4/2024-05-bakerfi.git,59b1f70cbf170871f9604e73e7fe70b70981ab43,COMPILED
isu-e419c46c714b5de0,2022-07-golom#h-10,RESOLVED_EXPLICIT_REPORT_REF,bee019e8a0d6149543c5,https://github.com/code-423n4/2022-07-golom.git,7753ce19bc05cb84162c3c9f50dc3c89f479e5be,COMPILED
isu-e6225382384fe664,2023-01-astaria#h-17,RESOLVED_EXPLICIT_REPORT_BLOB,17ed21b4712c0b20cc36,https://github.com/code-423n4/2023-01-astaria.git,1bfc58b42109b839528ab1c21dc9803d663df898,COMPILED
isu-e7bbd2d210067dcd,2023-08-verwa#h-03,RESOLVED_EXPLICIT_REPORT_REF,52a7f0b0d3f1a008a383,https://github.com/code-423n4/2023-08-verwa.git,59add54eab86f23b321e1d31eb2c7fb907eeb052,COMPILED
isu-e9b6781be5ff75b5,2023-05-particle#h-02,RESOLVED_SAME_REPORT_OVERLAPPING_PERMALINK,b4d84a145ba45e9843d1,https://github.com/code-423n4/2023-05-particle.git,bbd1c01407a017046c86fdb483bbabfb1fb085d8,ACQUISITION_FAILURE
isu-eb587e226bbc8d94,2024-01-salty#h-02,RESOLVED_EXPLICIT_REPORT_BLOB,4ca8847e64fbb6fb2f6b,https://github.com/code-423n4/2024-01-salty.git,53516c2cdfdfacb662cdea6417c52f23c94d5b5b,COMPILED
isu-eca0ea552ad071da,2023-12-ethereumcreditguild#h-01,RESOLVED_EXPLICIT_REPORT_BLOB,33438b4b2584abe90998,https://github.com/code-423n4/2023-12-ethereumcreditguild.git,2376d9af792584e3d15ec9c32578daa33bb56b43,COMPILED
isu-ecf9619f09fc2036,2023-09-venus#h-01,RESOLVED_EXPLICIT_REPORT_BLOB,597ae00db4b637e8d8ab,https://github.com/code-423n4/2023-09-venus.git,b11d9ef9db8237678567e66759003138f2368d23,COMPILED
isu-ed3f20846f5d653b,2022-04-abranft#h-03,RESOLVED_EXPLICIT_REPORT_BLOB,c7fcb7c2bdaac83cd94d,https://github.com/code-423n4/2022-04-abranft.git,5cd4edc3298c05748e952f8a8c93e42f930a78c2,COMPILED
isu-eede234fdc432adf,2023-04-party#h-07,RESOLVED_EXPLICIT_REPORT_BLOB,1218dd25f99c8259083b,https://github.com/code-423n4/2023-04-party.git,440aafacb0f15d037594cebc85fd471729bcb6d9,COMPILED
isu-f1ac2ad156241780,2021-09-sushitrident-2#h-03,RESOLVED_EXPLICIT_CONTEST_SCOPE,3dc3386f4227b509becb,https://github.com/sushiswap/trident.git,c405f3402a1ed336244053f8186742d2da5975e9,COMPILED
isu-f1fe35637a0d3f8e,2024-07-munchables#h-05,RESOLVED_EXPLICIT_REPORT_BLOB,57417c735ac666efab33,https://github.com/code-423n4/2024-07-munchables.git,94cf468aaabf526b7a8319f7eba34014ccebe7b9,COMPILED
isu-f352a265e8532ba2,2023-03-neotokyo#h-01,RESOLVED_EXPLICIT_REF_LOOKUP,ac67415d04325a4657e0,https://github.com/code-423n4/2023-03-neotokyo.git,8349427f4346ade378dcacd4c131b9cfa7eadaf7,COMPILED
isu-f7386becee7ae490,2023-03-polynomial#h-04,RESOLVED_FINDINGS_REPOSITORY_PERMALINK,c5ceefd6e9d31ebeb5bd,https://github.com/code-423n4/2023-03-polynomial.git,aeecafc8aaceab1ebeb94117459946032ccdff1e,ACQUISITION_FAILURE
isu-fbf2b10a648eab46,2021-05-visorfinance#h-02,RESOLVED_EXPLICIT_REPORT_BLOB,46b79dfa038bcaea5803,https://github.com/code-423n4/2021-05-visorfinance.git,e0f15162a017130aa66910d46c70ee074b64dd40,COMPILED
isu-fd0d74c979018cd3,2024-08-superposition#h-01,RESOLVED_EXPLICIT_REPORT_REF,2112b446760a0ffed350,https://github.com/code-423n4/2024-08-superposition.git,d913ae0225584b4b42e38518788a7e38cd2f4d53,COMPILED
isu-fd0e69f56642d218,2024-04-dyad#h-01,RESOLVED_EXPLICIT_REPORT_BLOB,b4a1b55fe2d18f122a1e,https://github.com/code-423n4/2024-04-dyad.git,cd48c684a58158de444b24854ffd8f07d046c31b,COMPILED
