oracle_row_id,root_cause_category,category_serial_number,reporting_time,report_identity,report_url,artifact_path,artifact_row_sha256,root_cause_evidence,exploitation_evidence,fix_strategy_evidence,source_repository,vulnerable_revision,exact_fixed_revision,affected_contract,affected_function,source_reference
isu-02d8a520d0da4d32,Incorrect Logic Update,14,2023-09-07,2023-01-popcorn#h-11,https://code4rena.com/reports/2023-01-popcorn#h-11-protocol-loses-fees-because-highwatermark-is-updated-every-time-someone-deposit-withdraw-mint,Inconsistent-State-Update-Vulnerabilities/Classification-by-Root-Causes/Incorrect Logic Update/README.md,f4e7a0db6b4c312d19493642af0dd6a17d124d82477071d1c3e55e8fc3a33ffb,"The highWaterMark is updated whenever a user deposits, withdraws, or mints.",The inability to properly track the progress of earnings makes it impossible for the agreement to correctly charge for earnings when they are available.,Adjust the highWaterMark update timing to occur only during initial deposits and after successful fee collections.,,,,,,
isu-04290457af95545c,Dynamic Dependent Update Omission,9,2022-05-03,2021-12-vader#h-10,https://code4rena.com/reports/2021-12-vader#h-10-previousprices-is-never-updated-upon-syncing-token-price,Inconsistent-State-Update-Vulnerabilities/Classification-by-Root-Causes/Dynamic Dependent Update Omission/README.md,8ac69d791704733b31c227ada3582b5a18acbb9152d669c1e26c15d241b7bde1,The syncVaderPrice function does not update previousPrices after synchronizing prices.,The attacker uses the lagged previousPrices to calculate the liquidity assessment and manipulate the liquidity share.,Update the previousPrices array after price synchronization.,,,,,,
isu-07e25f367baf0ecb,Incorrect Logic Update,25,2023-05-01,2023-02-malt#h-06,https://code4rena.com/reports/2023-02-malt#h-06-stabilizernodestabilize-uses-stale-globalimpliedcollateralservice-data-which-will-make-stabilize-incorrect,Inconsistent-State-Update-Vulnerabilities/Classification-by-Root-Causes/Incorrect Logic Update/README.md,83c0fe7c8907b1b675edcf6bf25470d0ed65c6d64b412b08cf1fb33023964e30,Call syncGlobalCollateral() at the end of stabilize().,Using an outdated collateralRatio for stabilization calculations can make stabilization operations inaccurate and may cause tokens to depeg.,Call impliedCollateralService() before stabilize() executes.,,,,,,
isu-08012d284cc5c894,Dynamic Dependent Update Omission,23,2023-08-01,2023-03-polynomial#h-07,https://code4rena.com/reports/2023-03-polynomial#h-07-missing-totalfunds-update-in-liquiditypools-openshort-causing-liquiditypool-token-holder-to-lose-a-portion-of-their-token-value,Inconsistent-State-Update-Vulnerabilities/Classification-by-Root-Causes/Dynamic Dependent Update Omission/README.md,f79a83dfaa687adfdb9f43ba256b8d49c6040b0d6b49b92682dfc7e7205c9f45,The deducted transaction fees (feesCollected - externalFee) are not added to totalFunds after calculating net transaction fees.,"The totalFunds calculation error affects the available funds in the liquidity pool, causing liquidity providers to lose part of their funds.",Add the net collected transaction fees to totalFunds in the openShort() function.,,,,,,
isu-0e01a20ef25bb2fb,Dynamic Dependent Update Omission,11,2022-06-02,2022-04-backd#h-02,https://code4rena.com/reports/2022-04-backd#h-02-function-lockfunds-in-topupactionlibrary-can-cause-serious-fund-lose-fee-and-capped-bypass-its-not-calling-stakervaultincreaseactionlockedbalance-when-transfers-stakes,Inconsistent-State-Update-Vulnerabilities/Classification-by-Root-Causes/Dynamic Dependent Update Omission/README.md,0636be889d0511a7d9f2e249c7e1e441bdd58ef3a4d33cb26f4c14a3d9d60ac8,The actionLockedBalances[payer] is not updated for the payer when transferring stakes.,stakedAndActionLockedBalanceOf() calculates wrong balance,Call stakerVault.increaseActionLockedBalance to update after transferring funds.,,,,,,
isu-0e465664136af674,Incorrect Logic Update,3,2022-03-24,2022-01-behodler#h-04,https://code4rena.com/reports/2022-01-behodler#h-04-logic-error-in-burnflashgovernanceasset-can-cause-locked-assets-to-be-stolen,Inconsistent-State-Update-Vulnerabilities/Classification-by-Root-Causes/Incorrect Logic Update/README.md,cfd764b1cb6223c732751fe378933207ce121116ab1fba379aceafab99000ad2,Reset the user's pendingFlashDecision to default configuration when processing pending governance decisions.,The attacker repeatedly calls withdrawGovernanceAsset to steal funds.,Properly clear the user's pendingFlashDecision state in the burnFlashGovernanceAsset() function.,,,,,,
isu-1326fc61d280d92a,Variable Omission,8,2024-03-20,2024-01-renft#h-07,https://code4rena.com/reports/2024-01-renft#h-07-attacker-can-lock-lender-nfts-and-erc20-in-the-safe-if-the-offer-is-set-to-partial,Inconsistent-State-Update-Vulnerabilities/Classification-by-Root-Causes/Variable Omission/README.md,722ba0ee4f888d78de16a421ad6a22ae5328d06c284d9860f394f215ac08aaae,Different hash values corresponding to different orders are lacking.,"Creating multiple similar partially filled orders results in the same order hash value, which allows the partial asset to be locked.",Introduce a random number (nonce) for each order to ensure that the orderHash is unique.,,,,,,
isu-140bdc30e6ad4e0f,Dynamic Dependent Update Omission,30,2023-12-29,2023-08-dopex#h-08,https://code4rena.com/reports/2023-08-dopex#h-08-the-peg-stability-module-can-be-compromised-by-forcing-lowerdepeg-to-revert,Inconsistent-State-Update-Vulnerabilities/Classification-by-Root-Causes/Dynamic Dependent Update Omission/README.md,39418530a0592a9fdca4efb76b6b114e8629e090844cb7ff5c3583babfe59399,totalWethDelegated is not reduced when users withdraw WETH.,Reducing WETH reserves incorrectly resulted in a rollback due to insufficient reserves when attempting to restore the price.,Update totalWethDelegated in the withdraw function.,,,,,,
isu-1489a907db2c88e6,Incorrect Logic Update,20,2022-11-29,2022-09-frax#h-01,https://code4rena.com/reports/2022-09-frax#h-01-wrong-accounting-logic-when-syncrewards-is-called-within-beforewithdraw-makes-withdrawals-impossible,Inconsistent-State-Update-Vulnerabilities/Classification-by-Root-Causes/Incorrect Logic Update/README.md,c96871b3e02d1baf4f9faaf0843ce16cf2e30de474e478e9e7c3d1ba6a7c2b92,The syncRewards() function is not called to synchronize rewards before executing withdrawal operations.,"An accounting logic error caused the nextRewards calculation to be inflated, resulting in overpayment of rewards.",Call syncRewards() before calling beforeWithdraw().,,,,,,
isu-18d31ac12f1753ed,Incorrect Logic Update,39,2023-05-01,2023-02-malt#h-01,https://code4rena.com/reports/2023-02-malt#h-01-rewardthrottlecheckrewardunderflow-might-track-the-cumulative-aprs-wrongly,Inconsistent-State-Update-Vulnerabilities/Classification-by-Root-Causes/Incorrect Logic Update/README.md,db7f8535cf399db0784e677d9074946ce3c0ae1dec950d6d6c579233fcb642e8,The _sendToDistributor() function early returns if amount == 0.,"The cumulative APR was not calculated correctly, affecting the target APR calculation in updateDesiredAPR().",Add conditions and modify the logic in _sendToDistributor() to update the current epoch's cumulative APR with the previous epoch's APR value when the amount is zero.,,,,,,
isu-1b5be01d594891c0,Incorrect Logic Update,8,2023-04-18,2022-12-tessera#h-06,https://code4rena.com/reports/2022-12-tessera#h-06-funds-are-permanently-stuck-in-optimisticlistingseaportsol-contract-if-active-proposal-is-executed-after-new-proposal-is-pending,Inconsistent-State-Update-Vulnerabilities/Classification-by-Root-Causes/Incorrect Logic Update/README.md,173f49c7d30007420f0cac7d280135095103e8d2f254ab12073ac3db497d8aa8,The propose() function overwrites the hash of the currently active proposal.,"When an activated proposal is executed while a new proposal is pending, funds are permanently stuck in the contract.",Add an orderHash field to the Listing struct to ensure active and new proposals maintain distinct hash values.,,,,,,
isu-1c705b46e47ec11f,Incorrect Logic Update,32,2024-05-22,2024-03-revert-lend#h-02,https://code4rena.com/reports/2024-03-revert-lend#h-02-risk-of-reentrancy-onerc721received-function-to-manipulate-collateral-token-configs-shares,Inconsistent-State-Update-Vulnerabilities/Classification-by-Root-Causes/Incorrect Logic Update/README.md,13d0072e0051aa998ac98901fceadf06fa59224a0a3357a27e518a7d5c780e77,The cleanupLoan() function is called before _updateAndCheckCollateral().,"A reentry attack is utilized to update debt shares multiple times, manipulate borrowing caps, and prevent other users from borrowing.",Call cleanupLoan() after _updateAndCheckCollateral().,,,,,,
isu-205a80b00fbad2f4,Dynamic Dependent Update Omission,36,2024-07-19,2024-01-curves#h-02,https://code4rena.com/reports/2024-01-curves#h-02-unrestricted-claiming-of-fees-due-to-missing-balance-updates-in-feesplitter,Inconsistent-State-Update-Vulnerabilities/Classification-by-Root-Causes/Dynamic Dependent Update Omission/README.md,1cbc4ddeca66ca20bb3b2d870194151d4da2f71da9f34291f71063384a297394,"Update accumulated rewards only during trades, not transfers.","The fee offset for the new account was not updated, resulting in incorrect calculation of the fees due to the account.",Call onBalanceChange() to update accumulated rewards in all balance-changing operations.,,,,,,
isu-211c9c334eb3c204,Incorrect Logic Update,12,2023-06-29,2023-05-ajna#h-02,https://code4rena.com/reports/2023-05-ajna#h-02-positionmanagers-moveliquidity-can-set-wrong-deposit-time-and-permanently-freeze-lp-funds-moved,Inconsistent-State-Update-Vulnerabilities/Classification-by-Root-Causes/Incorrect Logic Update/README.md,13026ada3030f3180e0cd7375890fedd3b4e1ac88fe91c46189c4d5d58b270b6,The depositTime of the target position is set directly to the depositTime of the source position.,"If the bankruptcy time of the target bucket is greater than the deposit time of the source location, the liquidity provider's funds will be permanently frozen.",Update the depositTime of the target position to the latest valid deposit time of that position.,,,,,,
isu-217034fbb08f5c0d,Dynamic Dependent Update Omission,15,2023-01-20,2022-11-stakehouse#h-10,https://code4rena.com/reports/2022-11-stakehouse#h-10-giantmevandfeespoolbringunusedethbackintogiantpool-function-loses-the-addition-of-the-idleeth-which-allows-attackers-to-steal-most-of-eth-from-the-giant-pool,Inconsistent-State-Update-Vulnerabilities/Classification-by-Root-Causes/Dynamic Dependent Update Omission/README.md,992dc15fce4cba578982d4ef79db8b8a473cd8e41fd2f867eea813db516128e0,The idleETH is not incremented when returning ETH.,"The idleETH is not increased correctly, allowing the attacker to call the bringUnusedETHBackIntoGiantPool() function to steal ETH.",Increment the idleETH value accordingly in the bringUnusedETHBackIntoGiantPool() function.,,,,,,
isu-22f5ab17878ded98,Variable Omission,12,2024-09-13,2024-09-legion-evm-zenith#h-3,https://github.com/code-423n4/zenith-portfolio/tree/main/reports,Inconsistent-State-Update-Vulnerabilities/Classification-by-Root-Causes/Variable Omission/README.md,7d863e3f8bacf949e628fd68d8122a2dfe6c5f4da5d321514dbeac3af08259b0,A Boolean flag indicating whether the funds have been withdrawn is missing.,The withdrawCapital() function can be called multiple times until all remaining capital in the contract is withdrawn.,Add a Boolean flag tokensWithdrawn to indicate whether funds have been withdrawn.,,,,,,
isu-22f9f26d7f3ed280,Incorrect Logic Update,11,2023-06-23,2023-05-party#h-01,https://code4rena.com/reports/2023-05-party#h-01-the-distribution-logic-will-be-broken-after-calling-ragequit,Inconsistent-State-Update-Vulnerabilities/Classification-by-Root-Causes/Incorrect Logic Update/README.md,c53cdcc1c72b46d159000775e33657601f710613b042e36eb792a2e83eca1715,Calculate the allocation ratio for each faction's NFTs based on the current totalVotingPower.,"The users’ allocation shares were miscalculated, allowing the attacker to obtain more funds than they deserved by destroying NFTs.","Do not use dynamic totalVotingPower for allocation. Instead, record the initial totalVotingPower at the time of each distribution.",,,,,,
isu-26042bb2179bcaca,Dynamic Dependent Update Omission,45,2022-04-20,2021-11-unlock#h-04,https://code4rena.com/reports/2021-11-unlock#h-04-approvals-not-cleared-after-key-transfer,Inconsistent-State-Update-Vulnerabilities/Classification-by-Root-Causes/Dynamic Dependent Update Omission/README.md,4d011a5a2b2f0e789f2a5ad5aad248b6df57723ade7dcf225844dd880955483f,The _setKeyManagerOf function does not clear single-token approvals.,The attacker repeatedly transfers the key back to themselves from the victim without clearing the previous approval after the key transfer.,Call the _clearApproval function to clear the approval.,,,,,,
isu-2b297e5f738d42f7,Variable Omission,10,2024-07-25,2024-04-gondi#h-17,https://code4rena.com/reports/2024-04-gondi#h-17-refinancefulladdnewtranche-reusing-a-lenders-signature-leads-to-unintended-behavior,Inconsistent-State-Update-Vulnerabilities/Classification-by-Root-Causes/Variable Omission/README.md,842d6d533566b93887634c99544c2d31758e429b171683807e98160f475087fc,A type field is missing in the signature to distinguish different operation types.,"The attacker used the signature of refinanceFull() to prepend addNewTranche(), causing the loan amount to be approximately twice the original amount.",Add a type field in the RenegotiationOffer to distinguish different operation types.,,,,,,
isu-2b94c599523fa1df,Incorrect Logic Update,33,2024-07-28,2024-06-playfi-proleague#h-2,https://github.com/code-423n4/zenith-portfolio,Inconsistent-State-Update-Vulnerabilities/Classification-by-Root-Causes/Incorrect Logic Update/README.md,720d321bc786794e8b9de91ee6ecfe19c8ab559e5d57cef83e1f1c627a9ea145,"Send the referral commission before updating state variables (totalClaimed, totalLicenses).",The attacker used a reentrancy attack to purchase quantities exceeding the permitted limit.,"Process referral commission transfers after updating state variables (totalClaimed, totalLicenses).",,,,,,
isu-2bc4442d2f8c0d9e,Incorrect Logic Update,38,2023-01-09,2022-10-juicebox#h-01,https://code4rena.com/reports/2022-10-juicebox#h-01-making-a-payment-to-the-protocol-with-_dontmint-parameter-will-result-in-lost-fund-for-user,Inconsistent-State-Update-Vulnerabilities/Classification-by-Root-Causes/Incorrect Logic Update/README.md,e17bfc472b82600bbfd6e703ae55528ca3046ee569008b302951abd8ff5630f1,"When _dontMint is true, the function immediately returns without incrementing the user's creditsOf balance.","The user's payment amount was not correctly added to the credit balance, resulting in lost funds.",Add an update to creditsOf[_data.beneficiary] before the return statement.,,,,,,
isu-2c16ce676efb9c65,Incorrect Logic Update,21,2023-01-20,2022-11-stakehouse#h-16,https://code4rena.com/reports/2022-11-stakehouse#h-16-reentrancy-vulnerability-in-giantmevandfeespoolwithdraweth,Inconsistent-State-Update-Vulnerabilities/Classification-by-Root-Causes/Incorrect Logic Update/README.md,5d2a4c4cd86a6be263e85604c53ceca996e928b3ceb01d9f2848020dd5e9bbfd,beforeTokenTransfer() is called before the ETH transfer occurs.,"After receiving ETH, the attacker used the unlocked claimRewards() function to perform multiple transactions, resulting in too many rewards being issued.","Perform the ""idleETH -= _amount;"" operation after burning the LP tokens.",,,,,,
isu-2d5b45fab3d5c487,Dynamic Dependent Update Omission,29,2023-10-05,2023-07-basin#h-01,https://code4rena.com/reports/2023-07-basin#h-01-pumps-are-not-updated-in-the-shift-and-sync-functions-allowing-oracle-manipulation,Inconsistent-State-Update-Vulnerabilities/Classification-by-Root-Causes/Dynamic Dependent Update Omission/README.md,3b1fc02824463c730d3e003e47e93c739e9780c4e428f0b6d630d64fdcde5bac,The oracle Pumps is not updated promptly.,Manipulate the reserves of the current block and thus tamper with the prophecy machine data.,Update the Pumps data immediately after each reserve change.,,,,,,
isu-2f54a050d80e44db,Dynamic Dependent Update Omission,39,2024-12-08,2024-jul-gemnify-proleague#h-2,https://github.com/code-423n4/zenith-portfolio/tree/main/reports,Inconsistent-State-Update-Vulnerabilities/Classification-by-Root-Causes/Dynamic Dependent Update Omission/README.md,3b796befbd44c1d491df805eec6d52dee0a5cb09427cd414bc2d156621ab241a,ps.tokenBalances[] is not updated in the safeTransfer() function.,The actual amount received returned to users when withdrawing or transferring funds is incorrect.,Call transferOut() in claimFundingFees() to update token balances during fund transfers.,,,,,,
isu-31ee582e2e7591af,Incorrect Logic Update,10,2023-05-01,2023-02-malt#h-03,https://code4rena.com/reports/2023-02-malt#h-03-manipulation-of-liveprice-to-receive-defaultincentive-in-2-consecutive-blocks,Inconsistent-State-Update-Vulnerabilities/Classification-by-Root-Causes/Incorrect Logic Update/README.md,2a8b21581e063948a8bb5428161ee2d68a8052e1bd8d38515c8ae869cdadd6b0,Claim rewards when the TWAP falls below the protocol's price threshold.,The attacker received two defaultIncentive rewards through flash loans in two consecutive blocks.,Adjust the reward distribution conditions by adding a cooldown period.,,,,,,
isu-3600db65b0363d63,Incorrect Logic Update,15,2024-12-08,2024-jul-gemnify-proleague#h-5,https://github.com/code-423n4/zenith-portfolio,Inconsistent-State-Update-Vulnerabilities/Classification-by-Root-Causes/Incorrect Logic Update/README.md,4c27509b23225776e226fc3e0e8fa6c75aa4a8a790c24037212530d60a36cdce,"When reducing positions, the amount affecting the pool is incorrectly increased.","The withdrawal amounts were not properly accounted for, falsely increasing the amounts affecting the pool.",Check whether the user's withdrawn funds are sufficient before updating the affected pool.,,,,,,
isu-372237591d0d9a31,Dynamic Dependent Update Omission,18,2023-02-28,2022-12-forgeries#h-01,https://code4rena.com/reports/2022-12-forgeries#h-01-admin-does-not-have-to-wait-to-call-lastresorttimelockownerclaimnft,Inconsistent-State-Update-Vulnerabilities/Classification-by-Root-Causes/Dynamic Dependent Update Omission/README.md,f8f460d8aab4965ec93b93ee498a005986b08f4499f0eadc46f77d570cc641b6,The recoverTimelock is not updated with each lottery draw.,Administrators can bypass the waiting time limit by repeatedly calling lastResortTimelockOwnerClaimNFT() without waiting for the specified time lock period to expire.,Update recoverTimelock with every lottery draw.,,,,,,
isu-376534817b6f3897,Variable Omission,4,2023-04-27,2023-03-mute#h-01,https://code4rena.com/reports/2023-03-mute#h-01-bond-max-buyer-might-end-up-buying-the-max-buy-of-the-next-epoch,Inconsistent-State-Update-Vulnerabilities/Classification-by-Root-Causes/Variable Omission/README.md,0bd5c462e8725b2ff1ca8813b4ebfcfbfae1ba5087685fe3aa1aeaa60faa4003,A variable for tracking the current period number is missing.,"max_buy was miscalculated, causing users to incorrectly buy the next period's worth of bonds at a lower price than expected.","Add a variable ""currentEpoch"" to track the current cycle number.",,,,,,
isu-3828918ea43c25ff,Incorrect Logic Update,16,2024-09-06,2023-11-zetachain#h-06,https://code4rena.com/reports/2023-11-zetachain#h-06-zevm-cross-chain-messages-ignore-the-user-specified-message-and-prevent-calling-the-destination-contract,Inconsistent-State-Update-Vulnerabilities/Classification-by-Root-Causes/Incorrect Logic Update/README.md,0fe79dc9956bb12f2d4efd41788d5baa4c4b33fe83cf1855e842f1d1f7382518,The user's message field is overwritten with an empty string.,"The target contract cannot be called, which makes the cross-chain message function unable to work properly.",Modify the message field as specified by the user.,,,,,,
isu-3c60182de8dc2cd0,Initialization _ Re-initialization Omission,9,2024-08-16,2024-07-optimism#h-03,https://code4rena.com/reports/2024-07-optimism#h-03-lpp-metadata-can-be-altered-after-the-challenge-period-is-over-allowing-incorrect-states-to-be-proven,Inconsistent-State-Update-Vulnerabilities/Classification-by-Root-Causes/Initialization _ Re-initialization Omission/README.md,58e89e5cf57e1d9ca7b7504c46cb1316c6b2db44672ab067b4d7f518db1df2c6,"In the initLPP function, the LPPMetadata data structure is not initialized.","Repeatedly calling the initLPP() function modifies the claimedSize and partOffset of LPP, resulting in incorrect state hashing.","Remove unnecessary storage reads in the initLPP function. Additionally, add a check in the squeezeLPP function to ensure that bytesProcessed must be equal to claimedSize.",,,,,,
isu-3e38d51d43d09a02,Incorrect Logic Update,27,2023-05-01,2023-02-malt#h-02,https://code4rena.com/reports/2023-02-malt#h-02-rewardthrottle-if-an-epoch-does-not-have-any-profit-then-there-may-not-be-rewards-for-that-epoch-at-the-start-of-the-next-epoch,Inconsistent-State-Update-Vulnerabilities/Classification-by-Root-Causes/Incorrect Logic Update/README.md,c6f5a188ffc43b844fd3dc35c3d7cd34e1774df0f7c2032bef79f33ae6b0fb36,The location of the _fillInEpochGaps() call is incorrect.,"fillInEpochGaps() did not correctly calculate and request rewards from overflowPool, resulting in lost rewards for unprofitable epochs.","Remove the call to fillInEpochGaps(). Or, move the call to checkRewardUnderflow() to the beginning of each new epoch. Or, restrict calls to fillInEpochGaps() to administrators only.",,,,,,
isu-3f04c08732ee612c,Incorrect Logic Update,13,2023-08-21,2023-06-lybra#h-02,https://code4rena.com/reports/2023-06-lybra#h-02-doesnt-calculate-the-current-borrowing-amount-for-the-provider-including-the-providers-borrowed-shares-and-accumulated-fees-due-to-inconsistency-in-collateralratio-calculation,Inconsistent-State-Update-Vulnerabilities/Classification-by-Root-Causes/Incorrect Logic Update/README.md,66c426514edc13f416ee474cf41e77162edc093f3c7e3963293bc2b6f819d387,The liquidation() and rigidRedemption() functions calculate collateralRatio differently.,Bypass the correct mortgage rate calculation by calculating only the principal amount borrowed and ignoring the share of the borrowing and accumulated fees.,Modify the collateralRatio calculation method in the rigidRedemption() function.,,,,,,
isu-40ff331ab2d74b97,Incorrect Logic Update,5,2023-03-21,2022-12-gogopool#h-01,https://code4rena.com/reports/2022-12-gogopool#h-01-avax-assigned-high-water-is-updated-incorrectly,Inconsistent-State-Update-Vulnerabilities/Classification-by-Root-Causes/Incorrect Logic Update/README.md,92fa39f0301ed6ebc4c065c539f0cf8aca1c009123df2c9200adc17ae400c641,"The maximum AVAX allocation per node in the cycle is increased via the increaseAVAXAssignedHighWater() function, rather than being directly updated to the current AVAXAssigned value.",The attacker manipulates AVAX higher than the actual allocation to obtain more rewards.,Change the previous cumulative update method to directly update to the current AVAXAssigned value.,,,,,,
isu-4198ebcb807fbc55,Dynamic Dependent Update Omission,6,2022-01-21,2021-11-bootfinance#h-03,https://code4rena.com/reports/2021-11-bootfinance#h-03-swaputilssol-wrong-implementation,Inconsistent-State-Update-Vulnerabilities/Classification-by-Root-Causes/Dynamic Dependent Update Omission/README.md,cd4ea3b5dea42377798bc820e9f4bbc9874bd82a5e790327b5495043b746890e,The tokenPrecisionMultipliers used in price calculations is not computed in real-time.,The attacker use old tokenPrecision Multipliers for transactions before the target price takes effect.,Change tokenPrecisionMultipliers to real-time calculation.,,,,,,
isu-43ea9dbca4e2aa00,Dynamic Dependent Update Omission,47,2022-10-26,2022-08-olympus#h-03,https://code4rena.com/reports/2022-08-olympus#h-03-trsry-front-runnable-setapprovalfor,Inconsistent-State-Update-Vulnerabilities/Classification-by-Root-Causes/Dynamic Dependent Update Omission/README.md,69d8206b6dfc9c31ea1ea07eb510f6675b4ce8b0e30e2a4126aee5e41bf529e4,The current allowance is not decremented based on existing withdrawal records.,The attacker can front-run the approval change process to withdraw the previously approved funds early.,Decrement the current allowance based on existing withdrawal records when setting a new allowance.,,,,,,
isu-4466760c47c2baca,Dynamic Dependent Update Omission,16,2023-01-20,2022-11-stakehouse#h-06,https://code4rena.com/reports/2022-11-stakehouse#h-06-bringunusedethbackintogiantpool-can-cause-stuck-ether-funds-in-giant-pool,Inconsistent-State-Update-Vulnerabilities/Classification-by-Root-Causes/Dynamic Dependent Update Omission/README.md,1a39e428049952656a2613213b8bc946228efe4c09bac6b059502dce4b335fda,The variable idleETH is not synchronized.,An error in the calculation of idleETH caused ETH withdrawn from the vault to be permanently locked in the Giant Pool.,Add an update for idleETH.,,,,,,
isu-4552f0e361ef04d8,Initialization _ Re-initialization Omission,7,2024-06-25,2024-03-dittoeth#h-04,https://code4rena.com/reports/2024-03-dittoeth#h-04-partially-filled-short-records-created-without-a-short-order-cannot-be-liquidated-and-exited,Inconsistent-State-Update-Vulnerabilities/Classification-by-Root-Causes/Initialization _ Re-initialization Omission/README.md,79ce1800d8038a4bab6a69dccf55b6de1cb7c13171c5f0343a9ebc49e9535435,"After the purchase order is matched, when the ERC quantity is lower than the defined minimum value, the order will not be added to the market for initialization.","A partially filled short record has no associated short order, which makes it impossible for the user to exit the short position or perform liquidation operations.","After the call of matchIncomingSell(), make the Short Record reach the fully filled (SR.FullyFilled) state.",,,,,,
isu-457df0c341b72a40,Dynamic Dependent Update Omission,53,2024-07-28,2024-06-playfi-proleague#h-1,https://github.com/code-423n4/zenith-portfolio/tree/main/reports,Inconsistent-State-Update-Vulnerabilities/Classification-by-Root-Causes/Dynamic Dependent Update Omission/README.md,da30cc469dcdaad76ab99a22107d21e1ab1e4cea56da517ab110170061b27ed1,The variable limiting user purchase quantity is not updated after license purchase.,The attacker calls the claimLicensePartner() or claimLicensePublic() functions multiple times to repeatedly purchase licenses without restriction.,Accurately record each user's purchase quantity to prevent overbuying.,,,,,,
isu-483c1ab3704b6517,Dynamic Dependent Update Omission,22,2023-05-22,2023-01-astaria#h-06,https://code4rena.com/reports/2023-01-astaria#h-06-buying-out-corrupts-the-slope-of-a-vault-reducing-rewards-of-lps,Inconsistent-State-Update-Vulnerabilities/Classification-by-Root-Causes/Dynamic Dependent Update Omission/README.md,b4dee33cb702a113c29f8c5f10fee7dd25dbd1608a17e3f21b45692bec5981cf,The variable for interest calculation remains unupdated during buyout operations.,"The slope of the new lien tokens is not added to the total slope of the public vault, borrowers are not paid interest, and liquidity providers cannot receive rewards.",Add the new lien slope back to the total slope after buyout completion.,,,,,,
isu-4d0b80c5f3074c1c,Incorrect Logic Update,30,2023-12-29,2023-08-dopex#h-05,https://code4rena.com/reports/2023-08-dopex#h-05-users-can-get-immediate-profit-when-deposit-and-redeem-in-perpetualatlanticvaultlp,Inconsistent-State-Update-Vulnerabilities/Classification-by-Root-Causes/Incorrect Logic Update/README.md,8aaf9515315a7b47232ede441bfe8201ddca589c6bc4057d0097747dda0c8d2d,Call previewDeposit() before updateFunding().,The value of the assets calculated at the time of redemption included additional funds for an undeserved profit.,Move the updateFunding() call to before previewDeposit().,,,,,,
isu-5364060b2d89c4e1,Incorrect Logic Update,24,2023-04-18,2022-12-tessera#h-04,https://code4rena.com/reports/2022-12-tessera#h-04-optimisticlistingseaportpropose-sets-pendingbalances-of-newly-added-proposer-instead-of-previous-one,Inconsistent-State-Update-Vulnerabilities/Classification-by-Root-Causes/Incorrect Logic Update/README.md,cc579d0658cf228dc204589dc9c1429cadd4936c241fae448aa2f0b6f45e0c04,Update pendingBalances only after new proposal creation.,"The old proposer loses the deposit, and the new proposer can repeat the proposal.",Update pendingBalances before calling _setListing().,,,,,,
isu-587a2cf2917ee620,Incorrect Logic Update,29,2023-11-29,2023-07-axelar#h-01,https://code4rena.com/reports/2023-07-axelar#h-01-expressreceivetoken-can-be-abused-using-reentry,Inconsistent-State-Update-Vulnerabilities/Classification-by-Root-Causes/Incorrect Logic Update/README.md,7a81507f65f1df99526eb24f41a63e56657291517035f17dac5686cf8c078544,expressReceiveTokenWithData() delays state updates until after token transfers.,Stealing funds in cross-chain transfers using reentry attacks.,Call _setExpressReceiveTokenWithData() in advance.,,,,,,
isu-599fced4ea9a8be5,Incorrect Logic Update,1,2021-09-16,2021-06-pooltogether#h-04,https://code4rena.com/reports/2021-06-pooltogether#h-04-withdraw-timelock-can-be-circumvented,Inconsistent-State-Update-Vulnerabilities/Classification-by-Root-Causes/Incorrect Logic Update/README.md,282a62f3d4edeecd4faab89a8d9e0fb18941dd317295a1bfb61f9c2066541b50,"The time lock mechanism did not take effect as expected, allowing users to bypass the time lock and withdraw funds directly.",The withdrawWithTimelockFrom() function sets incorrect _unlockTimestamps.,The withdrawWithTimelockFrom() function should increment the unlock timestamp by the specified duration.,,,,,,
isu-5a378fce12442b76,Variable Omission,11,2024-07-13,2024-06-strateg-proleague#h-1,https://github.com/code-423n4/zenith-portfolio/tree/main/reports,Inconsistent-State-Update-Vulnerabilities/Classification-by-Root-Causes/Variable Omission/README.md,903c8c14a2c33188621fd0f73736d232368159b6284dab685d63a3b73aae42fe,There is a lack of a list of processed tokens to ensure that the same generation of tokens will not be counted multiple times.,"The attacker repeatedly calculated the balance of Token B, inflated the total assets, and then obtained more shares at a low price.",Add deduplication logic in the oracleExit() function to ensure that the same generation of coins is not calculated multiple times.,,,,,,
isu-618635470000c006,Incorrect Logic Update,23,2023-03-10,2023-01-timeswap#h-03,https://code4rena.com/reports/2023-01-timeswap#h-03-the-collect-function-will-always-transfer-zero-fees-losing-_feespositions-without-receiving-fees,Inconsistent-State-Update-Vulnerabilities/Classification-by-Root-Causes/Incorrect Logic Update/README.md,bc20fd9f47d004a3a6954d53bcc6603b857544ac0f84722d5f406baf3a30549b,The calculation of variables like long0Fees and long1Fees is executed only after the transferFees() function call.,"The incorrect calculation of the long0Fees, long1Fees and other variables used to calculate fees caused the transfer fee to always be zero.","Calculate the actual values of long0Fees, long1Fees, and shortFees before calling transferFees().",,,,,,
isu-61e8584be12659ba,Dynamic Dependent Update Omission,50,2023-04-11,2023-01-rabbithole#h-02,https://code4rena.com/reports/2023-01-rabbithole#h-02-protocol-fees-can-be-withdrawn-multiple-times-in-erc20quest,Inconsistent-State-Update-Vulnerabilities/Classification-by-Root-Causes/Dynamic Dependent Update Omission/README.md,81fcb1b30d6b34f6a7d3ba2122dbc23f0ed72b8f1d3be148a2743d3ef5afb3e4,The fee withdrawal status is not updated.,"The withdrawFee() function does not have any protection mechanism, allowing the protocol fee to be withdrawn multiple times.",Track the protocol fee withdrawal status.,,,,,,
isu-621f43af68268838,Variable Omission,1,2021-05-03,2021-04-marginswap#h-07,https://code4rena.com/reports/2021-04-marginswap#h-07-accountholdstoken-is-never-set,Inconsistent-State-Update-Vulnerabilities/Classification-by-Root-Causes/Variable Omission/README.md,31d19c383b981c0d66b1353be29a409d252a9535e46fc5c803450e25d61df4f8,There is a lack of mapping to avoid repeatedly depositing the same token.,Multiple deposits of the same token resulted in duplicate token records in the account. holdingTokens array.,Set the holdsToken map in addHolding() to distinguish different tokens.,,,,,,
isu-675c757b9950fa5e,Dynamic Dependent Update Omission,41,2024-08-16,2024-07-munchables#h-01,https://code4rena.com/reports/2024-07-munchables#h-01-single-plot-can-be-occupied-by-multiple-renters,Inconsistent-State-Update-Vulnerabilities/Classification-by-Root-Causes/Dynamic Dependent Update Omission/README.md,03eba0de81c3108461dc5793761f395c7f3ba9efd2ce9ffbe8f83263aea4f6c0,toiletState[tokenId].plotId is not updated when users transfer tokens to another plot.,Allowing multiple tenants to occupy the same plot and causing errors in reward calculations.,Update toiletState[tokenId].plotId in the transferToUnoccupiedPlot() function.,,,,,,
isu-68088a5b0a6df553,Variable Omission,6,2023-08-07,2023-05-particle#h-06,https://code4rena.com/reports/2023-05-particle#h-06-marketplace-may-call-onerc721received-and-create-a-lien-during-buynftfrommarket-creating-divergence,Inconsistent-State-Update-Vulnerabilities/Classification-by-Root-Causes/Variable Omission/README.md,c966422d8827f8e52e8fe3218515ef746822c4b2a18409317632244812333fd3,There is a lack of a flag for indicating that the purchase operation of the contract is underway.,"onERC721Received() creates two pledge rights in the intermediate state, resulting in the same NFT being bound to two different pledge rights.",Set a _marketBuyFlow flag to indicate that the contract is conducting a market purchase operation.,,,,,,
isu-696e521de930042e,Incorrect Logic Update,40,2024-07-13,2024-06-strateg-proleague#h-4,https://github.com/code-423n4/zenith-portfolio/tree/main/reports,Inconsistent-State-Update-Vulnerabilities/Classification-by-Root-Causes/Incorrect Logic Update/README.md,83c6effff522e5a7bb0901cb63c597c3c27190df30967885572fe0ea75cb0cd3,lastClaimTotalRewards only updates when feeClaimable is greater than 0.,The attacker transferred the balances of the two tokenIds and stole the rewards from the contract multiple times by repeatedly claiming the rewards.,Update the variables lastClaimTotalRewards and timeClaimed before the feeClaimable check.,,,,,,
isu-6a4103498e96a7d2,Initialization _ Re-initialization Omission,6,2024-05-14,2024-02-ai-arena#h-07,https://code4rena.com/reports/2024-02-ai-arena#h-07-fighters-cannot-be-minted-after-the-initial-generation-due-to-uninitialized-numelements-mapping,Inconsistent-State-Update-Vulnerabilities/Classification-by-Root-Causes/Initialization _ Re-initialization Omission/README.md,7762e5e122787bbad35e0d89aa36e24bac7184876ef9abcffebdfbe1c4ab6422,"In the constructor, only the 0th Generation (Generation 0) is initialized as 3, while subsequent generations (Generation 1, Generation 2, etc.) are not initialized.","The mapping is uninitialized, resulting in a rollback of the calculation with a divide-by-zero error.",Logic should be added to the contract to allow administrators to correctly initialize or update the numElements map each time a new generation is created.,,,,,,
isu-6e464662eff8b167,Incorrect Logic Update,26,2023-05-01,2023-02-malt#h-05,https://code4rena.com/reports/2023-02-malt#h-05-_distributeprofit-will-use-the-stale-globalicswingtradercollateraldeficitswingtradercollateralratio-which-will-result-in-incorrect-profit-distribution,Inconsistent-State-Update-Vulnerabilities/Classification-by-Root-Causes/Incorrect Logic Update/README.md,f66b510cb0a5c957efb7571b3354bb6762c35e9ba5e433265f86202cd225aebb,The profit distribution ratio is calculated before updating the dependent values.,"Using inaccurate values ​​when allocating profits leads to incorrect profit distribution, causing LPs (liquidity providers) to receive too much profit.",Call syncGlobalCollateral() before calling handleProfit().,,,,,,
isu-6ebf8383a0d41341,Dynamic Dependent Update Omission,54,2024-09-03,2024-07-benddao#h-03,https://code4rena.com/reports/2024-07-benddao#h-03-erc721decreaseisolatesupplyonliquidate-missing-clear-lockeraddr,Inconsistent-State-Update-Vulnerabilities/Classification-by-Root-Causes/Dynamic Dependent Update Omission/README.md,065f210541e0fe8f5a81775b7b40a63f057c5efc0d1e010f6fee3a324cde9fa4,The NFT post-liquidation state is not fully reset.,"The NFT cannot be unlocked successfully, which in turn affects the subsequent NFT extraction operations.",Update tokenData.lockerAddr to address(0) during liquidation.,,,,,,
isu-7068f206eea19247,Dynamic Dependent Update Omission,51,2024-06-12,2024-05-loop#h-01,https://code4rena.com/reports/2024-05-loop#h-01-availability-of-deposit-invariant-can-be-bypassed,Inconsistent-State-Update-Vulnerabilities/Classification-by-Root-Causes/Dynamic Dependent Update Omission/README.md,768a59f5dfb643a1de52221a89748dea19b073c535d67179d1ef74338cf9593a,The state variable totalLpETH is not locked to equal totalSupply.,Pre- and post-operations (sandwich attack) to donate ETH and directly obtain lpETH.,Limit the claimedAmount calculation to only the ETH amount obtained from LRT swaps.,,,,,,
isu-71121263613cd4c7,Incorrect Logic Update,31,2024-05-03,2024-03-abracadabra-money#h-01,https://code4rena.com/reports/2024-03-abracadabra-money#h-01-anyone-making-use-of-the-magiclps-twap-to-determine-token-prices-will-be-exploitable,Inconsistent-State-Update-Vulnerabilities/Classification-by-Root-Causes/Incorrect Logic Update/README.md,834dc2dab03ccec0b7678cdfe7674fe1f3cb1810932163c3d7ae89d2ff66e6f3,Reserves updates precede TWAP updates.,"Manipulate reserve values prior to TWAP updates, manipulate prices and profit on subsequent trades.",Advance the execution position of the _twapUpdate() function.,,,,,,
isu-749924b9c7ff076d,Dynamic Dependent Update Omission,40,2024-08-06,2024-05-olas#h-01,https://code4rena.com/reports/2024-05-olas#h-01-pointssumslope-not-updated-after-nominee-removal-and-votes-revocation,Inconsistent-State-Update-Vulnerabilities/Classification-by-Root-Causes/Dynamic Dependent Update Omission/README.md,fac041aa1be6e4d34d570518bf34eb340f04a16edf316e03859813b971eb2aea,pointsSum.slope is not updated when nominees are removed.,"The slope for the removed nominees is still included in the calculation, resulting in an inaccurate calculation of the voting weight.",Update pointsSum.slope in removeNominee().,,,,,,
isu-75daa7931b85c90d,Dynamic Dependent Update Omission,26,2023-08-01,2023-03-polynomial#h-01,https://code4rena.com/reports/2023-03-polynomial#h-01-exchange_liquidate-function-can-cause-liquidator-to-burn-too-much-powerperp-tokens,Inconsistent-State-Update-Vulnerabilities/Classification-by-Root-Causes/Dynamic Dependent Update Omission/README.md,137ff3fcfceb420961a7635de7021533049bb82d899cb2738237600676ff285a,The update to totalCollateralReturned is missing.,"Liquidators burn excessive powerPerp tokens, resulting in a loss of funds.","Calculate the token amount corresponding to the collateral actually received by the liquidator, then match the burned token quantity with the liquidator's actual received collateral value.",,,,,,
isu-76e6aa75733cd2f9,Dynamic Dependent Update Omission,43,2021-08-30,2021-05-visorfinance#h-03,https://code4rena.com/reports/2021-05-visorfinance#h-03-approval-for-nft-transfers-is-not-removed-after-transfer,Inconsistent-State-Update-Vulnerabilities/Classification-by-Root-Causes/Dynamic Dependent Update Omission/README.md,834b79fe5d4593152bdeeedcb261eb7f731e7d0e2ba4b3b227a3c81c9d67b1bd,Failure to clear the approval authorization for NFT resulted in authorized agents being able to transfer the NFT multiple times.,The NFT authorization is not reset.,Reset the approval on transfer.,,,,,,
isu-788dfab3feaf2dd1,Dynamic Dependent Update Omission,21,2023-05-22,2023-01-astaria#h-16,https://code4rena.com/reports/2023-01-astaria#h-16-when-public-vault-a-buys-out-public-vault-bs-lien-tokens-it-does-not-increase-public-vault-as-liensopenforepoch-which-would-result-in-the-lien-tokens-not-being-repaid,Inconsistent-State-Update-Vulnerabilities/Classification-by-Root-Causes/Dynamic Dependent Update Omission/README.md,f74fc901541ee08918009a6028976e28be86a50d4337b2a47f5c5e41fe5de4d1,liensOpenForEpoch is not incremented when purchasing liens.,"When Public Vault A acquired lien tokens, liensOpenForEpoch was not calculated correctly, resulting in an overflow when repaying.",Add a call to increaseEpochLienCount().,,,,,,
isu-7892f67a73ef5fa1,Dynamic Dependent Update Omission,10,2022-05-24,2022-02-concur#h-01,https://code4rena.com/reports/2022-02-concur#h-01-wrong-reward-token-calculation-in-masterchef-contract,Inconsistent-State-Update-Vulnerabilities/Classification-by-Root-Causes/Dynamic Dependent Update Omission/README.md,9f53fd80ae904ed30ca4934a4217ea6594f2c6f2e761e0774dda075e531dc315,The reward distribution for old pools is not updated when adding new token pools.,Users are unable to accurately calculate the rewards they deserve.,Call massUpdate() to refresh rewards for all existing pools before adding a new one.,,,,,,
isu-7bab5a8cb4269c50,Dynamic Dependent Update Omission,31,2024-01-16,2023-12-initcapital#h-01,https://code4rena.com/reports/2023-12-initcapital#h-01-liquidations-can-be-prevented-by-frontrunning-and-liquidating-1-debt-or-more-due-to-wrong-assumption-in-pos_manager,Inconsistent-State-Update-Vulnerabilities/Classification-by-Root-Causes/Dynamic Dependent Update Omission/README.md,587dd4773604c60ca81773ad9fbf593f811dc4f79c4776682463916f54b7bd75,The user's latest debt status is not updated.,"Debt shares are miscalculated, which in turn causes subsequent liquidation operations to fail.",Update the user's latest debt record in the _repay() function.,,,,,,
isu-7d695607cb1d5ebf,Dynamic Dependent Update Omission,35,2024-08-06,2024-05-olas#h-01,https://code4rena.com/reports/2024-05-olas#h-01-pointssumslope-not-updated-after-nominee-removal-and-votes-revocation,Inconsistent-State-Update-Vulnerabilities/Classification-by-Root-Causes/Dynamic Dependent Update Omission/README.md,e54ea50f8d54259b9d7228ed8b5528725ccfb240ebc8fcf399b58773f4d91d46,pointsSum.slope is not updated when nominees are removed.,"Errors occurred in the calculation of voting weights, affecting the accuracy of the governance mechanism.",Update pointsSum.slope in removeNominee(),,,,,,
isu-7fa2dc5fe1d424e1,Dynamic Dependent Update Omission,13,2023-01-13,2022-08-frax#h-01,https://code4rena.com/reports/2022-08-frax#h-01-any-borrower-with-bad-debt-can-be-liquidated-multiple-times-to-lock-funds-in-the-lending-pair,Inconsistent-State-Update-Vulnerabilities/Classification-by-Root-Causes/Dynamic Dependent Update Omission/README.md,0c4d1aad66139c85d4aa288f8fc5750bd5636f31936afbd5b86a9b365eb43e46,The liquidateClean function does not update the borrower's loan shares.,The borrower's remaining share is not deducted from its actual debt.,Include the remaining shares in _sharesToLiquidate after liquidation.,,,,,,
isu-803f2b23e37d2038,Incorrect Logic Update,22,2023-01-20,2022-11-stakehouse#h-08,https://code4rena.com/reports/2022-11-stakehouse#h-08-function-withdraweth-from-giantmevandfeespool-can-steal-most-of-eth-because-of-idleeth-is-reduced-before-burning-token,Inconsistent-State-Update-Vulnerabilities/Classification-by-Root-Causes/Incorrect Logic Update/README.md,5c48151ea372a5e749ec53210ab24a401a8360ca6560616a015716146dabdc71,The idleETH is decremented before LP token burning.,"The reward calculation is wrong, and the attacker calls the withdrawETH() function to steal ETH.",Decrement idleETH only after token burning.,,,,,,
isu-825044c76fedfbf3,Variable Omission,7,2023-11-16,2023-07-tapioca#h-20,https://code4rena.com/reports/2023-07-tapioca#h-20-_liquidateuser-should-not-re-use-the-same-minimum-swap-amount-out-for-multiple-liquidation,Inconsistent-State-Update-Vulnerabilities/Classification-by-Root-Causes/Variable Omission/README.md,fabda7f2a7dbfc2e4ee449211cf5aac62c9c96df7ff80ed3df48b9f26e8df63a,"When liquidate() performs clearing operations for multiple users, it uses the same minAssetAmount value and lacks variables for different records.","The liquidation amount was inaccurate, resulting in losses to both the liquidator and the agreement.","Modify the liquidate() function to enable liquidators to pass multiple minAssetAmount parameter values, so that each value corresponds to a different borrower.",,,,,,
isu-883447fef1177d83,Dynamic Dependent Update Omission,1,2021-08-17,2021-07-wildcredit#h-02,https://code4rena.com/reports/2021-07-wildcredit#h-02-lendingpairliquidateaccount-does-not-accrue-and-update-cumulativeinterestrate,Inconsistent-State-Update-Vulnerabilities/Classification-by-Root-Causes/Dynamic Dependent Update Omission/README.md,545bbc4f149ceab9dbe250ddb66117742ee3dbfb994c55f33a470c8b8eb25fe5,The accumulated interest rate is not updated during account liquidation.,"Interest calculation error, the borrower bypassed interest payment through self liquidation.",Revise the previous accumulated interest rate update method.,,,,,,
isu-8dda8bf0c932db3f,Dynamic Dependent Update Omission,55,2024-10-18,2024-08-superposition#h-02,https://code4rena.com/reports/2024-08-superposition#h-02-unrevoked-approvals-allow-nft-recovery-by-previous-owner,Inconsistent-State-Update-Vulnerabilities/Classification-by-Root-Causes/Dynamic Dependent Update Omission/README.md,ad4a520fa73533e4ac5e4bc00ff2a7870b8665ad397e2a52a66f45fd3703c947,The previous getApproved[_tokenId] approval status is not revoked.,"Approval was not revoked after the NFT was transferred, and the previous owner transferred the NFT back to himself through repeated transactions.",Clear the approval status after transferring the NFT.,,,,,,
isu-8e28a9dae87c4960,Incorrect Logic Update,7,2023-04-05,2022-07-golom#h-07,https://code4rena.com/reports/2022-07-golom#h-07-_writecheckpoint-does-not-write-to-storage-on-same-block,Inconsistent-State-Update-Vulnerabilities/Classification-by-Root-Causes/Incorrect Logic Update/README.md,ac2b6288241d691a40c7afcd4d9090ac6b1a797a6044075c44c6155aeb97b1e2,"During delegate operations, the ""Checkpoint memory oldCheckpoint"" in the function is only modified in memory and not written to storage.","The checkpoint is not written correctly, and the user's second delegation operation will not be persisted, resulting in the loss of delegation information.","Change ""memory oldCheckpoint"" to ""storage oldCheckpoint"".",,,,,,
isu-9097ab32e6443dd6,Dynamic Dependent Update Omission,17,2023-02-28,2023-01-ondo#h-01,https://code4rena.com/reports/2023-01-ondo#h-01-loss-of-user-funds-when-completing-cash-redemptions,Inconsistent-State-Update-Vulnerabilities/Classification-by-Root-Causes/Dynamic Dependent Update Omission/README.md,947e1cb11d79825e49f7f0c8ec8557efcfc1970cdc794227135f55aca52d0f25,The variable totalBurned is not updated.,"The amount received by the user during subsequent redemption is inaccurate, resulting in financial loss.","After refunding refundedAmt, update totalBurned to deduct the refunded amount.",,,,,,
isu-92cbfaf905a24490,Incorrect Logic Update,36,2022-05-02,2021-12-defiprotocol#h-01,https://code4rena.com/reports/2021-12-defiprotocol#h-01-wrong-fee-calculation-after-totalsupply-was-0,Inconsistent-State-Update-Vulnerabilities/Classification-by-Root-Causes/Incorrect Logic Update/README.md,2856323ac1f7154a6562f42f8e71dfcb1f1c26fd5950b49b7fa07dc843a3a151,lastFee is not updated in the handleFees function when totalSupply is zero.,"When the basket is replenished, the cost will be calculated based on the incorrect time difference.",Update lastFee even when totalSupply is zero.,,,,,,
isu-93e7300724394af9,Variable Omission,5,2023-06-23,2023-04-party#h-08,https://code4rena.com/reports/2023-04-party#h-08-vetoproposal-user-can-veto-multiple-times-so-every-proposal-can-be-vetoed-by-any-user-that-has-a-small-amount-of-votes,Inconsistent-State-Update-Vulnerabilities/Classification-by-Root-Causes/Variable Omission/README.md,ab3bd2b0e9f5472057f651e6a770f678b0e2acc54f5fcd5f372811c33af2813e,A mapping for tracking whether a veto vote has been cast is missing.,"Users can vote down the same proposal multiple times, allowing users with a small number of votes to veto any proposal.","Add a hasVoted map to track whether each (party, proposalId, address) triple has already cast a veto vote.",,,,,,
isu-94218c1aa2acd123,Dynamic Dependent Update Omission,32,2024-01-26,2023-12-particle#h-02,https://code4rena.com/reports/2023-12-particle#h-02-openposition-use-stale-feegrowthinside0lastx128feegrowthinside1lastx128,Inconsistent-State-Update-Vulnerabilities/Classification-by-Root-Causes/Dynamic Dependent Update Omission/README.md,249f7a0e4791c7fd288b2ee8ed2aeaff949705b64f866bdd61077a8567428d73,The fee accumulator value is not synchronized with the pool's current state.,"Inaccurate values of fee increases were used to calculate fees over the period of borrowing, which resulted in borrowers paying additional fees at the time of repayment.",Call collectLiquidity() to synchronize the fee accumulator.,,,,,,
isu-946bf9ba48ae786b,Dynamic Dependent Update Omission,44,2022-04-20,2021-11-unlock#h-03,https://code4rena.com/reports/2021-11-unlock#h-03-mixintransfersoltransferfrom-wrong-implementation-can-potentially-allows-attackers-to-reverse-transfer-and-cause-fund-loss-to-the-users,Inconsistent-State-Update-Vulnerabilities/Classification-by-Root-Causes/Dynamic Dependent Update Omission/README.md,581b9a2f054b2fe09054d63a9cab3266d4d00b92a34bb881c9853fcc666a1779,The key manager is not reset.,"The attacker repeats the transaction after the key transfer, either returning the key to themselves or transferring it to other recipients.",Reset the key manager in the transferFrom function.,,,,,,
isu-9873179830346843,Incorrect Logic Update,35,2022-02-11,2021-11-streaming#h-08,https://code4rena.com/reports/2021-11-streaming#h-08-tstokens-sometimes-calculated-incorrectly,Inconsistent-State-Update-Vulnerabilities/Classification-by-Root-Causes/Incorrect Logic Update/README.md,f7227b642162fa60844f9425d4d9290a0057071bb59b87979480c1b232c0a720,ts.tokens == 0 causes ts.lastUpdate to remain unupdated.,"Ts.token was miscalculated, resulting in the extraction of more tokens than it should have been.",Update ts.lastUpdate even when ts.tokens is zero.,,,,,,
isu-99d4c25ac922028c,Dynamic Dependent Update Omission,28,2023-09-18,2023-05-maia#h-28,https://code4rena.com/reports/2023-05-maia#h-28-removing-a-bribeflywheel-from-a-gauge-does-not-remove-the-reward-asset-from-the-rewards-depo-making-it-impossible-to-add-a-new-flywheel-with-the-same-reward-token,Inconsistent-State-Update-Vulnerabilities/Classification-by-Root-Causes/Dynamic Dependent Update Omission/README.md,63860c8f11e53a82f7dfc53fa3d0fa6c0e4c18ac8bdeb1e022d6efd355cc4954,The reward records for this Flywheel are not removed simultaneously when removing the BribeFlywheel.,It is not possible to add new Flywheel incentives that would affect the protocol functionality.,Remove the reward token assets associated with the Flywheel.,,,,,,
isu-9bb2eb3155febcd7,Dynamic Dependent Update Omission,37,2024-07-25,2024-04-gondi#h-07,https://code4rena.com/reports/2024-04-gondi#h-07-deploywithdrawalqueue-need-to-clear-_queueaccountinglastqueueindex,Inconsistent-State-Update-Vulnerabilities/Classification-by-Root-Causes/Dynamic Dependent Update Omission/README.md,889768f9453a7d60bf724f39d6e1962d1afbe79497c8ca8ab64b031c7a8b1b2c,The data in _queueAccounting[lastQueueIndex] is not cleared when deploying a new withdrawal queue.,queueClaimAll() used outdated data and incorrectly allocated the total amount due.,Clear _queueAccounting[lastQueueIndex] data in deployWithdrawalQueue().,,,,,,
isu-a03c079be75678d0,Dynamic Dependent Update Omission,46,2022-12-13,2022-07-ens#h-02,https://code4rena.com/reports/2022-07-ens#h-02-the-expiry-of-the-parent-node-can-be-smaller-than-the-one-of-a-child-node-violating-the-guarantee-policy,Inconsistent-State-Update-Vulnerabilities/Classification-by-Root-Causes/Dynamic Dependent Update Omission/README.md,af77749c0b1ff6ef5291de51eb473e431dc2155cef3b6fe2771018fad1ea567e,Child node states are not considered when unwrapping the parent node.,"When unblocking child nodes, the original expiration time management mechanism was disrupted.",Add proper constraints when setting child node expiration times and destroy the parent node's CANNOT_UNWRAP permission.,,,,,,
isu-a27f2f1d35d4f56d,Dynamic Dependent Update Omission,34,2024-06-25,2024-03-dittoeth#h-07,https://code4rena.com/reports/2024-03-dittoeth#h-07-valid-redemption-proposals-can-be-disputed-by-decreasing-collateral,Inconsistent-State-Update-Vulnerabilities/Classification-by-Root-Causes/Dynamic Dependent Update Omission/README.md,0a066a73b9d8740fe61decf73a255fa174f0c524b5eb8ef9b6a5055c39d97f09,updatedAt is not updated when creating proposals.,"The collateral ratio was calculated incorrectly and was lower than that recorded in other valid redemption proposals, thus successfully initiating an invalid dispute and obtaining penalty fees.",Update updatedAt in the decreaseCollateral() function.,,,,,,
isu-a346e0579cc411b2,Incorrect Logic Update,34,2021-09-17,2021-08-yield#h-02,https://code4rena.com/reports/2021-08-yield#h-02-erc20rewards-returns-wrong-rewards-if-no-tokens-initially-exist,Inconsistent-State-Update-Vulnerabilities/Classification-by-Root-Causes/Incorrect Logic Update/README.md,d473f82fb5a20a54f31026f8f34d8b53e291c412c6fed8ca9b784a9dc84466e2,The _updateRewardsPerToken function early returns when totalSupply is zero.,"When minting for the first time, the user mistakenly received all the rewards from the previous reward period.",Update lastUpdated even when totalSupply is zero.,,,,,,
isu-a36b810e7be9bc36,Dynamic Dependent Update Omission,4,2022-01-26,2021-09-defiprotocol#h-02,https://code4rena.com/reports/2021-09-defiprotocol#h-02-basketsolauctionburn-a-failed-auction-will-freeze-part-of-the-funds,Inconsistent-State-Update-Vulnerabilities/Classification-by-Root-Causes/Dynamic Dependent Update Omission/README.md,994f41457e58b71da1448836b63bdd699633a8c84ad286003437f2b2096b265c,The auctionBurn function does not update ibRatio when burning auction bonds.,"The calculation of total supply was incorrect, resulting in some assets being frozen.",Update ibRatio based on the withdrawn amount in the auctionBurn function.,,,,,,
isu-a4f232f8e3995505,Incorrect Logic Update,37,2022-12-22,2022-10-traderjoe#h-05,https://code4rena.com/reports/2022-10-traderjoe#h-05-attacker-can-steal-entire-reserves-by-abusing-fee-calculation,Inconsistent-State-Update-Vulnerabilities/Classification-by-Root-Causes/Incorrect Logic Update/README.md,67a851b4241074e5e090b3a0354332813e38099b8b45e783520265ebefbf7bd7,Exception handling for the zero address (address(0)) and the contract's own address (address(this)) skips _cacheFees updates for these addresses.,Exploiting faulty accounting logic to bypass proper fee accumulation when collectFees() is called and steal reserve assets.,Modify the skip conditions and add overflow checks.,,,,,,
isu-a5b45354645d49e9,Dynamic Dependent Update Omission,19,2023-04-27,2022-11-paraspace#h-01,https://code4rena.com/reports/2022-11-paraspace#h-01-data-corruption-in-nftfloororacle-denial-of-service,Inconsistent-State-Update-Vulnerabilities/Classification-by-Root-Causes/Dynamic Dependent Update Omission/README.md,d644f662a6b2811d3f817dffe6652c496bb85cb3d6186143ac208d593bb8741b,The index in feederPositionMap is not updated when removing oracle addresses.,A calculation error caused an out-of-bounds access error when deleting the feeder.,Synchronize updates to oracle indexes moved to new positions in feederPositionMap during deletion.,,,,,,
isu-a81e34895c47243a,Incorrect Logic Update,17,2024-09-13,2024-07-traitforge#h-04,https://code4rena.com/reports/2024-07-traitforge#h-04-number-of-entities-in-generation-can-surpass-the-10k-number,Inconsistent-State-Update-Vulnerabilities/Classification-by-Root-Causes/Incorrect Logic Update/README.md,a97d15c0bb45d43ffee2edce5ab121f4f1de14188344eaf8c4ac8d075192063e,"During generation switching, the current generation's counter genMintCount is reset, failing to accurately record the true minting quantity of the previous generation when the next generation begins.",The number of new generations of entities was calculated incorrectly and allowed infinite generations of entities to be created.,Remove the operation that resets genMintCount.,,,,,,
isu-a93c6b77cc1d4f75,Dynamic Dependent Update Omission,2,2021-09-15,2021-07-pooltogether#h-03,https://code4rena.com/reports/2021-07-pooltogether#h-03-setyieldsource-leads-to-temporary-wrong-results,Inconsistent-State-Update-Vulnerabilities/Classification-by-Root-Causes/Dynamic Dependent Update Omission/README.md,32f774336baa844d8137089b0367cc557ff97f06fb78ba43f009c72b4dc56ee4,Token balances are not promptly updated when the contract switches revenue sources.,"The calculation of balance and shares is incorrect, resulting in users receiving undeserved shares.","Remove calls to the external functions transferFunds and setYieldSource, and restrict swapYieldSource to owner-only access.",,,,,,
isu-afed826cfb09b1d0,Dynamic Dependent Update Omission,7,2022-02-09,2021-12-mellow#h-04,https://code4rena.com/reports/2021-12-mellow#h-04-aavevault-does-not-update-tvl-on-depositwithdraw,Inconsistent-State-Update-Vulnerabilities/Classification-by-Root-Causes/Dynamic Dependent Update Omission/README.md,0ac65f1b5973bc163c2cc7659e0cf736308fef0267967a0c11eeb8edd0ff163d,The total value locked (TVL) is not promptly updated when users deposit or withdraw.,Wrong token share calculated using outdated TVL.,"First update the TVL, then proceed with other operations when depositing or withdrawing tokens.",,,,,,
isu-b293708ac8e38fa3,Initialization _ Re-initialization Omission,1,2023-02-07,2022-11-debtdao#h-05,https://code4rena.com/reports/2022-11-debtdao#h-05-borrower-can-craft-a-borrow-that-cannot-be-liquidated-even-by-arbiter-,Inconsistent-State-Update-Vulnerabilities/Classification-by-Root-Causes/Initialization _ Re-initialization Omission/README.md,acae2196a0292df92cf300b135f67322cb86fc37ea35a1f2a4334e2aff1e167b,The ids[] array is not reordered to place new loans at the ids[0] position.,Errors in recording new loans enabled borrowers to create loans that could not be liquidated.,Reorder the ids array to update the new loan entry to ids[0].,,,,,,
isu-b544ae99b1509882,Incorrect Logic Update,18,2024-10-07,2024-08-phi#h-04,https://code4rena.com/reports/2024-08-phi#h-04-forced-endtime-extension-in-updateartsettings-allows-attacker-to-mint-more-tokens,Inconsistent-State-Update-Vulnerabilities/Classification-by-Root-Causes/Incorrect Logic Update/README.md,4f42e3a7ef679410d172f5b4215b513c5689b4ff6e57dab91a162e600554386b,The endTime is incorrectly updated to block.timestamp in updateArtSettings().,The attacker exploited the extended endTime to repeat the transaction and mint additional tokens.,"Separate the update logic for ""uri"", ""soulBounded"", and ""royalty"" config. Additionally, change the "">"" to "">="" in the time validation condition.",,,,,,
isu-b681cc0782ab7098,Dynamic Dependent Update Omission,48,2022-11-17,2022-09-party#h-05,https://code4rena.com/reports/2022-09-party#h-05-arbitrarycallsproposalsol-and-listonopenseaproposalsol-safeguards-can-be-bypassed-by-cancelling-in-progress-proposal-allowing-the-majority-to-steal-nft,Inconsistent-State-Update-Vulnerabilities/Classification-by-Root-Causes/Dynamic Dependent Update Omission/README.md,60227750383b3ab23e9ff53ef336933439f93f132a680a1c4e72943e4bc1c2c4,The NFT approval is not revoked.,"The attacker cancels the proposal in progress, thereby bypassing the protection measures and stealing the NFT.",Clear the authorization after the proposal is canceled.,,,,,,
isu-b7d3203547e02ba9,Dynamic Dependent Update Omission,12,2023-02-17,2022-12-tigris#h-01,https://code4rena.com/reports/2022-12-tigris#h-01-locksol-assets-deposited-with-lockextendlock-function-are-lost,Inconsistent-State-Update-Vulnerabilities/Classification-by-Root-Causes/Dynamic Dependent Update Omission/README.md,c14e1cba214a8c3d17d56a241a9f801a47758cd6dfbb84f833f9404dbc913495,The Lock.extendLock function increases the locked amount but does not update the total locked amount.,An accounting error resulted in the inability to release locked assets added through the extendLock() function in the future.,Update totalLocked[_asset] in Lock.extendLock.,,,,,,
isu-bd1cee16e89b05be,Dynamic Dependent Update Omission,24,2023-08-01,2023-03-polynomial#h-05,https://code4rena.com/reports/2023-03-polynomial#h-05-uneven-deduction-of-performance-fee-causes-some-kangaroovault-users-to-lose-part-of-their-token-value,Inconsistent-State-Update-Vulnerabilities/Classification-by-Root-Causes/Dynamic Dependent Update Omission/README.md,793cbe37a204b744ccd0e3880dd36aadb23d5574cfa8426ba185e243369785c5,The performance fee is not deducted during liquidation.,"The fees deducted when closing a position were not distributed correctly, causing users to lose part of the token value when withdrawing.",Deduct performanceFee from premiumCollected in getTokenPrice().,,,,,,
isu-bed3fb17def1a543,Incorrect Logic Update,9,2023-04-18,2022-12-tessera#h-03,https://code4rena.com/reports/2022-12-tessera#h-03-groupbuy_verifyunsuccessfulstate-and-_verifysuccessfulstate-both-can-return-true-when-blocktimestamp--poolterminationperiod,Inconsistent-State-Update-Vulnerabilities/Classification-by-Root-Causes/Incorrect Logic Update/README.md,c53700058254f32ccc9dc90bc6e4f45e3a6add7e51861bcb51ce23045a6d3f6a,Both _verifyUnsuccessfulState() and _verifySuccessfulState() functions return true for the terminationPeriod timestamp.,The attacker stole funds by repeatedly claiming already refunded funds.,"Change the time comparison condition in the _verifySuccessfulState() function from ""<"" to ""<="".",,,,,,
isu-c2b72eea7d3386af,Dynamic Dependent Update Omission,14,2023-01-18,2022-02-anchor#h-01,https://code4rena.com/reports/2022-02-anchor#h-01-spend-limit-on-owner-can-be-bypassed,Inconsistent-State-Update-Vulnerabilities/Classification-by-Root-Causes/Dynamic Dependent Update Omission/README.md,c57e1ed22c53665741f1deda7892e0efd7906dab72c18ad5695d3885b1f61995,The spend_limit is not decremented based on spent amounts.,"config.spend_limit was not reduced after each spend, causing all subsequent spends to bypass the limit and the attacker could call the spend function multiple times.","After the spending operation is successful, reduce the value of config.spend_limit accordingly.",,,,,,
isu-c861ec930b030c28,Incorrect Logic Update,2,2021-11-23,2021-10-mochi#h-11,https://code4rena.com/reports/2021-10-mochi#h-11-treasuryshare-is-overwritten-in-feepoolv0_sharemochi,Inconsistent-State-Update-Vulnerabilities/Classification-by-Root-Causes/Incorrect Logic Update/README.md,5a2e95e11c66761098a584e527c69c16ba7d1ef8f6477f6bfb652239948831f9,The _shareMochi() function incorrectly resets treasuryShare.,VeCRV holders can receive tokens that should have been allocated to treasure multiple times.,Remove the operation that resets treasuryShare.,,,,,,
isu-c8e0f60aa46e48a0,Variable Omission,2,2023-01-31,2022-12-backed#h-01,https://code4rena.com/reports/2022-12-backed#h-01-borrowers-may-earn-auction-proceeds-without-filling-the-debt-shortfall,Inconsistent-State-Update-Vulnerabilities/Classification-by-Root-Causes/Variable Omission/README.md,2624ed33c03d3254e080f5a2489fd15d6aedbcf47054b4fbad6cde0aebb172e3,The variable for accumulating and storing the remaining debt after each auction is lacking.,"The debt was not properly liquidated, resulting in the auction proceeds going directly to the borrower.",Increase the record of the debt gap through the newly added _shortfall variable.,,,,,,
isu-ca5f6661a91a0ea5,Dynamic Dependent Update Omission,38,2024-07-25,2024-04-gondi#h-06,https://code4rena.com/reports/2024-04-gondi#h-06-function-settlewithbuyout-does-not-call-loanmanagerloanliquidation-during-a-buyout,Inconsistent-State-Update-Vulnerabilities/Classification-by-Root-Causes/Dynamic Dependent Update Omission/README.md,e445ee2c07d3d534c55f33af39f8c68739e948260bd599dd9c50560ee9e74422,The loan pool accounting records are not updated when lenders buy out loans via the settleWithBuyout() function.,"The accounting in the pool was not handled correctly, which affected the balance and profit distribution in the pool.",Call loanLiquidation() within settleWithBuyout() to ensure accounting data updates.,,,,,,
isu-d40734add7641db5,Dynamic Dependent Update Omission,49,2023-04-05,2022-07-golom#h-04,https://code4rena.com/reports/2022-07-golom#h-04-old-delegatee-not-deleted-when-delegating-to-new-tokenid,Inconsistent-State-Update-Vulnerabilities/Classification-by-Root-Causes/Dynamic Dependent Update Omission/README.md,617968ce71be90a744b70bae904679d166286988b79ea613f5b4e6e624b67410,The old delegatee is not removed.,"The old delegators were not deleted, resulting in the same user being able to double-count voting rights by delegating the same token multiple times.",remove the user's old delegation before executing a new operation.,,,,,,
isu-d82a8ede733c07e2,Dynamic Dependent Update Omission,8,2023-03-07,2021-12-amun#h-01,https://code4rena.com/reports/2021-12-amun#h-01-unused-erc20-tokens-are-not-refunded-and-can-be-stolen-by-attacker,Inconsistent-State-Update-Vulnerabilities/Classification-by-Root-Causes/Dynamic Dependent Update Omission/README.md,f6ea532c9929ecf0f9e09646a5da934384a56d4040d2185cdd2c456ff8ebfc45,The remaining tokens are not refunded.,Incorrect calculation and refund of remaining underlying tokens.,"Calculate and trade only the required token amount, then refund any remaining tokens to the user after the transaction.",,,,,,
isu-da726f3c7052bc2d,Dynamic Dependent Update Omission,33,2024-04-19,2024-03-gitcoin#h-01,https://code4rena.com/reports/2024-03-gitcoin#h-01-usertotalstaked-invariant-will-be-broken-due-to-vulnerable-implementations-in-release,Inconsistent-State-Update-Vulnerabilities/Classification-by-Root-Causes/Dynamic Dependent Update Omission/README.md,8bd039fa4dd787862a288f6fe154874ce57d5575fcac1229877f6a61535b7762,userTotalStaked is not updated when releasing funds.,"The actual pledge amount does not match userTotalStaked, thus miscalculating the withdrawn funds at the time of withdrawal.",Update the userTotalStaked in release().,,,,,,
isu-dbd7bec2a34c98ec,Dynamic Dependent Update Omission,5,2021-11-23,2021-10-mochi#h-06,https://code4rena.com/reports/2021-10-mochi#h-06-referrer-can-drain-referralfeepoolv0,Inconsistent-State-Update-Vulnerabilities/Classification-by-Root-Causes/Dynamic Dependent Update Omission/README.md,9f0221e17d0e6e7bea20b850bc549653513c3cdd1fa7d37db63ca58298c3470e,The claimRewardAsMochi function does not reduce the user's reward balance.,The referrer can repeatedly claim the same reward until the fee pool is exhausted.,Decrement the user's reward balance in the claimRewardAsMochi function.,,,,,,
isu-dddbc27879224819,Variable Omission,9,2024-06-24,2024-05-bakerfi#h-04,https://code4rena.com/reports/2024-05-bakerfi#h-04-multiple-swap-lack-slippage-protection,Inconsistent-State-Update-Vulnerabilities/Classification-by-Root-Causes/Variable Omission/README.md,500a789ffc268ac8bb2d32503e25ef290a7b0158564cf875ccd26c58a9f7ccf0,"The ""amountOutMinimum"" parameter is missing for slippage protection.","The attacker can manipulate the transaction price through a front-running attack, causing the output amount of the swap to be lower than expected.",Pass the correct amountOutMinimum value.,,,,,,
isu-e419c46c714b5de0,Incorrect Logic Update,6,2023-04-05,2022-07-golom#h-10,https://code4rena.com/reports/2022-07-golom#h-10-upon-changing-of-delegate-votedelegation-updates-both-the-previous-and-the-current-checkpoint,Inconsistent-State-Update-Vulnerabilities/Classification-by-Root-Causes/Incorrect Logic Update/README.md,6601f57d5584cf5e24b5687b938775c899edbd97bc03aca0eafb7fdd76b2de5c,"When updating the voting proxy, both the old and new checkpoints were updated, causing the previous checkpoint to erroneously include the latest changes.",Incorrect vote counting affects the integrity of the voting system.,"Modify the ""storage checkpoint"" to ""memory checkpoint"" in both the delegate() and removeDelegation() functions.",,,,,,
isu-e6225382384fe664,Dynamic Dependent Update Omission,20,2023-05-22,2023-01-astaria#h-17,https://code4rena.com/reports/2023-01-astaria#h-17-function-processepoch-in-publicvault-would-revert-when-most-of-the-users-withdraw-their-funds-because-of-the-underflow-for-new-yintercept-calculation,Inconsistent-State-Update-Vulnerabilities/Classification-by-Root-Causes/Dynamic Dependent Update Omission/README.md,86f35645a1f2c8099fc0bfb7e53b67a55bda5d634000d29657130077aa7b1162,The latest interest is not counted into the total assets.,The next cycle cannot be started correctly and users' funds cannot be withdrawn.,Call accrue() at the beginning of processEpoch() to account for the latest interest.,,,,,,
isu-e7bbd2d210067dcd,Initialization _ Re-initialization Omission,2,2023-10-11,2023-08-verwa#h-03,https://code4rena.com/reports/2023-08-verwa#h-03-when-adding-a-gauge-its-initial-value-has-to-be-set-by-an-admin-or-all-voting-power-towards-it-will-be-lost,Inconsistent-State-Update-Vulnerabilities/Classification-by-Root-Causes/Initialization _ Re-initialization Omission/README.md,892e9ced91d4cb5eb5d5bfc4a09b3d5442a96aec6bc32e165b241da0282c72a3,The add_gauge() function does not initialize the time_weight value when adding a new gauge.,Initial weights that are not set correctly can result in incorrect calculation of voting rights associated with gauges.,"Call change_gauge_weight() when adding a gauge, setting its initial weight to 0.",,,,,,
isu-e9b6781be5ff75b5,Dynamic Dependent Update Omission,27,2023-08-07,2023-05-particle#h-02,https://code4rena.com/reports/2023-05-particle#h-02-treasury-fee-is-not-collected-in-withdrawethwithinterest,Inconsistent-State-Update-Vulnerabilities/Classification-by-Root-Causes/Dynamic Dependent Update Omission/README.md,84648eb43f64c5cf3ea19d6f7fb8cb51b3d6ff77d158e965b4ee02e8b9a97d92,The treasury fee is not deducted from the interest paid to lenders.,"The treasury fees receivable were not deducted from the interest due to the lenders, resulting in the loss of these fees.",Accrue the earned interest to the interestAccrued mapping.,,,,,,
isu-eb587e226bbc8d94,Initialization _ Re-initialization Omission,5,2024-04-19,2024-01-salty#h-02,https://code4rena.com/reports/2024-01-salty#h-02-first-liquidity-provider-can-claim-all-initial-pool-rewards,Inconsistent-State-Update-Vulnerabilities/Classification-by-Root-Causes/Initialization _ Re-initialization Omission/README.md,d9e70d27740c4a3b85e9916bbf2c5f0cc9a6b2198761a66a88f934c92165d175,The virtualRewards is not initialized when liquidity is first provided to the protocol.,Ability to incorrectly claim all rewards in the pool due to lack of virtual reward deductions.,Call performUpkeep() before the initial distribution of the contract to achieve initialization.,,,,,,
isu-eca0ea552ad071da,Initialization _ Re-initialization Omission,4,2024-02-22,2023-12-ethereumcreditguild#h-01,https://code4rena.com/reports/2023-12-ethereumcreditguild#h-01-the-usergaugeprofitindex-is-not-set-correctly-allowing-an-attacker-to-receive-rewards-without-waiting,Inconsistent-State-Update-Vulnerabilities/Classification-by-Root-Causes/Initialization _ Re-initialization Omission/README.md,e7fbdb879c423bac436b547db80d281ce46a101fd4d0ee8342dd7b685ee449c9,The user's userGaugeProfitIndex is not properly initialized during the first call to claimGaugeRewards().,Subsequent bias in the calculation of rewards allows the attacker to be rewarded directly.,"Check if userGaugeProfitIndex is 0, and if so, set it to the current gaugeProfitIndex.",,,,,,
isu-ecf9619f09fc2036,Initialization _ Re-initialization Omission,3,2023-11-29,2023-09-venus#h-01,https://code4rena.com/reports/2023-09-venus#h-01-primesol---user-can-claim-prime-token-without-having-any-staked-xvs-because-his-stakedat-isnt-reset-whenever-he-is-issued-an-irrevocable-token,Inconsistent-State-Update-Vulnerabilities/Classification-by-Root-Causes/Initialization _ Re-initialization Omission/README.md,77f90fe7356bc1849b3121664e2fa3a0c76d8a490e01ded6f8bacd07ae2d6935,The stakedAt timestamp is not reinitialized when a user obtains non-revocable Prime tokens.,Users repeatedly claim Prime token without pledging XVS.,Reinitialize the stakedAt timestamp when issuing non-revocable Prime tokens.,,,,,,
isu-ed3f20846f5d653b,Incorrect Logic Update,4,2022-07-18,2022-04-abranft#h-03,https://code4rena.com/reports/2022-04-abranft#h-03-critical-oracle-manipulation-risk-by-lender,Inconsistent-State-Update-Vulnerabilities/Classification-by-Root-Causes/Incorrect Logic Update/README.md,36504083b6ebfc8278daa1a0c611cbdbf1c4b45573de5dfd868c25c00d924131,Lenders can replace the Oracle after loan approval.,"After the loan is issued, the attacker uses the updateLoanParams() function to maliciously replace the oracle.",Add validation for params.oracle == cur.oracle in the checks.,,,,,,
isu-eede234fdc432adf,Incorrect Logic Update,28,2023-06-23,2023-04-party#h-07,https://code4rena.com/reports/2023-04-party#h-07-initialethcrowdfund--reraiseethcrowdfund-batchcontributefor-function-may-not-refund-eth-which-leads-to-loss-of-funds,Inconsistent-State-Update-Vulnerabilities/Classification-by-Root-Causes/Incorrect Logic Update/README.md,0150762dddeb7a3590631c4e2e802987947f14eebd2eb4159089d3b8f8b9ec08,Decrement the ethAvailable before each contributeFor() call.,"When a contribution fails, the remaining ETH is not correctly calculated and refunded to the user, resulting in the user losing funds.",Move the ethAvailable decrement operation after the contributeFor() call.,,,,,,
isu-f1ac2ad156241780,Dynamic Dependent Update Omission,3,2021-11-30,2021-09-sushitrident-2#h-03,https://code4rena.com/reports/2021-09-sushitrident-2#h-03-concentratedliquiditypoolmanagers-incentives-can-be-stolen,Inconsistent-State-Update-Vulnerabilities/Classification-by-Root-Causes/Dynamic Dependent Update Omission/README.md,05e45aaa009ee50c61aaae95061c32d81178fb4d7ff5686e38f78349173d9ca6,The reclaimIncentive function does not decrement the incentive.rewardsUnclaimed field.,The attacker repeatedly called the recaaimIncentive function to steal all tokens in the incentive pool.,Decrement the incentive.rewardsUnclaimed field by the withdrawn amount.,,,,,,
isu-f1fe35637a0d3f8e,Initialization _ Re-initialization Omission,8,2024-08-16,2024-07-munchables#h-05,https://code4rena.com/reports/2024-07-munchables#h-05-failure-to-update-dirty-flag-in-transfertounoccupiedplot-prevents-reward-accumulation-on-valid-plot,Inconsistent-State-Update-Vulnerabilities/Classification-by-Root-Causes/Initialization _ Re-initialization Omission/README.md,f975fa5ce1277dcec7eb6ae5a0d29212ba78379869e808ad2b88251fbdd566eb,"When the token is transferred from an invalid plot to a valid one, the user's ""dirty"" flag is not reinitialized.",Reward calculation was skipped by mistake.,"Set the ""dirty"" flag when the user successfully transfers to a valid plot.",,,,,,
isu-f352a265e8532ba2,Variable Omission,3,2023-04-11,2023-03-neotokyo#h-01,https://code4rena.com/reports/2023-03-neotokyo#h-01-updating-a-pools-total-points-doesnt-affect-existing-stake-positions-for-rewards-calculation,Inconsistent-State-Update-Vulnerabilities/Classification-by-Root-Causes/Variable Omission/README.md,63687e3458b13701a8530d9f0cff0a0436043db2c835a937171ea334c03c5f6a,There is a lack of variables for tracking the reward distribution of each point.,"The reward calculation did not correctly reflect the changes in the total points of the pool, affecting the user's rewards.",Introduce the rewardPerTokenStored variable to track the reward distribution for each point.,,,,,,
isu-f7386becee7ae490,Dynamic Dependent Update Omission,25,2023-08-01,2023-03-polynomial#h-04,https://code4rena.com/reports/2023-03-polynomial#h-04-kangaroovaultremovecollateral-updates-storage-without-actually-removing-collateral-resulting-in-lost-collateral,Inconsistent-State-Update-Vulnerabilities/Classification-by-Root-Causes/Dynamic Dependent Update Omission/README.md,80763a06a17df3e994ba84d76fe30efdc84593155b4910b226efb111faf7673e,Collateral data is marked as removed on-chain but not actually withdrawn.,"The amount of collateral is reduced in storage but not deducted from the transaction, resulting in the loss of collateral.",Call removeCollateral() to withdraw collateral while updating usedFunds.,,,,,,
isu-fbf2b10a648eab46,Dynamic Dependent Update Omission,42,2021-08-30,2021-05-visorfinance#h-02,https://code4rena.com/reports/2021-05-visorfinance#h-02-nft-transfer-approvals-are-not-removed-and-cannot-be-revoked-thus-leading-to-loss-of-nft-tokens,Inconsistent-State-Update-Vulnerabilities/Classification-by-Root-Causes/Dynamic Dependent Update Omission/README.md,7c223a4e07142597eb2a2b6da501626cfea9b57f5da826ed271f181d72ba766c,The granted NFT transaction authorization is not revoked.,"The authorization has not been revoked, and the authorized person can transfer NFTs repeatedly.",Modify the status variables that control the granting or revocation of permissions.,,,,,,
isu-fd0d74c979018cd3,Incorrect Logic Update,19,2024-10-18,2024-08-superposition#h-01,https://code4rena.com/reports/2024-08-superposition#h-01-update_emergency_council_7_d_0_c_1_c_58-updates-nft-manager-instead-of-emergency-council,Inconsistent-State-Update-Vulnerabilities/Classification-by-Root-Causes/Incorrect Logic Update/README.md,77b523f3615d51d8fd6c33b7bc6074c2c048d314c80bd3255f4b0426e2097cc8,"The update_emergency_council_7_D_0_C_1_C_58() function fails to correctly update the target state (i.e., the emergency_council address) and instead erroneously modifies another administrative role, nft_manager.",An incorrect update to nft_manager caused emergency management to not work properly.,Update the emergency_council address.,,,,,,
isu-fd0e69f56642d218,Dynamic Dependent Update Omission,52,2024-06-17,2024-04-dyad#h-01,https://code4rena.com/reports/2024-04-dyad#h-01-design-flaw-and-mismanagement-in-vault-licensing-leads-to-double-counting-in-collateral-ratios-and-positions-collateralized-entirely-with-kerosine,Inconsistent-State-Update-Vulnerabilities/Classification-by-Root-Causes/Dynamic Dependent Update Omission/README.md,3543edf0a598ab032c84473b0a301cc28ff40a807cbc08ab09c85010e49638db,The keroseneVault is not authorized to the KerosineManager.,"The attacker registers the same asset to both management systems at the same time, causing the asset to be counted twice.","Manage keroseneVault and regular vault in separate mappings, used for price calculation and authorization management respectively.",,,,,,
