source_id,repository,requested_revision,checkout_revision,git_tree,source_path,status,submodule_status,error,acquisition_repository,acquisition_method
2952c8154a7befc068f5,https://github.com/code-423n4/2021-04-marginswap.git,412d4ff61c9dfedb2f7d2fe957d911f7dc4ccfcb,412d4ff61c9dfedb2f7d2fe957d911f7dc4ccfcb,5131c89be08e1e24d21576a2013dd8f71c159c63,benchmarks/isu/sources/2952c8154a7befc068f5,ACQUIRED,SUCCESS,,,
3dc3386f4227b509becb,https://github.com/sushiswap/trident.git,c405f3402a1ed336244053f8186742d2da5975e9,c405f3402a1ed336244053f8186742d2da5975e9,c2305bfb496d2f40ee13e239a1ade39712782aac,benchmarks/isu/sources/3dc3386f4227b509becb,ACQUIRED,SUCCESS,,,
496a067d0cf9ec7a97f3,https://github.com/code-423n4/2021-05-visorfinance.git,dda9be0bcbf4b2c549608405ccdf9469bc2cbaf1,dda9be0bcbf4b2c549608405ccdf9469bc2cbaf1,afb3e1ff19f862edee8bd5f5b1722d07effe820d,benchmarks/isu/sources/496a067d0cf9ec7a97f3,ACQUIRED,SUCCESS,,,
85eb869c97005c328767,https://github.com/code-423n4/2021-12-mellow.git,53d73a8bcb9e9853b59973bb47c009431909a812,53d73a8bcb9e9853b59973bb47c009431909a812,2ee2b8d8bc091ba52b1e0f7dac8fe919d942adcb,benchmarks/isu/sources/85eb869c97005c328767,ACQUIRED,SUCCESS,,,
8d760c6fa69de52797f1,https://github.com/code-423n4/2021-07-wildcredit.git,82c48d73fd27a9d4d5d4a395b3affcef4ef6c5c8,82c48d73fd27a9d4d5d4a395b3affcef4ef6c5c8,42bf7c8b6b917320a71ef016be1cde1dd2ef65e1,benchmarks/isu/sources/8d760c6fa69de52797f1,ACQUIRED,SUCCESS,,,
9846cf86134caae7799e,https://github.com/pooltogether/pooltogether-pool-contracts.git,cbec82befa502500c63b59a9d0dabd678d3dd508,cbec82befa502500c63b59a9d0dabd678d3dd508,0af82737ee370e977f6e161a4860062290257e0c,benchmarks/isu/sources/9846cf86134caae7799e,ACQUIRED,SUCCESS,,,
ac67415d04325a4657e0,https://github.com/code-423n4/2023-03-neotokyo.git,8349427f4346ade378dcacd4c131b9cfa7eadaf7,8349427f4346ade378dcacd4c131b9cfa7eadaf7,ddce852752e133149768d940e1659e0ca162f344,benchmarks/isu/sources/ac67415d04325a4657e0,ACQUIRED,SUCCESS,,,
e31b806756023cb9c5e9,https://github.com/code-423n4/2021-11-unlock.git,84086b6486d9691e3f5e1ac696c794eea610c814,84086b6486d9691e3f5e1ac696c794eea610c814,ac48248a8ae6a29ccc7a378eedbc6bcabd55852c,benchmarks/isu/sources/e31b806756023cb9c5e9,ACQUIRED,SUCCESS,,,
05442cbaf1d69b91d5a4,https://github.com/code-423n4/2024-08-phi.git,8c0985f7a10b231f916a51af5d506dd6b0c54120,8c0985f7a10b231f916a51af5d506dd6b0c54120,774e17458761d241a80587a74e30f11b6f04a743,benchmarks/isu/sources/05442cbaf1d69b91d5a4,ACQUIRED,SUCCESS,,,
0768d1b9d8fc9c9d850f,https://github.com/strateg-protocol/strateg-protocol-core.git,3705996c0791bf6ad58003fb19070ccafcf78c6b,,,benchmarks/isu/sources/0768d1b9d8fc9c9d850f,ACQUISITION_FAILURE,NOT_RUN,RuntimeError: command failed (128): git fetch --depth 1 origin 3705996c0791bf6ad58003fb19070ccafcf78c6b,,
0f62f3405b0b361b18a8,https://github.com/code-423n4/2021-11-streaming.git,56d81204a00fc949d29ddd277169690318b36821,56d81204a00fc949d29ddd277169690318b36821,f3ad682fd73d066caf6950c22a5d46034181ea3c,benchmarks/isu/sources/0f62f3405b0b361b18a8,ACQUIRED,SUCCESS,,,
1218dd25f99c8259083b,https://github.com/code-423n4/2023-04-party.git,440aafacb0f15d037594cebc85fd471729bcb6d9,440aafacb0f15d037594cebc85fd471729bcb6d9,88f39de50ad56cf759d09081ef8e69b49dce1722,benchmarks/isu/sources/1218dd25f99c8259083b,ACQUIRED,SUCCESS,,,
17ed21b4712c0b20cc36,https://github.com/code-423n4/2023-01-astaria.git,1bfc58b42109b839528ab1c21dc9803d663df898,1bfc58b42109b839528ab1c21dc9803d663df898,9d2752f9fb2f7dec4fde6ca01798dbeafa247f1b,benchmarks/isu/sources/17ed21b4712c0b20cc36,ACQUIRED,FAILURE_EXIT_1,,,
190ff08406165ccf2990,https://github.com/rabbitholegg/quest-protocol.git,8c4c1f71221570b14a0479c216583342bd652d8d,8c4c1f71221570b14a0479c216583342bd652d8d,f223a9400a6743c7407c526e3dbaeabe6cb2014a,benchmarks/isu/sources/190ff08406165ccf2990,ACQUIRED,SUCCESS,,,
1b233c341aae1c1a120e,https://github.com/strateg-protocol/strateg-protocol-core.git,325a2cca5bca189e194f48cfe561b0ed16fad527,,,benchmarks/isu/sources/1b233c341aae1c1a120e,ACQUISITION_FAILURE,NOT_RUN,RuntimeError: command failed (128): git fetch --depth 1 origin 325a2cca5bca189e194f48cfe561b0ed16fad527,,
2112b446760a0ffed350,https://github.com/code-423n4/2024-08-superposition.git,d913ae0225584b4b42e38518788a7e38cd2f4d53,d913ae0225584b4b42e38518788a7e38cd2f4d53,cdb085874e96d2142146a29ac693d9b511404fe2,benchmarks/isu/sources/2112b446760a0ffed350,ACQUIRED,SUCCESS,,,
259153db5bcad1231d62,https://github.com/code-423n4/2024-07-optimism.git,70556044e5e080930f686c4e5acde420104bb2c4,70556044e5e080930f686c4e5acde420104bb2c4,624cdd91d951d41c54f7c6de071049e9152144a7,benchmarks/isu/sources/259153db5bcad1231d62,ACQUIRED,SUCCESS,,,
27d99ecc930a40c3f443,https://github.com/code-423n4/2021-12-vader.git,842662a9837929f160c7a1f5a2e4a7c03e715e1b,842662a9837929f160c7a1f5a2e4a7c03e715e1b,bc4fa1859a9d6559ea39927e2495bad81b24221a,benchmarks/isu/sources/27d99ecc930a40c3f443,ACQUIRED,SUCCESS,,,
289230e8a49b17b81b97,https://github.com/re-nft/smart-contracts.git,3ddd32455a849c3c6dc3c3aad7a33a6c9b44c291,3ddd32455a849c3c6dc3c3aad7a33a6c9b44c291,e25d8c544d3bc6249d0f63ebbd8ded35b2b83b91,benchmarks/isu/sources/289230e8a49b17b81b97,ACQUIRED,SUCCESS,,,
28f44f959080974f24f7,https://github.com/k06a/Unipool.git,bb1843b454bbb10b3b1ccf48edf5e72a80b2acfe,bb1843b454bbb10b3b1ccf48edf5e72a80b2acfe,388df596a261ead46b489459f9c718904ec610e7,benchmarks/isu/sources/28f44f959080974f24f7,ACQUIRED,SUCCESS,,,
29a26915e78db1075e4d,https://github.com/code-423n4/2023-07-basin.git,9403cf973e95ef7219622dbbe2a08396af90b64c,9403cf973e95ef7219622dbbe2a08396af90b64c,5ff4facfe6cb899fccf83205b7f12997d891cd54,benchmarks/isu/sources/29a26915e78db1075e4d,ACQUIRED,SUCCESS,,,
2b7cbf663fc060f42a75,https://github.com/code-423n4/2022-04-backd.git,c856714a50437cb33240a5964b63687c9876275b,c856714a50437cb33240a5964b63687c9876275b,57847c6ac14405117d71c4f81e1fcf02b4772550,benchmarks/isu/sources/2b7cbf663fc060f42a75,ACQUIRED,SUCCESS,,,
33438b4b2584abe90998,https://github.com/code-423n4/2023-12-ethereumcreditguild.git,2376d9af792584e3d15ec9c32578daa33bb56b43,2376d9af792584e3d15ec9c32578daa33bb56b43,ff97d29724fac9c33a6e9ea1f9b3d74f4b34dd09,benchmarks/isu/sources/33438b4b2584abe90998,ACQUIRED,SUCCESS,,,
38004f8839e04e30cd59,https://github.com/code-423n4/2024-04-gondi.git,b9863d73c08fcdd2337dc80a8b5e0917e18b036c,b9863d73c08fcdd2337dc80a8b5e0917e18b036c,98be75fe20440a0d0b612f880308e97fd85c5ef2,benchmarks/isu/sources/38004f8839e04e30cd59,ACQUIRED,SUCCESS,,,
39f49ac45cca3e9c8e51,https://github.com/code-423n4/2023-01-ondo.git,b4e1afc2816e35df66e1f53aef57637350b7ff5e,b4e1afc2816e35df66e1f53aef57637350b7ff5e,33ef607f1cd092f2160553cf67dc91a31ad7bfc8,benchmarks/isu/sources/39f49ac45cca3e9c8e51,ACQUIRED,SUCCESS,,,
3b078676f7225dc450dc,https://github.com/code-423n4/2023-03-mute.git,4d8b13add2907b17ac14627cfa04e0c3cc9a2bed,4d8b13add2907b17ac14627cfa04e0c3cc9a2bed,9c5bdffa898c35b9535c1d3b9def072b96b43c00,benchmarks/isu/sources/3b078676f7225dc450dc,ACQUIRED,SUCCESS,,,
3b40d4c2e2c5c78d66a1,https://github.com/golom-protocol/contracts.git,4e84d5c2115d163ca54a1729da46164e8cf4df6d,4e84d5c2115d163ca54a1729da46164e8cf4df6d,a17fc442cbde2c0282398f15357baf2362495d50,benchmarks/isu/sources/3b40d4c2e2c5c78d66a1,ACQUIRED,SUCCESS,,,
3e4e01feaa76a5bfa74c,https://github.com/code-423n4/2023-01-timeswap.git,ef4c84fb8535aad8abd6b67cc45d994337ec4514,ef4c84fb8535aad8abd6b67cc45d994337ec4514,b3a9a1b47bb3bdb0ca09edb5701d12c6ab68d607,benchmarks/isu/sources/3e4e01feaa76a5bfa74c,ACQUIRED,FAILURE_EXIT_128,,,
4397bb458a04d98ebd0d,https://github.com/code-423n4/2023-12-initcapital.git,a53e401529451b208095b3af11862984d0b32177,a53e401529451b208095b3af11862984d0b32177,f33a6bd6a81b85eeeef34027bffccba7a300d697,benchmarks/isu/sources/4397bb458a04d98ebd0d,ACQUIRED,SUCCESS,,,
45244eb6ad77ecbb8d10,https://github.com/code-423n4/2023-05-maia.git,53b6231f0da68f91cf673ecb34867782e2f633e7,53b6231f0da68f91cf673ecb34867782e2f633e7,a596979684cce01c1b96e8e020b7712a3fe01e2f,benchmarks/isu/sources/45244eb6ad77ecbb8d10,ACQUIRED,SUCCESS,,,
46a990361d607172dbdd,https://github.com/code-423n4/2024-03-gitcoin.git,6529b351cd72a858541f60c52f0e5ad0fb6f1b16,6529b351cd72a858541f60c52f0e5ad0fb6f1b16,12949b3622a6fcdcac581e84f6ef980f33769a98,benchmarks/isu/sources/46a990361d607172dbdd,ACQUIRED,SUCCESS,,,
46b79dfa038bcaea5803,https://github.com/code-423n4/2021-05-visorfinance.git,e0f15162a017130aa66910d46c70ee074b64dd40,e0f15162a017130aa66910d46c70ee074b64dd40,804be94ab78db2ed9335fa953515e2df0bc087ec,benchmarks/isu/sources/46b79dfa038bcaea5803,ACQUIRED,SUCCESS,,,
473151643bd9895c6905,https://github.com/Legion-Team/evm-contracts.git,c020bd1b84faab99d1b8738b48d1e253e4557671,c020bd1b84faab99d1b8738b48d1e253e4557671,47a118159d4bfa7ba8491bde5f6cbcf49b631100,benchmarks/isu/sources/473151643bd9895c6905,ACQUIRED,SUCCESS,,,
4ca8847e64fbb6fb2f6b,https://github.com/code-423n4/2024-01-salty.git,53516c2cdfdfacb662cdea6417c52f23c94d5b5b,53516c2cdfdfacb662cdea6417c52f23c94d5b5b,9f21a820727930922e33157e3a49867f1f436f96,benchmarks/isu/sources/4ca8847e64fbb6fb2f6b,ACQUIRED,SUCCESS,,,
51822de69e2919a4a935,https://github.com/Tapioca-DAO/tapioca-bar-audit.git,2286f80f928f41c8bc189d0657d74ba83286c668,2286f80f928f41c8bc189d0657d74ba83286c668,db05d43300f5d43d728b092c39f0329f9384b338,benchmarks/isu/sources/51822de69e2919a4a935,ACQUIRED_EXACT_MIRROR,SUCCESS_EXACT_MIRRORS,,https://github.com/ShehabKhan96/tapioca-bar-audit.git,exact commit object fetched from public mirror after evidence repository became unavailable; exact gitlink objects fetched from public submodule mirrors
52a7f0b0d3f1a008a383,https://github.com/code-423n4/2023-08-verwa.git,59add54eab86f23b321e1d31eb2c7fb907eeb052,59add54eab86f23b321e1d31eb2c7fb907eeb052,6493eeff0529c3eb68e95fb4bf8cd917472b5a7b,benchmarks/isu/sources/52a7f0b0d3f1a008a383,ACQUIRED,SUCCESS,,,
55e1bbda13af0e5d9ef5,https://github.com/code-423n4/2024-07-benddao.git,117ef61967d4b318fc65170061c9577e674fffa1,117ef61967d4b318fc65170061c9577e674fffa1,21a440996a6c459eb64d40dc5986c6afed85b175,benchmarks/isu/sources/55e1bbda13af0e5d9ef5,ACQUIRED,SUCCESS,,,
57417c735ac666efab33,https://github.com/code-423n4/2024-07-munchables.git,94cf468aaabf526b7a8319f7eba34014ccebe7b9,94cf468aaabf526b7a8319f7eba34014ccebe7b9,a0fe7cc87be7e5357f2ef4357f129a3b752ad521,benchmarks/isu/sources/57417c735ac666efab33,ACQUIRED,SUCCESS,,,
58b3a29bba78928be534,https://github.com/with-backed/papr.git,9528f2711ff0c1522076b9f93fba13f88d5bd5e6,9528f2711ff0c1522076b9f93fba13f88d5bd5e6,07f9dab5bcc14d0321e91c7dd34b12d293264daf,benchmarks/isu/sources/58b3a29bba78928be534,ACQUIRED,FAILURE_EXIT_1,,,
597ae00db4b637e8d8ab,https://github.com/code-423n4/2023-09-venus.git,b11d9ef9db8237678567e66759003138f2368d23,b11d9ef9db8237678567e66759003138f2368d23,4f2cdea52afa7e188afeafca52581b6dde585110,benchmarks/isu/sources/597ae00db4b637e8d8ab,ACQUIRED,SUCCESS,,,
5fcf634788264400193d,https://github.com/code-423n4/2023-05-ajna.git,276942bc2f97488d07b887c8edceaaab7a5c3964,276942bc2f97488d07b887c8edceaaab7a5c3964,38292e601f2351354edc4bbd24962eb4666d87ce,benchmarks/isu/sources/5fcf634788264400193d,ACQUIRED,SUCCESS,,,
66ca3e8adf0343f843ff,https://github.com/pooltogether/swappable-yield-source.git,bf943b3818b81d5f5cb9d8ecc6f13ffecd33a1ff,bf943b3818b81d5f5cb9d8ecc6f13ffecd33a1ff,a5c1620e18e98362d979ae9b9a5338e2a0e1a8b4,benchmarks/isu/sources/66ca3e8adf0343f843ff,ACQUIRED,SUCCESS,,,
6b2be56bd1aa78d5bee3,https://github.com/code-423n4/2024-03-abracadabra-money.git,1f4693fdbf33e9ad28132643e2d6f7635834c6c6,1f4693fdbf33e9ad28132643e2d6f7635834c6c6,2b29567489f39d093131a39c5059c980c7ba799e,benchmarks/isu/sources/6b2be56bd1aa78d5bee3,ACQUIRED,SUCCESS,,,
7243363cfd2599257952,https://github.com/code-423n4/2023-07-axelar.git,1b2d810f90dfe6a964b92e30d3196b64ba569f6a,1b2d810f90dfe6a964b92e30d3196b64ba569f6a,27882f62dad67bab4af8f1258b67d04fda9b487d,benchmarks/isu/sources/7243363cfd2599257952,ACQUIRED,SUCCESS,,,
726f7da124ec405fcefd,https://github.com/code-423n4/2022-10-traderjoe.git,79f25d48b907f9d0379dd803fc2abc9c5f57db93,79f25d48b907f9d0379dd803fc2abc9c5f57db93,b2241c5750da919f3de963ee3ff39d8b86eff1b1,benchmarks/isu/sources/726f7da124ec405fcefd,ACQUIRED,SUCCESS,,,
78b6c9d702fa0e2668f0,https://github.com/code-423n4/2021-11-unlock.git,ec41eada1dd116bcccc5603ce342257584bec783,ec41eada1dd116bcccc5603ce342257584bec783,65786123a56e058e68aa18d369e48882c67760b8,benchmarks/isu/sources/78b6c9d702fa0e2668f0,ACQUIRED,SUCCESS,,,
7a5dfeb01151cf8f72e6,https://github.com/code-423n4/2022-07-ens.git,ff6e59b9415d0ead7daf31c2ed06e86d9061ae22,ff6e59b9415d0ead7daf31c2ed06e86d9061ae22,f21294680ee322a78d928f52e00b07273eedd868,benchmarks/isu/sources/7a5dfeb01151cf8f72e6,ACQUIRED,SUCCESS,,,
7ac89b753c19d6b46c51,https://github.com/code-423n4/2024-03-dittoeth.git,91faf46078bb6fe8ce9f55bcb717e5d2d302d22e,91faf46078bb6fe8ce9f55bcb717e5d2d302d22e,376314b49db54b28d8844f887a042377c28adec7,benchmarks/isu/sources/7ac89b753c19d6b46c51,ACQUIRED,SUCCESS,,,
7b4b6c523cbdf69dc980,https://github.com/code-423n4/2023-05-particle.git,1caf678bc20c24c96fc8f6b0046383ff0e9d2a6f,,,benchmarks/isu/sources/7b4b6c523cbdf69dc980,ACQUISITION_FAILURE,NOT_RUN,RuntimeError: command failed (128): git fetch --depth 1 origin 1caf678bc20c24c96fc8f6b0046383ff0e9d2a6f,,
7cb043d026c74611d6c4,https://github.com/code-423n4/2024-05-bakerfi.git,59b1f70cbf170871f9604e73e7fe70b70981ab43,59b1f70cbf170871f9604e73e7fe70b70981ab43,318604ac06e31991721ae82df455554af663ebb7,benchmarks/isu/sources/7cb043d026c74611d6c4,ACQUIRED,SUCCESS,,,
86ebab4217d32b417d8d,https://github.com/code-423n4/2023-05-party.git,f6f80dde81d86e397ba4f3dedb561e23d58ec884,f6f80dde81d86e397ba4f3dedb561e23d58ec884,e502f81a7fc34abdfcb8c61336d7216ef6a9ebf9,benchmarks/isu/sources/86ebab4217d32b417d8d,ACQUIRED,SUCCESS,,,
8736a3dffd1ae2b28d68,https://github.com/code-423n4/2021-12-defiprotocol.git,860fc371994de53749332af4b9d00387cbd18d4b,860fc371994de53749332af4b9d00387cbd18d4b,404deeefad9fc6607a1acd1f7a6103ddc9fcce64,benchmarks/isu/sources/8736a3dffd1ae2b28d68,ACQUIRED,SUCCESS,,,
876f079fe57e7d22f859,https://github.com/code-423n4/2022-12-tessera.git,1e408ebc1c4fdcc72678ea7f21a94d38855ccc0b,1e408ebc1c4fdcc72678ea7f21a94d38855ccc0b,087809dadf886d881db4d6e9614c0d2254404824,benchmarks/isu/sources/876f079fe57e7d22f859,ACQUIRED,SUCCESS,,,
87a4d4cf68659331eeb1,https://github.com/GMX-For-NFT/gemnify-contract.git,4810eb86d3391ba9e2eab26a725e9c7f63a3fa9e,,,benchmarks/isu/sources/87a4d4cf68659331eeb1,ACQUISITION_FAILURE,NOT_RUN,RuntimeError: command failed (128): git fetch --depth 1 origin 4810eb86d3391ba9e2eab26a725e9c7f63a3fa9e,,
94faa031b29d37add602,https://github.com/code-423n4/2022-02-anchor.git,5da31121b8b9bbd4420aa75e25859207e67538c3,5da31121b8b9bbd4420aa75e25859207e67538c3,c7ed395fe9b54ed29c9a3d520744ff09d05e6713,benchmarks/isu/sources/94faa031b29d37add602,ACQUIRED,SUCCESS,,,
9ae84cf683640be4e904,https://github.com/code-423n4/2022-12-gogopool.git,aec9928d8bdce8a5a4efe45f54c39d4fc7313731,aec9928d8bdce8a5a4efe45f54c39d4fc7313731,b9ccb5ccc119609d9f347e1d77071b6cbfcf08a6,benchmarks/isu/sources/9ae84cf683640be4e904,ACQUIRED,SUCCESS,,,
9beb76425d2bf5942a4d,https://github.com/code-423n4/2024-07-traitforge.git,279b2887e3d38bc219a05d332cbcb0655b2dc644,279b2887e3d38bc219a05d332cbcb0655b2dc644,a3e057f810691dc8f8cca3038bf82217fa77e2a2,benchmarks/isu/sources/9beb76425d2bf5942a4d,ACQUIRED,SUCCESS,,,
9d8daa19c1e936e9ba9e,https://github.com/code-423n4/2024-05-loop.git,20d9013a93a1ba98154198d6cf3c63f73ab95658,20d9013a93a1ba98154198d6cf3c63f73ab95658,fb810cede529d6da2d80183f29dd133006ca8ff5,benchmarks/isu/sources/9d8daa19c1e936e9ba9e,ACQUIRED,SUCCESS,,,
a07699f968c72edb3c0e,https://github.com/code-423n4/2023-02-malt.git,700f9b468f9cf8c9c5cffaa1eba1b8dea40503f9,700f9b468f9cf8c9c5cffaa1eba1b8dea40503f9,e07e5a94d3902b24a1bfa059a9fc1eb5502cb50d,benchmarks/isu/sources/a07699f968c72edb3c0e,ACQUIRED,SUCCESS,,,
a71bbe43cb08fee655f2,https://github.com/code-423n4/2021-12-amun.git,cf890dedf2e43ec787e8e5df65726316fda134a1,cf890dedf2e43ec787e8e5df65726316fda134a1,59f71590aca1ea92b788eb5f429a37b3fbef9cb7,benchmarks/isu/sources/a71bbe43cb08fee655f2,ACQUIRED,SUCCESS,,,
a73834efc6e9224c9f97,https://github.com/code-423n4/2023-11-zetachain.git,b237708ed5e86f12c4bddabddfd42f001e81941a,b237708ed5e86f12c4bddabddfd42f001e81941a,6db4477b70ef58c8de428a71aaa2a88a90e7ebe8,benchmarks/isu/sources/a73834efc6e9224c9f97,ACQUIRED,SUCCESS,,,
ad517a7d673ed4aa19f4,https://github.com/code-423n4/2021-11-bootfinance.git,f102ee73eb320532c5a7c1e833f225c479577e39,f102ee73eb320532c5a7c1e833f225c479577e39,7fedae4713f693198dd7fc585159fa24bedfc0ff,benchmarks/isu/sources/ad517a7d673ed4aa19f4,ACQUIRED,SUCCESS,,,
ad6fb8b6aeb8640d4b85,https://github.com/code-423n4/2022-01-behodler.git,ce1e7893bdbff8bd7b70474e902e990ac4aeafaf,ce1e7893bdbff8bd7b70474e902e990ac4aeafaf,d07a6c619d0d068928d715e36982f88301ba8aad,benchmarks/isu/sources/ad6fb8b6aeb8640d4b85,ACQUIRED,SUCCESS,,,
af2962b8335feda2b275,https://github.com/jbx-protocol/juice-nft-rewards.git,f9893b1497098241dd3a664956d8016ff0d0efd0,f9893b1497098241dd3a664956d8016ff0d0efd0,7db30fa15da3d1728bc283774178de9727e929c0,benchmarks/isu/sources/af2962b8335feda2b275,ACQUIRED,SUCCESS,,,
afe6967172f4b9b0e34a,https://github.com/code-423n4/2024-05-olas.git,c217c378f48438fb505fb04db4107c839b928e7e,c217c378f48438fb505fb04db4107c839b928e7e,8b15282c46fbc3fbd5a0fd438db15102260cf09f,benchmarks/isu/sources/afe6967172f4b9b0e34a,ACQUIRED,SUCCESS,,,
b1eb5ae54e7312475c93,https://github.com/code-423n4/2022-08-frax.git,c4189a3a98b38c8c962c5ea72f1a322fbc2ae45f,c4189a3a98b38c8c962c5ea72f1a322fbc2ae45f,d5f249dd92330765ab8f2c7dc8edbd5169545d19,benchmarks/isu/sources/b1eb5ae54e7312475c93,ACQUIRED,SUCCESS,,,
b4a1b55fe2d18f122a1e,https://github.com/code-423n4/2024-04-dyad.git,cd48c684a58158de444b24854ffd8f07d046c31b,cd48c684a58158de444b24854ffd8f07d046c31b,b8a6f75c1db7e7e8a2afce4b586218cf2949571f,benchmarks/isu/sources/b4a1b55fe2d18f122a1e,ACQUIRED,SUCCESS,,,
b4d84a145ba45e9843d1,https://github.com/code-423n4/2023-05-particle.git,bbd1c01407a017046c86fdb483bbabfb1fb085d8,,,benchmarks/isu/sources/b4d84a145ba45e9843d1,ACQUISITION_FAILURE,NOT_RUN,RuntimeError: command failed (128): git fetch --depth 1 origin bbd1c01407a017046c86fdb483bbabfb1fb085d8,,
b6da317163e7b77bd40c,https://github.com/code-423n4/2022-07-golom.git,8f198624b97addbbe9602a451c908ea51bd3357c,8f198624b97addbbe9602a451c908ea51bd3357c,d1d3bc9bb2bf2d18a171ac255a4206665d6b7905,benchmarks/isu/sources/b6da317163e7b77bd40c,ACQUIRED,SUCCESS,,,
b96ecb664aefbf38d2d7,https://github.com/code-423n4/2022-09-frax.git,dc6684f77b4e9bd965e8862be7f5fb71473a4c4c,dc6684f77b4e9bd965e8862be7f5fb71473a4c4c,3cc74da8a5cfc46ba5fee135bd07ff8f53ec05b5,benchmarks/isu/sources/b96ecb664aefbf38d2d7,ACQUIRED,SUCCESS,,,
bd7d8afe32a8ef2e533a,https://github.com/code-423n4/2021-09-defiProtocol.git,31e30e6da03c615d833611022603b6c7e393a514,31e30e6da03c615d833611022603b6c7e393a514,d2edc8b710a10db9caa1f9c3769649702eb84653,benchmarks/isu/sources/bd7d8afe32a8ef2e533a,ACQUIRED,SUCCESS,,,
bee019e8a0d6149543c5,https://github.com/code-423n4/2022-07-golom.git,7753ce19bc05cb84162c3c9f50dc3c89f479e5be,7753ce19bc05cb84162c3c9f50dc3c89f479e5be,838fd0249855f4ba97de1b3503c4cb23f831fb79,benchmarks/isu/sources/bee019e8a0d6149543c5,ACQUIRED,SUCCESS,,,
beef56a5a282f2ba6af8,https://github.com/code-423n4/2023-01-popcorn.git,9382ae9c6414df7f9b5aecd5754c59019ced60b7,9382ae9c6414df7f9b5aecd5754c59019ced60b7,dec394f488c36ad8fb5c5f3e228b56132ee6c3d5,benchmarks/isu/sources/beef56a5a282f2ba6af8,ACQUIRED,SUCCESS,,,
bff4c70e313a4fd4754a,https://github.com/code-423n4/2022-12-forgeries.git,42e2996aaec205a93685bfb32d47eca79941e2bf,42e2996aaec205a93685bfb32d47eca79941e2bf,c415ce1ceb20a4c4278e781146cb9a87141890be,benchmarks/isu/sources/bff4c70e313a4fd4754a,ACQUIRED,SUCCESS,,,
c5ceefd6e9d31ebeb5bd,https://github.com/code-423n4/2023-03-polynomial.git,aeecafc8aaceab1ebeb94117459946032ccdff1e,,,benchmarks/isu/sources/c5ceefd6e9d31ebeb5bd,ACQUISITION_FAILURE,NOT_RUN,RuntimeError: command failed (128): git fetch --depth 1 origin aeecafc8aaceab1ebeb94117459946032ccdff1e,,
c7315dd0cd937eb91438,https://github.com/code-423n4/2023-12-particle.git,a3af40839b24aa13f5764d4f84933dbfa8bc8134,a3af40839b24aa13f5764d4f84933dbfa8bc8134,a6e92d23f97caae9c6bb5a3e9ecbbeb3b371090d,benchmarks/isu/sources/c7315dd0cd937eb91438,ACQUIRED,SUCCESS,,,
c7fcb7c2bdaac83cd94d,https://github.com/code-423n4/2022-04-abranft.git,5cd4edc3298c05748e952f8a8c93e42f930a78c2,5cd4edc3298c05748e952f8a8c93e42f930a78c2,cf0d717fb86d7e1f6705f4f6256ab21b688a93c8,benchmarks/isu/sources/c7fcb7c2bdaac83cd94d,ACQUIRED,SUCCESS,,,
cc56f82e45b5a1958baa,https://github.com/PartyDAO/party-contracts-c4.git,3896577b8f0fa16cba129dc2867aba786b730c1b,3896577b8f0fa16cba129dc2867aba786b730c1b,1411121d15005ad36f71a2324e4029f23e6dfb6d,benchmarks/isu/sources/cc56f82e45b5a1958baa,ACQUIRED,SUCCESS,,,
d40239342ee19aba5e73,https://github.com/code-423n4/2022-02-concur.git,f906d9429739b4c9d00a439964cca81c0d92352f,f906d9429739b4c9d00a439964cca81c0d92352f,0f919dd2678885f5abc397602279cef29d36ca3b,benchmarks/isu/sources/d40239342ee19aba5e73,ACQUIRED,SUCCESS,,,
d70057952f8081152c99,https://github.com/code-423n4/2024-01-curves.git,516aedb7b9a8d341d0d2666c23780d2bd8a9a600,516aedb7b9a8d341d0d2666c23780d2bd8a9a600,c730d4cd9a22ac41de906c5178356f0d56822235,benchmarks/isu/sources/d70057952f8081152c99,ACQUIRED,SUCCESS,,,
d7c2d75431fd4e77ba2d,https://github.com/code-423n4/2021-10-mochi.git,b74cfe1815ba768954415eff6f1096c95564ad8b,b74cfe1815ba768954415eff6f1096c95564ad8b,81b7ece9fa1cb3e5fe39d8943a8c8cd7c75b32cd,benchmarks/isu/sources/d7c2d75431fd4e77ba2d,ACQUIRED,SUCCESS,,,
e58beaed9b98b08064e6,https://github.com/code-423n4/2024-03-revert-lend.git,62ad70e634082930aed861e153d2c1e0cc94e44e,62ad70e634082930aed861e153d2c1e0cc94e44e,4d34631bc26cdc7443a97283a3b2796ea8fdb04e,benchmarks/isu/sources/e58beaed9b98b08064e6,ACQUIRED,SUCCESS,,,
e7689c5bacc48db39ccb,https://github.com/code-423n4/2022-11-paraspace.git,34cb87ea4a5e698f49ae5f5a07228db99514b7c7,34cb87ea4a5e698f49ae5f5a07228db99514b7c7,af9b87e85ec9356b213f849278fc5fe06a8918b6,benchmarks/isu/sources/e7689c5bacc48db39ccb,ACQUIRED,SUCCESS,,,
eb98a059ef709e7c9611,https://github.com/code-423n4/2023-08-dopex.git,00601a3f4e3f662007b077bf1b201c9f5f00a8b6,00601a3f4e3f662007b077bf1b201c9f5f00a8b6,105e9a7b3c203eff156bc805a4ed812e7eeb09ec,benchmarks/isu/sources/eb98a059ef709e7c9611,ACQUIRED,SUCCESS,,,
ec5efe413e6f66910418,https://github.com/code-423n4/2022-11-stakehouse.git,08a34ed4505173e7cad2d3b2bde92863b61716c8,08a34ed4505173e7cad2d3b2bde92863b61716c8,f26ee6576837102479050834b825e469d661a487,benchmarks/isu/sources/ec5efe413e6f66910418,ACQUIRED,SUCCESS,,,
edb1f071a84b4371a099,https://github.com/code-423n4/2023-02-malt.git,63d0e77070886d1c8b4ca6241a747656a0441175,63d0e77070886d1c8b4ca6241a747656a0441175,b795b9fbfbd4fe0f75d3e155707fb40b4a0e753f,benchmarks/isu/sources/edb1f071a84b4371a099,ACQUIRED,SUCCESS,,,
ee0fa7d435f1c79612d5,https://github.com/code-423n4/2022-12-tessera.git,f37a11407da2af844bbfe868e1422e3665a5f8e4,f37a11407da2af844bbfe868e1422e3665a5f8e4,bb3bb9c05572824a4cc799f146c6dad464d9896f,benchmarks/isu/sources/ee0fa7d435f1c79612d5,ACQUIRED,SUCCESS,,,
f4d010dc66dec808788d,https://github.com/code-423n4/2022-08-olympus.git,b5e139d732eb4c07102f149fb9426d356af617aa,b5e139d732eb4c07102f149fb9426d356af617aa,c97c3f16854a13254601f2def107f81840fc6e76,benchmarks/isu/sources/f4d010dc66dec808788d,ACQUIRED,SUCCESS,,,
f50077300d555dbf4ab9,https://github.com/PlayFi-Labs/node-license-sale-contracts.git,219c9ac0c963074cdd032f1188d0b5b7f6e3ccbb,219c9ac0c963074cdd032f1188d0b5b7f6e3ccbb,3a1ef5af6883cb9d07865ab63634cc6e3d2ab613,benchmarks/isu/sources/f50077300d555dbf4ab9,ACQUIRED,SUCCESS,,,
fa3e53cdabdbb7f07346,https://github.com/debtdao/Line-of-Credit.git,e8aa08b44f6132a5ed901f8daa231700c5afeb3a,e8aa08b44f6132a5ed901f8daa231700c5afeb3a,562f667f32553a18d2d1b3c062c324f797b657fa,benchmarks/isu/sources/fa3e53cdabdbb7f07346,ACQUIRED,SUCCESS,,,
fa4a8073c5c25e104017,https://github.com/code-423n4/2022-11-stakehouse.git,4b6828e9c807f2f7c569e6d721ca1289f7cf7112,4b6828e9c807f2f7c569e6d721ca1289f7cf7112,29d47b67d1d06c279c16a5cba5a53da2a228944f,benchmarks/isu/sources/fa4a8073c5c25e104017,ACQUIRED,SUCCESS,,,
fe399aaaec4f5e1411c6,https://github.com/code-423n4/2022-12-tigris.git,496e1974ee3838be8759e7b4096dbee1b8795593,496e1974ee3838be8759e7b4096dbee1b8795593,96203760d5529edf2f5fd0686c173611159899fb,benchmarks/isu/sources/fe399aaaec4f5e1411c6,ACQUIRED,SUCCESS,,,
fed0ac8da716985d869b,https://github.com/code-423n4/2023-06-lybra.git,4f7ee7b143d75faebfc9cceb21a0ac794d84978a,4f7ee7b143d75faebfc9cceb21a0ac794d84978a,6ebacf700a0972c3d3574f0490524b9e71f6fea8,benchmarks/isu/sources/fed0ac8da716985d869b,ACQUIRED,SUCCESS,,,
fed6883739d838ef60fe,https://github.com/code-423n4/2024-02-ai-arena.git,b05b54a9eb5b0964bde9825f75305caa2d943155,b05b54a9eb5b0964bde9825f75305caa2d943155,089ebff93f0f192578edf6f54631453886ab7b58,benchmarks/isu/sources/fed6883739d838ef60fe,ACQUIRED,SUCCESS,,,
