oracle_row_id,source_id,repository,vulnerable_revision,source_path,acquisition_status
isu-02d8a520d0da4d32,beef56a5a282f2ba6af8,https://github.com/code-423n4/2023-01-popcorn.git,9382ae9c6414df7f9b5aecd5754c59019ced60b7,benchmarks/isu/sources/beef56a5a282f2ba6af8,ACQUIRED
isu-04290457af95545c,27d99ecc930a40c3f443,https://github.com/code-423n4/2021-12-vader.git,842662a9837929f160c7a1f5a2e4a7c03e715e1b,benchmarks/isu/sources/27d99ecc930a40c3f443,ACQUIRED
isu-07e25f367baf0ecb,a07699f968c72edb3c0e,https://github.com/code-423n4/2023-02-malt.git,700f9b468f9cf8c9c5cffaa1eba1b8dea40503f9,benchmarks/isu/sources/a07699f968c72edb3c0e,ACQUIRED
isu-08012d284cc5c894,c5ceefd6e9d31ebeb5bd,https://github.com/code-423n4/2023-03-polynomial.git,aeecafc8aaceab1ebeb94117459946032ccdff1e,benchmarks/isu/sources/c5ceefd6e9d31ebeb5bd,ACQUISITION_FAILURE
isu-0e01a20ef25bb2fb,2b7cbf663fc060f42a75,https://github.com/code-423n4/2022-04-backd.git,c856714a50437cb33240a5964b63687c9876275b,benchmarks/isu/sources/2b7cbf663fc060f42a75,ACQUIRED
isu-0e465664136af674,ad6fb8b6aeb8640d4b85,https://github.com/code-423n4/2022-01-behodler.git,ce1e7893bdbff8bd7b70474e902e990ac4aeafaf,benchmarks/isu/sources/ad6fb8b6aeb8640d4b85,ACQUIRED
isu-1326fc61d280d92a,289230e8a49b17b81b97,https://github.com/re-nft/smart-contracts.git,3ddd32455a849c3c6dc3c3aad7a33a6c9b44c291,benchmarks/isu/sources/289230e8a49b17b81b97,ACQUIRED
isu-140bdc30e6ad4e0f,eb98a059ef709e7c9611,https://github.com/code-423n4/2023-08-dopex.git,00601a3f4e3f662007b077bf1b201c9f5f00a8b6,benchmarks/isu/sources/eb98a059ef709e7c9611,ACQUIRED
isu-1489a907db2c88e6,b96ecb664aefbf38d2d7,https://github.com/code-423n4/2022-09-frax.git,dc6684f77b4e9bd965e8862be7f5fb71473a4c4c,benchmarks/isu/sources/b96ecb664aefbf38d2d7,ACQUIRED
isu-18d31ac12f1753ed,edb1f071a84b4371a099,https://github.com/code-423n4/2023-02-malt.git,63d0e77070886d1c8b4ca6241a747656a0441175,benchmarks/isu/sources/edb1f071a84b4371a099,ACQUIRED
isu-1b5be01d594891c0,ee0fa7d435f1c79612d5,https://github.com/code-423n4/2022-12-tessera.git,f37a11407da2af844bbfe868e1422e3665a5f8e4,benchmarks/isu/sources/ee0fa7d435f1c79612d5,ACQUIRED
isu-1c705b46e47ec11f,e58beaed9b98b08064e6,https://github.com/code-423n4/2024-03-revert-lend.git,62ad70e634082930aed861e153d2c1e0cc94e44e,benchmarks/isu/sources/e58beaed9b98b08064e6,ACQUIRED
isu-205a80b00fbad2f4,d70057952f8081152c99,https://github.com/code-423n4/2024-01-curves.git,516aedb7b9a8d341d0d2666c23780d2bd8a9a600,benchmarks/isu/sources/d70057952f8081152c99,ACQUIRED
isu-211c9c334eb3c204,5fcf634788264400193d,https://github.com/code-423n4/2023-05-ajna.git,276942bc2f97488d07b887c8edceaaab7a5c3964,benchmarks/isu/sources/5fcf634788264400193d,ACQUIRED
isu-217034fbb08f5c0d,ec5efe413e6f66910418,https://github.com/code-423n4/2022-11-stakehouse.git,08a34ed4505173e7cad2d3b2bde92863b61716c8,benchmarks/isu/sources/ec5efe413e6f66910418,ACQUIRED
isu-22f5ab17878ded98,473151643bd9895c6905,https://github.com/Legion-Team/evm-contracts.git,c020bd1b84faab99d1b8738b48d1e253e4557671,benchmarks/isu/sources/473151643bd9895c6905,ACQUIRED
isu-22f9f26d7f3ed280,86ebab4217d32b417d8d,https://github.com/code-423n4/2023-05-party.git,f6f80dde81d86e397ba4f3dedb561e23d58ec884,benchmarks/isu/sources/86ebab4217d32b417d8d,ACQUIRED
isu-26042bb2179bcaca,e31b806756023cb9c5e9,https://github.com/code-423n4/2021-11-unlock.git,84086b6486d9691e3f5e1ac696c794eea610c814,benchmarks/isu/sources/e31b806756023cb9c5e9,ACQUIRED
isu-2b297e5f738d42f7,38004f8839e04e30cd59,https://github.com/code-423n4/2024-04-gondi.git,b9863d73c08fcdd2337dc80a8b5e0917e18b036c,benchmarks/isu/sources/38004f8839e04e30cd59,ACQUIRED
isu-2b94c599523fa1df,f50077300d555dbf4ab9,https://github.com/PlayFi-Labs/node-license-sale-contracts.git,219c9ac0c963074cdd032f1188d0b5b7f6e3ccbb,benchmarks/isu/sources/f50077300d555dbf4ab9,ACQUIRED
isu-2bc4442d2f8c0d9e,af2962b8335feda2b275,https://github.com/jbx-protocol/juice-nft-rewards.git,f9893b1497098241dd3a664956d8016ff0d0efd0,benchmarks/isu/sources/af2962b8335feda2b275,ACQUIRED
isu-2c16ce676efb9c65,fa4a8073c5c25e104017,https://github.com/code-423n4/2022-11-stakehouse.git,4b6828e9c807f2f7c569e6d721ca1289f7cf7112,benchmarks/isu/sources/fa4a8073c5c25e104017,ACQUIRED
isu-2d5b45fab3d5c487,29a26915e78db1075e4d,https://github.com/code-423n4/2023-07-basin.git,9403cf973e95ef7219622dbbe2a08396af90b64c,benchmarks/isu/sources/29a26915e78db1075e4d,ACQUIRED
isu-2f54a050d80e44db,87a4d4cf68659331eeb1,https://github.com/GMX-For-NFT/gemnify-contract.git,4810eb86d3391ba9e2eab26a725e9c7f63a3fa9e,benchmarks/isu/sources/87a4d4cf68659331eeb1,ACQUISITION_FAILURE
isu-31ee582e2e7591af,a07699f968c72edb3c0e,https://github.com/code-423n4/2023-02-malt.git,700f9b468f9cf8c9c5cffaa1eba1b8dea40503f9,benchmarks/isu/sources/a07699f968c72edb3c0e,ACQUIRED
isu-3600db65b0363d63,87a4d4cf68659331eeb1,https://github.com/GMX-For-NFT/gemnify-contract.git,4810eb86d3391ba9e2eab26a725e9c7f63a3fa9e,benchmarks/isu/sources/87a4d4cf68659331eeb1,ACQUISITION_FAILURE
isu-372237591d0d9a31,bff4c70e313a4fd4754a,https://github.com/code-423n4/2022-12-forgeries.git,42e2996aaec205a93685bfb32d47eca79941e2bf,benchmarks/isu/sources/bff4c70e313a4fd4754a,ACQUIRED
isu-376534817b6f3897,3b078676f7225dc450dc,https://github.com/code-423n4/2023-03-mute.git,4d8b13add2907b17ac14627cfa04e0c3cc9a2bed,benchmarks/isu/sources/3b078676f7225dc450dc,ACQUIRED
isu-3828918ea43c25ff,a73834efc6e9224c9f97,https://github.com/code-423n4/2023-11-zetachain.git,b237708ed5e86f12c4bddabddfd42f001e81941a,benchmarks/isu/sources/a73834efc6e9224c9f97,ACQUIRED
isu-3c60182de8dc2cd0,259153db5bcad1231d62,https://github.com/code-423n4/2024-07-optimism.git,70556044e5e080930f686c4e5acde420104bb2c4,benchmarks/isu/sources/259153db5bcad1231d62,ACQUIRED
isu-3e38d51d43d09a02,a07699f968c72edb3c0e,https://github.com/code-423n4/2023-02-malt.git,700f9b468f9cf8c9c5cffaa1eba1b8dea40503f9,benchmarks/isu/sources/a07699f968c72edb3c0e,ACQUIRED
isu-3f04c08732ee612c,fed0ac8da716985d869b,https://github.com/code-423n4/2023-06-lybra.git,4f7ee7b143d75faebfc9cceb21a0ac794d84978a,benchmarks/isu/sources/fed0ac8da716985d869b,ACQUIRED
isu-40ff331ab2d74b97,9ae84cf683640be4e904,https://github.com/code-423n4/2022-12-gogopool.git,aec9928d8bdce8a5a4efe45f54c39d4fc7313731,benchmarks/isu/sources/9ae84cf683640be4e904,ACQUIRED
isu-4198ebcb807fbc55,ad517a7d673ed4aa19f4,https://github.com/code-423n4/2021-11-bootfinance.git,f102ee73eb320532c5a7c1e833f225c479577e39,benchmarks/isu/sources/ad517a7d673ed4aa19f4,ACQUIRED
isu-43ea9dbca4e2aa00,f4d010dc66dec808788d,https://github.com/code-423n4/2022-08-olympus.git,b5e139d732eb4c07102f149fb9426d356af617aa,benchmarks/isu/sources/f4d010dc66dec808788d,ACQUIRED
isu-4466760c47c2baca,ec5efe413e6f66910418,https://github.com/code-423n4/2022-11-stakehouse.git,08a34ed4505173e7cad2d3b2bde92863b61716c8,benchmarks/isu/sources/ec5efe413e6f66910418,ACQUIRED
isu-4552f0e361ef04d8,7ac89b753c19d6b46c51,https://github.com/code-423n4/2024-03-dittoeth.git,91faf46078bb6fe8ce9f55bcb717e5d2d302d22e,benchmarks/isu/sources/7ac89b753c19d6b46c51,ACQUIRED
isu-457df0c341b72a40,f50077300d555dbf4ab9,https://github.com/PlayFi-Labs/node-license-sale-contracts.git,219c9ac0c963074cdd032f1188d0b5b7f6e3ccbb,benchmarks/isu/sources/f50077300d555dbf4ab9,ACQUIRED
isu-483c1ab3704b6517,17ed21b4712c0b20cc36,https://github.com/code-423n4/2023-01-astaria.git,1bfc58b42109b839528ab1c21dc9803d663df898,benchmarks/isu/sources/17ed21b4712c0b20cc36,ACQUIRED
isu-4d0b80c5f3074c1c,eb98a059ef709e7c9611,https://github.com/code-423n4/2023-08-dopex.git,00601a3f4e3f662007b077bf1b201c9f5f00a8b6,benchmarks/isu/sources/eb98a059ef709e7c9611,ACQUIRED
isu-5364060b2d89c4e1,876f079fe57e7d22f859,https://github.com/code-423n4/2022-12-tessera.git,1e408ebc1c4fdcc72678ea7f21a94d38855ccc0b,benchmarks/isu/sources/876f079fe57e7d22f859,ACQUIRED
isu-587a2cf2917ee620,7243363cfd2599257952,https://github.com/code-423n4/2023-07-axelar.git,1b2d810f90dfe6a964b92e30d3196b64ba569f6a,benchmarks/isu/sources/7243363cfd2599257952,ACQUIRED
isu-599fced4ea9a8be5,9846cf86134caae7799e,https://github.com/pooltogether/pooltogether-pool-contracts.git,cbec82befa502500c63b59a9d0dabd678d3dd508,benchmarks/isu/sources/9846cf86134caae7799e,ACQUIRED
isu-5a378fce12442b76,1b233c341aae1c1a120e,https://github.com/strateg-protocol/strateg-protocol-core.git,325a2cca5bca189e194f48cfe561b0ed16fad527,benchmarks/isu/sources/1b233c341aae1c1a120e,ACQUISITION_FAILURE
isu-618635470000c006,3e4e01feaa76a5bfa74c,https://github.com/code-423n4/2023-01-timeswap.git,ef4c84fb8535aad8abd6b67cc45d994337ec4514,benchmarks/isu/sources/3e4e01feaa76a5bfa74c,ACQUIRED
isu-61e8584be12659ba,190ff08406165ccf2990,https://github.com/rabbitholegg/quest-protocol.git,8c4c1f71221570b14a0479c216583342bd652d8d,benchmarks/isu/sources/190ff08406165ccf2990,ACQUIRED
isu-621f43af68268838,2952c8154a7befc068f5,https://github.com/code-423n4/2021-04-marginswap.git,412d4ff61c9dfedb2f7d2fe957d911f7dc4ccfcb,benchmarks/isu/sources/2952c8154a7befc068f5,ACQUIRED
isu-675c757b9950fa5e,57417c735ac666efab33,https://github.com/code-423n4/2024-07-munchables.git,94cf468aaabf526b7a8319f7eba34014ccebe7b9,benchmarks/isu/sources/57417c735ac666efab33,ACQUIRED
isu-68088a5b0a6df553,7b4b6c523cbdf69dc980,https://github.com/code-423n4/2023-05-particle.git,1caf678bc20c24c96fc8f6b0046383ff0e9d2a6f,benchmarks/isu/sources/7b4b6c523cbdf69dc980,ACQUISITION_FAILURE
isu-696e521de930042e,0768d1b9d8fc9c9d850f,https://github.com/strateg-protocol/strateg-protocol-core.git,3705996c0791bf6ad58003fb19070ccafcf78c6b,benchmarks/isu/sources/0768d1b9d8fc9c9d850f,ACQUISITION_FAILURE
isu-6a4103498e96a7d2,fed6883739d838ef60fe,https://github.com/code-423n4/2024-02-ai-arena.git,b05b54a9eb5b0964bde9825f75305caa2d943155,benchmarks/isu/sources/fed6883739d838ef60fe,ACQUIRED
isu-6e464662eff8b167,a07699f968c72edb3c0e,https://github.com/code-423n4/2023-02-malt.git,700f9b468f9cf8c9c5cffaa1eba1b8dea40503f9,benchmarks/isu/sources/a07699f968c72edb3c0e,ACQUIRED
isu-6ebf8383a0d41341,55e1bbda13af0e5d9ef5,https://github.com/code-423n4/2024-07-benddao.git,117ef61967d4b318fc65170061c9577e674fffa1,benchmarks/isu/sources/55e1bbda13af0e5d9ef5,ACQUIRED
isu-7068f206eea19247,9d8daa19c1e936e9ba9e,https://github.com/code-423n4/2024-05-loop.git,20d9013a93a1ba98154198d6cf3c63f73ab95658,benchmarks/isu/sources/9d8daa19c1e936e9ba9e,ACQUIRED
isu-71121263613cd4c7,6b2be56bd1aa78d5bee3,https://github.com/code-423n4/2024-03-abracadabra-money.git,1f4693fdbf33e9ad28132643e2d6f7635834c6c6,benchmarks/isu/sources/6b2be56bd1aa78d5bee3,ACQUIRED
isu-749924b9c7ff076d,afe6967172f4b9b0e34a,https://github.com/code-423n4/2024-05-olas.git,c217c378f48438fb505fb04db4107c839b928e7e,benchmarks/isu/sources/afe6967172f4b9b0e34a,ACQUIRED
isu-75daa7931b85c90d,c5ceefd6e9d31ebeb5bd,https://github.com/code-423n4/2023-03-polynomial.git,aeecafc8aaceab1ebeb94117459946032ccdff1e,benchmarks/isu/sources/c5ceefd6e9d31ebeb5bd,ACQUISITION_FAILURE
isu-76e6aa75733cd2f9,496a067d0cf9ec7a97f3,https://github.com/code-423n4/2021-05-visorfinance.git,dda9be0bcbf4b2c549608405ccdf9469bc2cbaf1,benchmarks/isu/sources/496a067d0cf9ec7a97f3,ACQUIRED
isu-788dfab3feaf2dd1,17ed21b4712c0b20cc36,https://github.com/code-423n4/2023-01-astaria.git,1bfc58b42109b839528ab1c21dc9803d663df898,benchmarks/isu/sources/17ed21b4712c0b20cc36,ACQUIRED
isu-7892f67a73ef5fa1,d40239342ee19aba5e73,https://github.com/code-423n4/2022-02-concur.git,f906d9429739b4c9d00a439964cca81c0d92352f,benchmarks/isu/sources/d40239342ee19aba5e73,ACQUIRED
isu-7bab5a8cb4269c50,4397bb458a04d98ebd0d,https://github.com/code-423n4/2023-12-initcapital.git,a53e401529451b208095b3af11862984d0b32177,benchmarks/isu/sources/4397bb458a04d98ebd0d,ACQUIRED
isu-7d695607cb1d5ebf,afe6967172f4b9b0e34a,https://github.com/code-423n4/2024-05-olas.git,c217c378f48438fb505fb04db4107c839b928e7e,benchmarks/isu/sources/afe6967172f4b9b0e34a,ACQUIRED
isu-7fa2dc5fe1d424e1,b1eb5ae54e7312475c93,https://github.com/code-423n4/2022-08-frax.git,c4189a3a98b38c8c962c5ea72f1a322fbc2ae45f,benchmarks/isu/sources/b1eb5ae54e7312475c93,ACQUIRED
isu-803f2b23e37d2038,ec5efe413e6f66910418,https://github.com/code-423n4/2022-11-stakehouse.git,08a34ed4505173e7cad2d3b2bde92863b61716c8,benchmarks/isu/sources/ec5efe413e6f66910418,ACQUIRED
isu-825044c76fedfbf3,51822de69e2919a4a935,https://github.com/Tapioca-DAO/tapioca-bar-audit.git,2286f80f928f41c8bc189d0657d74ba83286c668,benchmarks/isu/sources/51822de69e2919a4a935,ACQUIRED_EXACT_MIRROR
isu-883447fef1177d83,8d760c6fa69de52797f1,https://github.com/code-423n4/2021-07-wildcredit.git,82c48d73fd27a9d4d5d4a395b3affcef4ef6c5c8,benchmarks/isu/sources/8d760c6fa69de52797f1,ACQUIRED
isu-8dda8bf0c932db3f,2112b446760a0ffed350,https://github.com/code-423n4/2024-08-superposition.git,d913ae0225584b4b42e38518788a7e38cd2f4d53,benchmarks/isu/sources/2112b446760a0ffed350,ACQUIRED
isu-8e28a9dae87c4960,3b40d4c2e2c5c78d66a1,https://github.com/golom-protocol/contracts.git,4e84d5c2115d163ca54a1729da46164e8cf4df6d,benchmarks/isu/sources/3b40d4c2e2c5c78d66a1,ACQUIRED
isu-9097ab32e6443dd6,39f49ac45cca3e9c8e51,https://github.com/code-423n4/2023-01-ondo.git,b4e1afc2816e35df66e1f53aef57637350b7ff5e,benchmarks/isu/sources/39f49ac45cca3e9c8e51,ACQUIRED
isu-92cbfaf905a24490,8736a3dffd1ae2b28d68,https://github.com/code-423n4/2021-12-defiprotocol.git,860fc371994de53749332af4b9d00387cbd18d4b,benchmarks/isu/sources/8736a3dffd1ae2b28d68,ACQUIRED
isu-93e7300724394af9,1218dd25f99c8259083b,https://github.com/code-423n4/2023-04-party.git,440aafacb0f15d037594cebc85fd471729bcb6d9,benchmarks/isu/sources/1218dd25f99c8259083b,ACQUIRED
isu-94218c1aa2acd123,c7315dd0cd937eb91438,https://github.com/code-423n4/2023-12-particle.git,a3af40839b24aa13f5764d4f84933dbfa8bc8134,benchmarks/isu/sources/c7315dd0cd937eb91438,ACQUIRED
isu-946bf9ba48ae786b,78b6c9d702fa0e2668f0,https://github.com/code-423n4/2021-11-unlock.git,ec41eada1dd116bcccc5603ce342257584bec783,benchmarks/isu/sources/78b6c9d702fa0e2668f0,ACQUIRED
isu-9873179830346843,0f62f3405b0b361b18a8,https://github.com/code-423n4/2021-11-streaming.git,56d81204a00fc949d29ddd277169690318b36821,benchmarks/isu/sources/0f62f3405b0b361b18a8,ACQUIRED
isu-99d4c25ac922028c,45244eb6ad77ecbb8d10,https://github.com/code-423n4/2023-05-maia.git,53b6231f0da68f91cf673ecb34867782e2f633e7,benchmarks/isu/sources/45244eb6ad77ecbb8d10,ACQUIRED
isu-9bb2eb3155febcd7,38004f8839e04e30cd59,https://github.com/code-423n4/2024-04-gondi.git,b9863d73c08fcdd2337dc80a8b5e0917e18b036c,benchmarks/isu/sources/38004f8839e04e30cd59,ACQUIRED
isu-a03c079be75678d0,7a5dfeb01151cf8f72e6,https://github.com/code-423n4/2022-07-ens.git,ff6e59b9415d0ead7daf31c2ed06e86d9061ae22,benchmarks/isu/sources/7a5dfeb01151cf8f72e6,ACQUIRED
isu-a27f2f1d35d4f56d,7ac89b753c19d6b46c51,https://github.com/code-423n4/2024-03-dittoeth.git,91faf46078bb6fe8ce9f55bcb717e5d2d302d22e,benchmarks/isu/sources/7ac89b753c19d6b46c51,ACQUIRED
isu-a346e0579cc411b2,28f44f959080974f24f7,https://github.com/k06a/Unipool.git,bb1843b454bbb10b3b1ccf48edf5e72a80b2acfe,benchmarks/isu/sources/28f44f959080974f24f7,ACQUIRED
isu-a36b810e7be9bc36,bd7d8afe32a8ef2e533a,https://github.com/code-423n4/2021-09-defiProtocol.git,31e30e6da03c615d833611022603b6c7e393a514,benchmarks/isu/sources/bd7d8afe32a8ef2e533a,ACQUIRED
isu-a4f232f8e3995505,726f7da124ec405fcefd,https://github.com/code-423n4/2022-10-traderjoe.git,79f25d48b907f9d0379dd803fc2abc9c5f57db93,benchmarks/isu/sources/726f7da124ec405fcefd,ACQUIRED
isu-a5b45354645d49e9,e7689c5bacc48db39ccb,https://github.com/code-423n4/2022-11-paraspace.git,34cb87ea4a5e698f49ae5f5a07228db99514b7c7,benchmarks/isu/sources/e7689c5bacc48db39ccb,ACQUIRED
isu-a81e34895c47243a,9beb76425d2bf5942a4d,https://github.com/code-423n4/2024-07-traitforge.git,279b2887e3d38bc219a05d332cbcb0655b2dc644,benchmarks/isu/sources/9beb76425d2bf5942a4d,ACQUIRED
isu-a93c6b77cc1d4f75,66ca3e8adf0343f843ff,https://github.com/pooltogether/swappable-yield-source.git,bf943b3818b81d5f5cb9d8ecc6f13ffecd33a1ff,benchmarks/isu/sources/66ca3e8adf0343f843ff,ACQUIRED
isu-afed826cfb09b1d0,85eb869c97005c328767,https://github.com/code-423n4/2021-12-mellow.git,53d73a8bcb9e9853b59973bb47c009431909a812,benchmarks/isu/sources/85eb869c97005c328767,ACQUIRED
isu-b293708ac8e38fa3,fa3e53cdabdbb7f07346,https://github.com/debtdao/Line-of-Credit.git,e8aa08b44f6132a5ed901f8daa231700c5afeb3a,benchmarks/isu/sources/fa3e53cdabdbb7f07346,ACQUIRED
isu-b544ae99b1509882,05442cbaf1d69b91d5a4,https://github.com/code-423n4/2024-08-phi.git,8c0985f7a10b231f916a51af5d506dd6b0c54120,benchmarks/isu/sources/05442cbaf1d69b91d5a4,ACQUIRED
isu-b681cc0782ab7098,cc56f82e45b5a1958baa,https://github.com/PartyDAO/party-contracts-c4.git,3896577b8f0fa16cba129dc2867aba786b730c1b,benchmarks/isu/sources/cc56f82e45b5a1958baa,ACQUIRED
isu-b7d3203547e02ba9,fe399aaaec4f5e1411c6,https://github.com/code-423n4/2022-12-tigris.git,496e1974ee3838be8759e7b4096dbee1b8795593,benchmarks/isu/sources/fe399aaaec4f5e1411c6,ACQUIRED
isu-bd1cee16e89b05be,c5ceefd6e9d31ebeb5bd,https://github.com/code-423n4/2023-03-polynomial.git,aeecafc8aaceab1ebeb94117459946032ccdff1e,benchmarks/isu/sources/c5ceefd6e9d31ebeb5bd,ACQUISITION_FAILURE
isu-bed3fb17def1a543,876f079fe57e7d22f859,https://github.com/code-423n4/2022-12-tessera.git,1e408ebc1c4fdcc72678ea7f21a94d38855ccc0b,benchmarks/isu/sources/876f079fe57e7d22f859,ACQUIRED
isu-c2b72eea7d3386af,94faa031b29d37add602,https://github.com/code-423n4/2022-02-anchor.git,5da31121b8b9bbd4420aa75e25859207e67538c3,benchmarks/isu/sources/94faa031b29d37add602,ACQUIRED
isu-c861ec930b030c28,d7c2d75431fd4e77ba2d,https://github.com/code-423n4/2021-10-mochi.git,b74cfe1815ba768954415eff6f1096c95564ad8b,benchmarks/isu/sources/d7c2d75431fd4e77ba2d,ACQUIRED
isu-c8e0f60aa46e48a0,58b3a29bba78928be534,https://github.com/with-backed/papr.git,9528f2711ff0c1522076b9f93fba13f88d5bd5e6,benchmarks/isu/sources/58b3a29bba78928be534,ACQUIRED
isu-ca5f6661a91a0ea5,38004f8839e04e30cd59,https://github.com/code-423n4/2024-04-gondi.git,b9863d73c08fcdd2337dc80a8b5e0917e18b036c,benchmarks/isu/sources/38004f8839e04e30cd59,ACQUIRED
isu-d40734add7641db5,b6da317163e7b77bd40c,https://github.com/code-423n4/2022-07-golom.git,8f198624b97addbbe9602a451c908ea51bd3357c,benchmarks/isu/sources/b6da317163e7b77bd40c,ACQUIRED
isu-d82a8ede733c07e2,a71bbe43cb08fee655f2,https://github.com/code-423n4/2021-12-amun.git,cf890dedf2e43ec787e8e5df65726316fda134a1,benchmarks/isu/sources/a71bbe43cb08fee655f2,ACQUIRED
isu-da726f3c7052bc2d,46a990361d607172dbdd,https://github.com/code-423n4/2024-03-gitcoin.git,6529b351cd72a858541f60c52f0e5ad0fb6f1b16,benchmarks/isu/sources/46a990361d607172dbdd,ACQUIRED
isu-dbd7bec2a34c98ec,d7c2d75431fd4e77ba2d,https://github.com/code-423n4/2021-10-mochi.git,b74cfe1815ba768954415eff6f1096c95564ad8b,benchmarks/isu/sources/d7c2d75431fd4e77ba2d,ACQUIRED
isu-dddbc27879224819,7cb043d026c74611d6c4,https://github.com/code-423n4/2024-05-bakerfi.git,59b1f70cbf170871f9604e73e7fe70b70981ab43,benchmarks/isu/sources/7cb043d026c74611d6c4,ACQUIRED
isu-e419c46c714b5de0,bee019e8a0d6149543c5,https://github.com/code-423n4/2022-07-golom.git,7753ce19bc05cb84162c3c9f50dc3c89f479e5be,benchmarks/isu/sources/bee019e8a0d6149543c5,ACQUIRED
isu-e6225382384fe664,17ed21b4712c0b20cc36,https://github.com/code-423n4/2023-01-astaria.git,1bfc58b42109b839528ab1c21dc9803d663df898,benchmarks/isu/sources/17ed21b4712c0b20cc36,ACQUIRED
isu-e7bbd2d210067dcd,52a7f0b0d3f1a008a383,https://github.com/code-423n4/2023-08-verwa.git,59add54eab86f23b321e1d31eb2c7fb907eeb052,benchmarks/isu/sources/52a7f0b0d3f1a008a383,ACQUIRED
isu-e9b6781be5ff75b5,b4d84a145ba45e9843d1,https://github.com/code-423n4/2023-05-particle.git,bbd1c01407a017046c86fdb483bbabfb1fb085d8,benchmarks/isu/sources/b4d84a145ba45e9843d1,ACQUISITION_FAILURE
isu-eb587e226bbc8d94,4ca8847e64fbb6fb2f6b,https://github.com/code-423n4/2024-01-salty.git,53516c2cdfdfacb662cdea6417c52f23c94d5b5b,benchmarks/isu/sources/4ca8847e64fbb6fb2f6b,ACQUIRED
isu-eca0ea552ad071da,33438b4b2584abe90998,https://github.com/code-423n4/2023-12-ethereumcreditguild.git,2376d9af792584e3d15ec9c32578daa33bb56b43,benchmarks/isu/sources/33438b4b2584abe90998,ACQUIRED
isu-ecf9619f09fc2036,597ae00db4b637e8d8ab,https://github.com/code-423n4/2023-09-venus.git,b11d9ef9db8237678567e66759003138f2368d23,benchmarks/isu/sources/597ae00db4b637e8d8ab,ACQUIRED
isu-ed3f20846f5d653b,c7fcb7c2bdaac83cd94d,https://github.com/code-423n4/2022-04-abranft.git,5cd4edc3298c05748e952f8a8c93e42f930a78c2,benchmarks/isu/sources/c7fcb7c2bdaac83cd94d,ACQUIRED
isu-eede234fdc432adf,1218dd25f99c8259083b,https://github.com/code-423n4/2023-04-party.git,440aafacb0f15d037594cebc85fd471729bcb6d9,benchmarks/isu/sources/1218dd25f99c8259083b,ACQUIRED
isu-f1ac2ad156241780,3dc3386f4227b509becb,https://github.com/sushiswap/trident.git,c405f3402a1ed336244053f8186742d2da5975e9,benchmarks/isu/sources/3dc3386f4227b509becb,ACQUIRED
isu-f1fe35637a0d3f8e,57417c735ac666efab33,https://github.com/code-423n4/2024-07-munchables.git,94cf468aaabf526b7a8319f7eba34014ccebe7b9,benchmarks/isu/sources/57417c735ac666efab33,ACQUIRED
isu-f352a265e8532ba2,ac67415d04325a4657e0,https://github.com/code-423n4/2023-03-neotokyo.git,8349427f4346ade378dcacd4c131b9cfa7eadaf7,benchmarks/isu/sources/ac67415d04325a4657e0,ACQUIRED
isu-f7386becee7ae490,c5ceefd6e9d31ebeb5bd,https://github.com/code-423n4/2023-03-polynomial.git,aeecafc8aaceab1ebeb94117459946032ccdff1e,benchmarks/isu/sources/c5ceefd6e9d31ebeb5bd,ACQUISITION_FAILURE
isu-fbf2b10a648eab46,46b79dfa038bcaea5803,https://github.com/code-423n4/2021-05-visorfinance.git,e0f15162a017130aa66910d46c70ee074b64dd40,benchmarks/isu/sources/46b79dfa038bcaea5803,ACQUIRED
isu-fd0d74c979018cd3,2112b446760a0ffed350,https://github.com/code-423n4/2024-08-superposition.git,d913ae0225584b4b42e38518788a7e38cd2f4d53,benchmarks/isu/sources/2112b446760a0ffed350,ACQUIRED
isu-fd0e69f56642d218,b4a1b55fe2d18f122a1e,https://github.com/code-423n4/2024-04-dyad.git,cd48c684a58158de444b24854ffd8f07d046c31b,benchmarks/isu/sources/b4a1b55fe2d18f122a1e,ACQUIRED
