oracle_row_id,report_identity,report_url,resolution_status,source_repository,vulnerable_revision,source_reference,affected_source_paths,explicit_blob_links,section_sha256,resolution_note
isu-02d8a520d0da4d32,2023-01-popcorn#h-11,https://code4rena.com/reports/2023-01-popcorn#h-11-protocol-loses-fees-because-highwatermark-is-updated-every-time-someone-deposit-withdraw-mint,UNRESOLVED_NO_EXPLICIT_BLOB_LINK,,,,[],[],3889638caf91b361f087daa7ecdbe2f13e834600cde46ee44ad68ef68a9334c1,no exact source blob permalink in report section
isu-04290457af95545c,2021-12-vader#h-10,https://code4rena.com/reports/2021-12-vader#h-10-previousprices-is-never-updated-upon-syncing-token-price,UNRESOLVED_NO_EXPLICIT_BLOB_LINK,,,,[],[],11a8b5c0e51759d4f9381d983add731d9bf7323416d599b0050d7d1f61593332,no exact source blob permalink in report section
isu-07e25f367baf0ecb,2023-02-malt#h-06,https://code4rena.com/reports/2023-02-malt#h-06-stabilizernodestabilize-uses-stale-globalimpliedcollateralservice-data-which-will-make-stabilize-incorrect,RESOLVED_EXPLICIT_REPORT_BLOB,https://github.com/code-423n4/2023-02-malt.git,700f9b468f9cf8c9c5cffaa1eba1b8dea40503f9,"[""https://github.com/code-423n4/2023-02-malt/blob/700f9b468f9cf8c9c5cffaa1eba1b8dea40503f9/contracts/StabilityPod/ImpliedCollateralService.sol"",""https://github.com/code-423n4/2023-02-malt/blob/700f9b468f9cf8c9c5cffaa1eba1b8dea40503f9/contracts/StabilityPod/StabilizerNode.sol""]","[""contracts/StabilityPod/ImpliedCollateralService.sol"",""contracts/StabilityPod/StabilizerNode.sol""]","[""https://github.com/code-423n4/2023-02-malt/blob/700f9b468f9cf8c9c5cffaa1eba1b8dea40503f9/contracts/StabilityPod/ImpliedCollateralService.sol"",""https://github.com/code-423n4/2023-02-malt/blob/700f9b468f9cf8c9c5cffaa1eba1b8dea40503f9/contracts/StabilityPod/StabilizerNode.sol""]",0ade8fa0b7d7b1e1c453789e34ff26e5ecdf74e6786d93b167648c7b1ee39b86,exact repository and revision from report-section blob permalink
isu-08012d284cc5c894,2023-03-polynomial#h-07,https://code4rena.com/reports/2023-03-polynomial#h-07-missing-totalfunds-update-in-liquiditypools-openshort-causing-liquiditypool-token-holder-to-lose-a-portion-of-their-token-value,UNRESOLVED_NO_EXPLICIT_BLOB_LINK,,,,[],[],2709efae6c5d9af5bc40e20cde6a4240eb1ac1b93fe4550c57e04e5fe349bebc,no exact source blob permalink in report section
isu-0e01a20ef25bb2fb,2022-04-backd#h-02,https://code4rena.com/reports/2022-04-backd#h-02-function-lockfunds-in-topupactionlibrary-can-cause-serious-fund-lose-fee-and-capped-bypass-its-not-calling-stakervaultincreaseactionlockedbalance-when-transfers-stakes,RESOLVED_EXPLICIT_REPORT_BLOB,https://github.com/code-423n4/2022-04-backd.git,c856714a50437cb33240a5964b63687c9876275b,"[""https://github.com/code-423n4/2022-04-backd/blob/c856714a50437cb33240a5964b63687c9876275b/backd/contracts/actions/topup/TopUpAction.sol""]","[""backd/contracts/actions/topup/TopUpAction.sol""]","[""https://github.com/code-423n4/2022-04-backd/blob/c856714a50437cb33240a5964b63687c9876275b/backd/contracts/actions/topup/TopUpAction.sol""]",9936b8f5bbf4ac20e1db47a4d43e5e025d71128a23ecc98cdf868fe1107108fb,exact repository and revision from report-section blob permalink
isu-0e465664136af674,2022-01-behodler#h-04,https://code4rena.com/reports/2022-01-behodler#h-04-logic-error-in-burnflashgovernanceasset-can-cause-locked-assets-to-be-stolen,UNRESOLVED_NO_EXPLICIT_BLOB_LINK,,,,[],[],78a2d3f84bd2aabce8e6e966a1b2dc791657dbd814a0a1701263a456ecd88fdd,no exact source blob permalink in report section
isu-1326fc61d280d92a,2024-01-renft#h-07,https://code4rena.com/reports/2024-01-renft#h-07-attacker-can-lock-lender-nfts-and-erc20-in-the-safe-if-the-offer-is-set-to-partial,RESOLVED_EXPLICIT_REPORT_BLOB,https://github.com/re-nft/smart-contracts.git,3ddd32455a849c3c6dc3c3aad7a33a6c9b44c291,"[""https://github.com/re-nft/smart-contracts/blob/3ddd32455a849c3c6dc3c3aad7a33a6c9b44c291/src/modules/Storage.sol"",""https://github.com/re-nft/smart-contracts/blob/3ddd32455a849c3c6dc3c3aad7a33a6c9b44c291/src/packages/Signer.sol"",""https://github.com/re-nft/smart-contracts/blob/3ddd32455a849c3c6dc3c3aad7a33a6c9b44c291/src/policies/Create.sol""]","[""src/modules/Storage.sol"",""src/packages/Signer.sol"",""src/policies/Create.sol""]","[""https://github.com/re-nft/smart-contracts/blob/3ddd32455a849c3c6dc3c3aad7a33a6c9b44c291/src/modules/Storage.sol"",""https://github.com/re-nft/smart-contracts/blob/3ddd32455a849c3c6dc3c3aad7a33a6c9b44c291/src/packages/Signer.sol"",""https://github.com/re-nft/smart-contracts/blob/3ddd32455a849c3c6dc3c3aad7a33a6c9b44c291/src/policies/Create.sol""]",76c912cd56889002b325516ef28447eb12d474f6042f1c894228994072acb85e,exact repository and revision from report-section blob permalink
isu-140bdc30e6ad4e0f,2023-08-dopex#h-08,https://code4rena.com/reports/2023-08-dopex#h-08-the-peg-stability-module-can-be-compromised-by-forcing-lowerdepeg-to-revert,UNRESOLVED_NO_EXPLICIT_BLOB_LINK,,,,[],[],0f3f73d2aad95caf37d98a624e6e15891eaa0a6c00c15558c36422e7dbf71695,no exact source blob permalink in report section
isu-1489a907db2c88e6,2022-09-frax#h-01,https://code4rena.com/reports/2022-09-frax#h-01-wrong-accounting-logic-when-syncrewards-is-called-within-beforewithdraw-makes-withdrawals-impossible,UNRESOLVED_NO_EXPLICIT_BLOB_LINK,,,,[],[],86a44f02956c6ce3fa955373cd16805cb51574744eee993cfd72217fb565b072,no exact source blob permalink in report section
isu-18d31ac12f1753ed,2023-02-malt#h-01,https://code4rena.com/reports/2023-02-malt#h-01-rewardthrottlecheckrewardunderflow-might-track-the-cumulative-aprs-wrongly,UNRESOLVED_NO_EXPLICIT_BLOB_LINK,,,,[],[],d70cb99b6c89bd574484c8001c11742382b9c755fec40a8670eef11d3890b913,no exact source blob permalink in report section
isu-1b5be01d594891c0,2022-12-tessera#h-06,https://code4rena.com/reports/2022-12-tessera#h-06-funds-are-permanently-stuck-in-optimisticlistingseaportsol-contract-if-active-proposal-is-executed-after-new-proposal-is-pending,UNRESOLVED_NO_EXPLICIT_BLOB_LINK,,,,[],[],ba8732467fdf1b3df485d11b12039b11f551924e810acc248eb26be0a4b37237,no exact source blob permalink in report section
isu-1c705b46e47ec11f,2024-03-revert-lend#h-02,https://code4rena.com/reports/2024-03-revert-lend#h-02-risk-of-reentrancy-onerc721received-function-to-manipulate-collateral-token-configs-shares,UNRESOLVED_NO_EXPLICIT_BLOB_LINK,,,,[],[],a25c9566e3526071bffa9af5990b870f043d631a9b58be39a52703e98dc269a5,no exact source blob permalink in report section
isu-205a80b00fbad2f4,2024-01-curves#h-02,https://code4rena.com/reports/2024-01-curves#h-02-unrestricted-claiming-of-fees-due-to-missing-balance-updates-in-feesplitter,RESOLVED_EXPLICIT_REPORT_BLOB,https://github.com/code-423n4/2024-01-curves.git,516aedb7b9a8d341d0d2666c23780d2bd8a9a600,"[""https://github.com/code-423n4/2024-01-curves/blob/516aedb7b9a8d341d0d2666c23780d2bd8a9a600/contracts/Curves.sol"",""https://github.com/code-423n4/2024-01-curves/blob/516aedb7b9a8d341d0d2666c23780d2bd8a9a600/contracts/FeeSplitter.sol""]","[""contracts/Curves.sol"",""contracts/FeeSplitter.sol""]","[""https://github.com/code-423n4/2024-01-curves/blob/516aedb7b9a8d341d0d2666c23780d2bd8a9a600/contracts/Curves.sol"",""https://github.com/code-423n4/2024-01-curves/blob/516aedb7b9a8d341d0d2666c23780d2bd8a9a600/contracts/FeeSplitter.sol""]",c15a2b2522bfe84dbedc45f21f95c4f289d1a6ad0465b9023ecbed1d11711f74,exact repository and revision from report-section blob permalink
isu-211c9c334eb3c204,2023-05-ajna#h-02,https://code4rena.com/reports/2023-05-ajna#h-02-positionmanagers-moveliquidity-can-set-wrong-deposit-time-and-permanently-freeze-lp-funds-moved,RESOLVED_EXPLICIT_REPORT_BLOB,https://github.com/code-423n4/2023-05-ajna.git,276942bc2f97488d07b887c8edceaaab7a5c3964,"[""https://github.com/code-423n4/2023-05-ajna/blob/276942bc2f97488d07b887c8edceaaab7a5c3964/ajna-core/src/PositionManager.sol"",""https://github.com/code-423n4/2023-05-ajna/blob/276942bc2f97488d07b887c8edceaaab7a5c3964/ajna-core/src/libraries/external/LenderActions.sol""]","[""ajna-core/src/PositionManager.sol"",""ajna-core/src/libraries/external/LenderActions.sol""]","[""https://github.com/code-423n4/2023-05-ajna/blob/276942bc2f97488d07b887c8edceaaab7a5c3964/ajna-core/src/PositionManager.sol"",""https://github.com/code-423n4/2023-05-ajna/blob/276942bc2f97488d07b887c8edceaaab7a5c3964/ajna-core/src/libraries/external/LenderActions.sol""]",6a8a9bc7f92c86440a3816ab1a472dd774ebaf935ebb5e9987f5357ce9b35947,exact repository and revision from report-section blob permalink
isu-217034fbb08f5c0d,2022-11-stakehouse#h-10,https://code4rena.com/reports/2022-11-stakehouse#h-10-giantmevandfeespoolbringunusedethbackintogiantpool-function-loses-the-addition-of-the-idleeth-which-allows-attackers-to-steal-most-of-eth-from-the-giant-pool,UNRESOLVED_NO_EXPLICIT_BLOB_LINK,,,,[],[],75335a6c8b2630a5df8e1c37c0436826169d38dc32c54c545350c1fa877eda1b,no exact source blob permalink in report section
isu-22f5ab17878ded98,2024-09-legion-evm-zenith#h-3,https://github.com/code-423n4/zenith-portfolio/tree/main/reports,UNRESOLVED_NON_CODE4RENA_REPORT,,,,,,,requires repository-specific report resolution
isu-22f9f26d7f3ed280,2023-05-party#h-01,https://code4rena.com/reports/2023-05-party#h-01-the-distribution-logic-will-be-broken-after-calling-ragequit,RESOLVED_EXPLICIT_REPORT_BLOB,https://github.com/code-423n4/2023-05-party.git,f6f80dde81d86e397ba4f3dedb561e23d58ec884,"[""https://github.com/code-423n4/2023-05-party/blob/f6f80dde81d86e397ba4f3dedb561e23d58ec884/contracts/distribution/TokenDistributor.sol""]","[""contracts/distribution/TokenDistributor.sol""]","[""https://github.com/code-423n4/2023-05-party/blob/f6f80dde81d86e397ba4f3dedb561e23d58ec884/contracts/distribution/TokenDistributor.sol""]",2750ad961718aa7600bb1ce860910a6cbc41292cd59d99b89a036e25d1ae9ef2,exact repository and revision from report-section blob permalink
isu-26042bb2179bcaca,2021-11-unlock#h-04,https://code4rena.com/reports/2021-11-unlock#h-04-approvals-not-cleared-after-key-transfer,UNRESOLVED_NO_EXPLICIT_BLOB_LINK,,,,[],[],9edbc393bcfdec561a248368fae5792854dd59bb3fe7102763b86b506aae788b,no exact source blob permalink in report section
isu-2b297e5f738d42f7,2024-04-gondi#h-17,https://code4rena.com/reports/2024-04-gondi#h-17-refinancefulladdnewtranche-reusing-a-lenders-signature-leads-to-unintended-behavior,RESOLVED_EXPLICIT_REPORT_BLOB,https://github.com/code-423n4/2024-04-gondi.git,b9863d73c08fcdd2337dc80a8b5e0917e18b036c,"[""https://github.com/code-423n4/2024-04-gondi/blob/b9863d73c08fcdd2337dc80a8b5e0917e18b036c/src/lib/loans/MultiSourceLoan.sol""]","[""src/lib/loans/MultiSourceLoan.sol""]","[""https://github.com/code-423n4/2024-04-gondi/blob/b9863d73c08fcdd2337dc80a8b5e0917e18b036c/src/lib/loans/MultiSourceLoan.sol""]",3215d93beb15d74d1bbb5b8293cdd6a271ae3c562a2c9a88c919b820068dcfec,exact repository and revision from report-section blob permalink
isu-2b94c599523fa1df,2024-06-playfi-proleague#h-2,https://github.com/code-423n4/zenith-portfolio,UNRESOLVED_NON_CODE4RENA_REPORT,,,,,,,requires repository-specific report resolution
isu-2bc4442d2f8c0d9e,2022-10-juicebox#h-01,https://code4rena.com/reports/2022-10-juicebox#h-01-making-a-payment-to-the-protocol-with-_dontmint-parameter-will-result-in-lost-fund-for-user,RESOLVED_EXPLICIT_REPORT_BLOB,https://github.com/jbx-protocol/juice-nft-rewards.git,f9893b1497098241dd3a664956d8016ff0d0efd0,"[""https://github.com/jbx-protocol/juice-nft-rewards/blob/f9893b1497098241dd3a664956d8016ff0d0efd0/contracts/JBTiered721Delegate.sol""]","[""contracts/JBTiered721Delegate.sol""]","[""https://github.com/jbx-protocol/juice-nft-rewards/blob/f9893b1497098241dd3a664956d8016ff0d0efd0/contracts/JBTiered721Delegate.sol""]",0d7b8d1d386e6795de0f15dc8aadfbff1aa1bc6548086b2cb46dbad0340c7724,exact repository and revision from report-section blob permalink
isu-2c16ce676efb9c65,2022-11-stakehouse#h-16,https://code4rena.com/reports/2022-11-stakehouse#h-16-reentrancy-vulnerability-in-giantmevandfeespoolwithdraweth,RESOLVED_EXPLICIT_REPORT_BLOB,https://github.com/code-423n4/2022-11-stakehouse.git,4b6828e9c807f2f7c569e6d721ca1289f7cf7112,"[""https://github.com/code-423n4/2022-11-stakehouse/blob/4b6828e9c807f2f7c569e6d721ca1289f7cf7112/contracts/liquid-staking/GiantPoolBase.sol""]","[""contracts/liquid-staking/GiantPoolBase.sol""]","[""https://github.com/code-423n4/2022-11-stakehouse/blob/4b6828e9c807f2f7c569e6d721ca1289f7cf7112/contracts/liquid-staking/GiantPoolBase.sol""]",ca3a2ff3b7cdbfea1b6f569ae2e3afc1aec619c2e4da87c5ac7c5e55f3f45165,exact repository and revision from report-section blob permalink
isu-2d5b45fab3d5c487,2023-07-basin#h-01,https://code4rena.com/reports/2023-07-basin#h-01-pumps-are-not-updated-in-the-shift-and-sync-functions-allowing-oracle-manipulation,UNRESOLVED_AMBIGUOUS_EXPLICIT_BLOBS,,,,"[""src/Well.sol""]","[""https://github.com/BeanstalkFarms/Basin/blob/91233a22005986aa7c9f3b0c67393842cd8a8e4d/src/Well.sol"",""https://github.com/code-423n4/2023-07-basin/blob/9403cf973e95ef7219622dbbe2a08396af90b64c/src/Well.sol""]",eea4b6e0e6022c535232d690268d92cbc4fd4932cd365de20d92ad22bcce4d5f,"[[""BeanstalkFarms"",""Basin"",""91233a22005986aa7c9f3b0c67393842cd8a8e4d""],[""code-423n4"",""2023-07-basin"",""9403cf973e95ef7219622dbbe2a08396af90b64c""]]"
isu-2f54a050d80e44db,2024-jul-gemnify-proleague#h-2,https://github.com/code-423n4/zenith-portfolio/tree/main/reports,UNRESOLVED_NON_CODE4RENA_REPORT,,,,,,,requires repository-specific report resolution
isu-31ee582e2e7591af,2023-02-malt#h-03,https://code4rena.com/reports/2023-02-malt#h-03-manipulation-of-liveprice-to-receive-defaultincentive-in-2-consecutive-blocks,RESOLVED_EXPLICIT_REPORT_BLOB,https://github.com/code-423n4/2023-02-malt.git,700f9b468f9cf8c9c5cffaa1eba1b8dea40503f9,"[""https://github.com/code-423n4/2023-02-malt/blob/700f9b468f9cf8c9c5cffaa1eba1b8dea40503f9/contracts/StabilityPod/StabilizerNode.sol""]","[""contracts/StabilityPod/StabilizerNode.sol""]","[""https://github.com/code-423n4/2023-02-malt/blob/700f9b468f9cf8c9c5cffaa1eba1b8dea40503f9/contracts/StabilityPod/StabilizerNode.sol""]",5931172d99d0b616ebab769ab67db05791a631f93aad43ce122c7427e254c989,exact repository and revision from report-section blob permalink
isu-3600db65b0363d63,2024-jul-gemnify-proleague#h-5,https://github.com/code-423n4/zenith-portfolio,UNRESOLVED_NON_CODE4RENA_REPORT,,,,,,,requires repository-specific report resolution
isu-372237591d0d9a31,2022-12-forgeries#h-01,https://code4rena.com/reports/2022-12-forgeries#h-01-admin-does-not-have-to-wait-to-call-lastresorttimelockownerclaimnft,UNRESOLVED_NO_EXPLICIT_BLOB_LINK,,,,[],[],9d6c62764af59916ab01a3d06929abd2b6a01f8d6b65f2adf489957c8a7fc0a2,no exact source blob permalink in report section
isu-376534817b6f3897,2023-03-mute#h-01,https://code4rena.com/reports/2023-03-mute#h-01-bond-max-buyer-might-end-up-buying-the-max-buy-of-the-next-epoch,RESOLVED_EXPLICIT_REPORT_BLOB,https://github.com/code-423n4/2023-03-mute.git,4d8b13add2907b17ac14627cfa04e0c3cc9a2bed,"[""https://github.com/code-423n4/2023-03-mute/blob/4d8b13add2907b17ac14627cfa04e0c3cc9a2bed/contracts/bonds/MuteBond.sol""]","[""contracts/bonds/MuteBond.sol""]","[""https://github.com/code-423n4/2023-03-mute/blob/4d8b13add2907b17ac14627cfa04e0c3cc9a2bed/contracts/bonds/MuteBond.sol""]",8210c11bdf10b1e87244bd58e72925e7d1008a03121188f6a75471555c6af864,exact repository and revision from report-section blob permalink
isu-3828918ea43c25ff,2023-11-zetachain#h-06,https://code4rena.com/reports/2023-11-zetachain#h-06-zevm-cross-chain-messages-ignore-the-user-specified-message-and-prevent-calling-the-destination-contract,RESOLVED_EXPLICIT_REPORT_BLOB,https://github.com/code-423n4/2023-11-zetachain.git,b237708ed5e86f12c4bddabddfd42f001e81941a,"[""https://github.com/code-423n4/2023-11-zetachain/blob/b237708ed5e86f12c4bddabddfd42f001e81941a/repos/node/x/crosschain/keeper/evm_hooks.go"",""https://github.com/code-423n4/2023-11-zetachain/blob/b237708ed5e86f12c4bddabddfd42f001e81941a/repos/protocol-contracts/contracts/evm/ZetaConnector.eth.sol"",""https://github.com/code-423n4/2023-11-zetachain/blob/b237708ed5e86f12c4bddabddfd42f001e81941a/repos/protocol-contracts/contracts/evm/ZetaConnector.non-eth.sol"",""https://github.com/code-423n4/2023-11-zetachain/blob/b237708ed5e86f12c4bddabddfd42f001e81941a/repos/protocol-contracts/contracts/zevm/ZetaConnectorZEVM.sol""]","[""repos/node/x/crosschain/keeper/evm_hooks.go"",""repos/protocol-contracts/contracts/evm/ZetaConnector.eth.sol"",""repos/protocol-contracts/contracts/evm/ZetaConnector.non-eth.sol"",""repos/protocol-contracts/contracts/zevm/ZetaConnectorZEVM.sol""]","[""https://github.com/code-423n4/2023-11-zetachain/blob/b237708ed5e86f12c4bddabddfd42f001e81941a/repos/node/x/crosschain/keeper/evm_hooks.go"",""https://github.com/code-423n4/2023-11-zetachain/blob/b237708ed5e86f12c4bddabddfd42f001e81941a/repos/protocol-contracts/contracts/evm/ZetaConnector.eth.sol"",""https://github.com/code-423n4/2023-11-zetachain/blob/b237708ed5e86f12c4bddabddfd42f001e81941a/repos/protocol-contracts/contracts/evm/ZetaConnector.non-eth.sol"",""https://github.com/code-423n4/2023-11-zetachain/blob/b237708ed5e86f12c4bddabddfd42f001e81941a/repos/protocol-contracts/contracts/zevm/ZetaConnectorZEVM.sol""]",fe4a7422c00a01e798efaaec6041c7170bdedc20685cab79545b82d7bff78009,exact repository and revision from report-section blob permalink
isu-3c60182de8dc2cd0,2024-07-optimism#h-03,https://code4rena.com/reports/2024-07-optimism#h-03-lpp-metadata-can-be-altered-after-the-challenge-period-is-over-allowing-incorrect-states-to-be-proven,UNRESOLVED_AMBIGUOUS_EXPLICIT_BLOBS,,,,"[""packages/contracts-bedrock/src/cannon/PreimageOracle.sol"",""pdfs/Spearbit-Coinbase-Security-Review-June-2024.pdf""]","[""https://github.com/code-423n4/2024-07-optimism/blob/70556044e5e080930f686c4e5acde420104bb2c4/packages/contracts-bedrock/src/cannon/PreimageOracle.sol"",""https://github.com/spearbit/portfolio/blob/35e01e225519242589ab83f6fad100db892bcfe9/pdfs/Spearbit-Coinbase-Security-Review-June-2024.pdf""]",634c70fde558e3d7d1e6ad9313cf833f792a718d0ea1d893c4cd63185f3a224b,"[[""code-423n4"",""2024-07-optimism"",""70556044e5e080930f686c4e5acde420104bb2c4""],[""spearbit"",""portfolio"",""35e01e225519242589ab83f6fad100db892bcfe9""]]"
isu-3e38d51d43d09a02,2023-02-malt#h-02,https://code4rena.com/reports/2023-02-malt#h-02-rewardthrottle-if-an-epoch-does-not-have-any-profit-then-there-may-not-be-rewards-for-that-epoch-at-the-start-of-the-next-epoch,RESOLVED_EXPLICIT_REPORT_BLOB,https://github.com/code-423n4/2023-02-malt.git,700f9b468f9cf8c9c5cffaa1eba1b8dea40503f9,"[""https://github.com/code-423n4/2023-02-malt/blob/700f9b468f9cf8c9c5cffaa1eba1b8dea40503f9/contracts/RewardSystem/RewardThrottle.sol""]","[""contracts/RewardSystem/RewardThrottle.sol""]","[""https://github.com/code-423n4/2023-02-malt/blob/700f9b468f9cf8c9c5cffaa1eba1b8dea40503f9/contracts/RewardSystem/RewardThrottle.sol""]",04bbbbbec303847d246a9f219c84e36d7c331694b5311d5aad6386b7252fb553,exact repository and revision from report-section blob permalink
isu-3f04c08732ee612c,2023-06-lybra#h-02,https://code4rena.com/reports/2023-06-lybra#h-02-doesnt-calculate-the-current-borrowing-amount-for-the-provider-including-the-providers-borrowed-shares-and-accumulated-fees-due-to-inconsistency-in-collateralratio-calculation,UNRESOLVED_NO_EXPLICIT_BLOB_LINK,,,,[],[],ecc106ac35ddc6f5798da95014796e127c4e2757cb02d9f859fbfd216d52900a,no exact source blob permalink in report section
isu-40ff331ab2d74b97,2022-12-gogopool#h-01,https://code4rena.com/reports/2022-12-gogopool#h-01-avax-assigned-high-water-is-updated-incorrectly,RESOLVED_EXPLICIT_REPORT_BLOB,https://github.com/code-423n4/2022-12-gogopool.git,aec9928d8bdce8a5a4efe45f54c39d4fc7313731,"[""https://github.com/code-423n4/2022-12-gogopool/blob/aec9928d8bdce8a5a4efe45f54c39d4fc7313731/contracts/contract/MinipoolManager.sol""]","[""contracts/contract/MinipoolManager.sol""]","[""https://github.com/code-423n4/2022-12-gogopool/blob/aec9928d8bdce8a5a4efe45f54c39d4fc7313731/contracts/contract/MinipoolManager.sol""]",f3343a8f3dcef79a948d139584b364fbebe9216d1e889830f086d344ff2ece91,exact repository and revision from report-section blob permalink
isu-4198ebcb807fbc55,2021-11-bootfinance#h-03,https://code4rena.com/reports/2021-11-bootfinance#h-03-swaputilssol-wrong-implementation,RESOLVED_EXPLICIT_REPORT_BLOB,https://github.com/code-423n4/2021-11-bootfinance.git,f102ee73eb320532c5a7c1e833f225c479577e39,"[""https://github.com/code-423n4/2021-11-bootfinance/blob/f102ee73eb320532c5a7c1e833f225c479577e39/customswap/contracts/SwapUtils.sol""]","[""customswap/contracts/SwapUtils.sol""]","[""https://github.com/code-423n4/2021-11-bootfinance/blob/f102ee73eb320532c5a7c1e833f225c479577e39/customswap/contracts/SwapUtils.sol""]",4b86477a3f13bea3e7fe3457b7b15080401b99f385e38752d47d0742e60632e5,exact repository and revision from report-section blob permalink
isu-43ea9dbca4e2aa00,2022-08-olympus#h-03,https://code4rena.com/reports/2022-08-olympus#h-03-trsry-front-runnable-setapprovalfor,RESOLVED_EXPLICIT_REPORT_BLOB,https://github.com/code-423n4/2022-08-olympus.git,b5e139d732eb4c07102f149fb9426d356af617aa,"[""https://github.com/code-423n4/2022-08-olympus/blob/b5e139d732eb4c07102f149fb9426d356af617aa/src/modules/TRSRY.sol"",""https://github.com/code-423n4/2022-08-olympus/blob/b5e139d732eb4c07102f149fb9426d356af617aa/src/policies/TreasuryCustodian.sol""]","[""src/modules/TRSRY.sol"",""src/policies/TreasuryCustodian.sol""]","[""https://github.com/code-423n4/2022-08-olympus/blob/b5e139d732eb4c07102f149fb9426d356af617aa/src/modules/TRSRY.sol"",""https://github.com/code-423n4/2022-08-olympus/blob/b5e139d732eb4c07102f149fb9426d356af617aa/src/policies/TreasuryCustodian.sol""]",d549e69a6f7a000dc3a5c366b5d4f9fe4eed1d19835beeb59343b4012afc8620,exact repository and revision from report-section blob permalink
isu-4466760c47c2baca,2022-11-stakehouse#h-06,https://code4rena.com/reports/2022-11-stakehouse#h-06-bringunusedethbackintogiantpool-can-cause-stuck-ether-funds-in-giant-pool,UNRESOLVED_NO_EXPLICIT_BLOB_LINK,,,,[],[],5275af3015562d649dc16c12bc8b7eb0ca104302172241fb394ff3f4cb383cea,no exact source blob permalink in report section
isu-4552f0e361ef04d8,2024-03-dittoeth#h-04,https://code4rena.com/reports/2024-03-dittoeth#h-04-partially-filled-short-records-created-without-a-short-order-cannot-be-liquidated-and-exited,RESOLVED_EXPLICIT_REPORT_BLOB,https://github.com/code-423n4/2024-03-dittoeth.git,91faf46078bb6fe8ce9f55bcb717e5d2d302d22e,"[""https://github.com/code-423n4/2024-03-dittoeth/blob/91faf46078bb6fe8ce9f55bcb717e5d2d302d22e/contracts/facets/ExitShortFacet.sol"",""https://github.com/code-423n4/2024-03-dittoeth/blob/91faf46078bb6fe8ce9f55bcb717e5d2d302d22e/contracts/facets/PrimaryLiquidationFacet.sol"",""https://github.com/code-423n4/2024-03-dittoeth/blob/91faf46078bb6fe8ce9f55bcb717e5d2d302d22e/contracts/facets/SecondaryLiquidationFacet.sol"",""https://github.com/code-423n4/2024-03-dittoeth/blob/91faf46078bb6fe8ce9f55bcb717e5d2d302d22e/contracts/libraries/LibOrders.sol"",""https://github.com/code-423n4/2024-03-dittoeth/blob/91faf46078bb6fe8ce9f55bcb717e5d2d302d22e/contracts/libraries/LibSRUtil.sol""]","[""contracts/facets/ExitShortFacet.sol"",""contracts/facets/PrimaryLiquidationFacet.sol"",""contracts/facets/SecondaryLiquidationFacet.sol"",""contracts/libraries/LibOrders.sol"",""contracts/libraries/LibSRUtil.sol""]","[""https://github.com/code-423n4/2024-03-dittoeth/blob/91faf46078bb6fe8ce9f55bcb717e5d2d302d22e/contracts/facets/ExitShortFacet.sol"",""https://github.com/code-423n4/2024-03-dittoeth/blob/91faf46078bb6fe8ce9f55bcb717e5d2d302d22e/contracts/facets/PrimaryLiquidationFacet.sol"",""https://github.com/code-423n4/2024-03-dittoeth/blob/91faf46078bb6fe8ce9f55bcb717e5d2d302d22e/contracts/facets/SecondaryLiquidationFacet.sol"",""https://github.com/code-423n4/2024-03-dittoeth/blob/91faf46078bb6fe8ce9f55bcb717e5d2d302d22e/contracts/libraries/LibOrders.sol"",""https://github.com/code-423n4/2024-03-dittoeth/blob/91faf46078bb6fe8ce9f55bcb717e5d2d302d22e/contracts/libraries/LibSRUtil.sol""]",478bf8bd6bda3dcacd3b6114259a5d68f03c3eeb2c2cb34deab945859cd7a917,exact repository and revision from report-section blob permalink
isu-457df0c341b72a40,2024-06-playfi-proleague#h-1,https://github.com/code-423n4/zenith-portfolio/tree/main/reports,UNRESOLVED_NON_CODE4RENA_REPORT,,,,,,,requires repository-specific report resolution
isu-483c1ab3704b6517,2023-01-astaria#h-06,https://code4rena.com/reports/2023-01-astaria#h-06-buying-out-corrupts-the-slope-of-a-vault-reducing-rewards-of-lps,RESOLVED_EXPLICIT_REPORT_BLOB,https://github.com/code-423n4/2023-01-astaria.git,1bfc58b42109b839528ab1c21dc9803d663df898,"[""https://github.com/code-423n4/2023-01-astaria/blob/1bfc58b42109b839528ab1c21dc9803d663df898/src/LienToken.sol"",""https://github.com/code-423n4/2023-01-astaria/blob/1bfc58b42109b839528ab1c21dc9803d663df898/src/PublicVault.sol"",""https://github.com/code-423n4/2023-01-astaria/blob/1bfc58b42109b839528ab1c21dc9803d663df898/src/VaultImplementation.sol""]","[""src/LienToken.sol"",""src/PublicVault.sol"",""src/VaultImplementation.sol""]","[""https://github.com/code-423n4/2023-01-astaria/blob/1bfc58b42109b839528ab1c21dc9803d663df898/src/LienToken.sol"",""https://github.com/code-423n4/2023-01-astaria/blob/1bfc58b42109b839528ab1c21dc9803d663df898/src/PublicVault.sol"",""https://github.com/code-423n4/2023-01-astaria/blob/1bfc58b42109b839528ab1c21dc9803d663df898/src/VaultImplementation.sol""]",57923bac886ebe9cb8b5b3d50da2c0245042f4109b4dd9b8d1528a78d3ef31a4,exact repository and revision from report-section blob permalink
isu-4d0b80c5f3074c1c,2023-08-dopex#h-05,https://code4rena.com/reports/2023-08-dopex#h-05-users-can-get-immediate-profit-when-deposit-and-redeem-in-perpetualatlanticvaultlp,UNRESOLVED_NO_EXPLICIT_BLOB_LINK,,,,[],[],35ac409d76cbd45e7d04d9cf6ac75200f8dd425756f6e5d8ec8734a941a51305,no exact source blob permalink in report section
isu-5364060b2d89c4e1,2022-12-tessera#h-04,https://code4rena.com/reports/2022-12-tessera#h-04-optimisticlistingseaportpropose-sets-pendingbalances-of-newly-added-proposer-instead-of-previous-one,UNRESOLVED_NO_EXPLICIT_BLOB_LINK,,,,[],[],52759d0a0fd94a43958ba37ec3f56ab2171de1a24b8c26da2f2ede6641a8e03b,no exact source blob permalink in report section
isu-587a2cf2917ee620,2023-07-axelar#h-01,https://code4rena.com/reports/2023-07-axelar#h-01-expressreceivetoken-can-be-abused-using-reentry,UNRESOLVED_NO_EXPLICIT_BLOB_LINK,,,,[],[],0f70e985597d3f918c6c2561dc5fbe201bb20ada77ed2786b9711032593c245d,no exact source blob permalink in report section
isu-599fced4ea9a8be5,2021-06-pooltogether#h-04,https://code4rena.com/reports/2021-06-pooltogether#h-04-withdraw-timelock-can-be-circumvented,UNRESOLVED_NO_EXPLICIT_BLOB_LINK,,,,[],[],e2a1028b3172e67f2432cf3881ebac550be003469d80394ade474553087a080a,no exact source blob permalink in report section
isu-5a378fce12442b76,2024-06-strateg-proleague#h-1,https://github.com/code-423n4/zenith-portfolio/tree/main/reports,UNRESOLVED_NON_CODE4RENA_REPORT,,,,,,,requires repository-specific report resolution
isu-618635470000c006,2023-01-timeswap#h-03,https://code4rena.com/reports/2023-01-timeswap#h-03-the-collect-function-will-always-transfer-zero-fees-losing-_feespositions-without-receiving-fees,UNRESOLVED_NO_EXPLICIT_BLOB_LINK,,,,[],[],452f359e5c961117beb5247e5c65c3be407ed76d6210a3fdc146c5c6f4c687f2,no exact source blob permalink in report section
isu-61e8584be12659ba,2023-01-rabbithole#h-02,https://code4rena.com/reports/2023-01-rabbithole#h-02-protocol-fees-can-be-withdrawn-multiple-times-in-erc20quest,RESOLVED_EXPLICIT_REPORT_BLOB,https://github.com/rabbitholegg/quest-protocol.git,8c4c1f71221570b14a0479c216583342bd652d8d,"[""https://github.com/rabbitholegg/quest-protocol/blob/8c4c1f71221570b14a0479c216583342bd652d8d/contracts/Erc20Quest.sol"",""https://github.com/rabbitholegg/quest-protocol/blob/8c4c1f71221570b14a0479c216583342bd652d8d/contracts/Quest.sol""]","[""contracts/Erc20Quest.sol"",""contracts/Quest.sol""]","[""https://github.com/rabbitholegg/quest-protocol/blob/8c4c1f71221570b14a0479c216583342bd652d8d/contracts/Erc20Quest.sol"",""https://github.com/rabbitholegg/quest-protocol/blob/8c4c1f71221570b14a0479c216583342bd652d8d/contracts/Quest.sol""]",6ac4dba2ce3fdda9fca0b73ddec6d69731b62f9db092eca3b1e5b3f585a2de29,exact repository and revision from report-section blob permalink
isu-621f43af68268838,2021-04-marginswap#h-07,https://code4rena.com/reports/2021-04-marginswap#h-07-accountholdstoken-is-never-set,UNRESOLVED_NO_EXPLICIT_BLOB_LINK,,,,[],[],28e778c959181a7701ba3b359ba2ee848dc15897a33b2069e07cb08bbfb4b340,no exact source blob permalink in report section
isu-675c757b9950fa5e,2024-07-munchables#h-01,https://code4rena.com/reports/2024-07-munchables#h-01-single-plot-can-be-occupied-by-multiple-renters,RESOLVED_EXPLICIT_REPORT_BLOB,https://github.com/code-423n4/2024-07-munchables.git,94cf468aaabf526b7a8319f7eba34014ccebe7b9,"[""https://github.com/code-423n4/2024-07-munchables/blob/94cf468aaabf526b7a8319f7eba34014ccebe7b9/src/managers/LandManager.sol""]","[""src/managers/LandManager.sol""]","[""https://github.com/code-423n4/2024-07-munchables/blob/94cf468aaabf526b7a8319f7eba34014ccebe7b9/src/managers/LandManager.sol""]",3b09892712d12bf528d735104d6397bd78cf7c15975f868f15d6c2bd81ef2a4f,exact repository and revision from report-section blob permalink
isu-68088a5b0a6df553,2023-05-particle#h-06,https://code4rena.com/reports/2023-05-particle#h-06-marketplace-may-call-onerc721received-and-create-a-lien-during-buynftfrommarket-creating-divergence,RESOLVED_EXPLICIT_REPORT_BLOB,https://github.com/reservoirprotocol/indexer.git,6c89d546d3fb98d5eaa505b9943e89bd91f2e8ec,"[""https://github.com/reservoirprotocol/indexer/blob/6c89d546d3fb98d5eaa505b9943e89bd91f2e8ec/packages/contracts/contracts/router/ReservoirV6_0_1.sol""]","[""packages/contracts/contracts/router/ReservoirV6_0_1.sol""]","[""https://github.com/reservoirprotocol/indexer/blob/6c89d546d3fb98d5eaa505b9943e89bd91f2e8ec/packages/contracts/contracts/router/ReservoirV6_0_1.sol""]",6e56f20810112fc19fe781ceeedf8002af6487974791d3d1580f8d939b968af9,exact repository and revision from report-section blob permalink
isu-696e521de930042e,2024-06-strateg-proleague#h-4,https://github.com/code-423n4/zenith-portfolio/tree/main/reports,UNRESOLVED_NON_CODE4RENA_REPORT,,,,,,,requires repository-specific report resolution
isu-6a4103498e96a7d2,2024-02-ai-arena#h-07,https://code4rena.com/reports/2024-02-ai-arena#h-07-fighters-cannot-be-minted-after-the-initial-generation-due-to-uninitialized-numelements-mapping,UNRESOLVED_NO_EXPLICIT_BLOB_LINK,,,,[],[],6967615fef75c1a86fb3e86ac7bd4f8d08f5bba61ae5ee299bd4c6e9f9c78a55,no exact source blob permalink in report section
isu-6e464662eff8b167,2023-02-malt#h-05,https://code4rena.com/reports/2023-02-malt#h-05-_distributeprofit-will-use-the-stale-globalicswingtradercollateraldeficitswingtradercollateralratio-which-will-result-in-incorrect-profit-distribution,RESOLVED_EXPLICIT_REPORT_BLOB,https://github.com/code-423n4/2023-02-malt.git,700f9b468f9cf8c9c5cffaa1eba1b8dea40503f9,"[""https://github.com/code-423n4/2023-02-malt/blob/700f9b468f9cf8c9c5cffaa1eba1b8dea40503f9/contracts/StabilityPod/ProfitDistributor.sol"",""https://github.com/code-423n4/2023-02-malt/blob/700f9b468f9cf8c9c5cffaa1eba1b8dea40503f9/contracts/StabilityPod/StabilizerNode.sol"",""https://github.com/code-423n4/2023-02-malt/blob/700f9b468f9cf8c9c5cffaa1eba1b8dea40503f9/contracts/StabilityPod/SwingTrader.sol""]","[""contracts/StabilityPod/ProfitDistributor.sol"",""contracts/StabilityPod/StabilizerNode.sol"",""contracts/StabilityPod/SwingTrader.sol""]","[""https://github.com/code-423n4/2023-02-malt/blob/700f9b468f9cf8c9c5cffaa1eba1b8dea40503f9/contracts/StabilityPod/ProfitDistributor.sol"",""https://github.com/code-423n4/2023-02-malt/blob/700f9b468f9cf8c9c5cffaa1eba1b8dea40503f9/contracts/StabilityPod/StabilizerNode.sol"",""https://github.com/code-423n4/2023-02-malt/blob/700f9b468f9cf8c9c5cffaa1eba1b8dea40503f9/contracts/StabilityPod/SwingTrader.sol""]",994ea47beed05fddcd3b0ee805f6acec1b5aa2c3bd8ce76373ac069404309044,exact repository and revision from report-section blob permalink
isu-6ebf8383a0d41341,2024-07-benddao#h-03,https://code4rena.com/reports/2024-07-benddao#h-03-erc721decreaseisolatesupplyonliquidate-missing-clear-lockeraddr,UNRESOLVED_NO_EXPLICIT_BLOB_LINK,,,,[],[],6bc34011eacf67a75432714470625dbbc3cbbe68a5b71a147a694d3aaa25c2ef,no exact source blob permalink in report section
isu-7068f206eea19247,2024-05-loop#h-01,https://code4rena.com/reports/2024-05-loop#h-01-availability-of-deposit-invariant-can-be-bypassed,UNRESOLVED_NO_EXPLICIT_BLOB_LINK,,,,[],[],bc8b1bd8d97bb06297d5702b808b637c38ae7fc46988ff3e954c0115949b06bc,no exact source blob permalink in report section
isu-71121263613cd4c7,2024-03-abracadabra-money#h-01,https://code4rena.com/reports/2024-03-abracadabra-money#h-01-anyone-making-use-of-the-magiclps-twap-to-determine-token-prices-will-be-exploitable,UNRESOLVED_AMBIGUOUS_EXPLICIT_BLOBS,,,,"[""contracts/UniswapV2Pair.sol"",""src/Well.sol""]","[""https://github.com/BeanstalkFarms/Basin/blob/e5441fc78f0fd4b77a898812d0fd22cb43a0af55/src/Well.sol"",""https://github.com/Uniswap/v2-core/blob/ee547b17853e71ed4e0101ccfd52e70d5acded58/contracts/UniswapV2Pair.sol""]",6ec8eb2550fdd4935e467b831ddb71781cbf6131c3af8bbe553d399eb96629be,"[[""BeanstalkFarms"",""Basin"",""e5441fc78f0fd4b77a898812d0fd22cb43a0af55""],[""Uniswap"",""v2-core"",""ee547b17853e71ed4e0101ccfd52e70d5acded58""]]"
isu-749924b9c7ff076d,2024-05-olas#h-01,https://code4rena.com/reports/2024-05-olas#h-01-pointssumslope-not-updated-after-nominee-removal-and-votes-revocation,UNRESOLVED_NO_EXPLICIT_BLOB_LINK,,,,[],[],6ddb77e6aa5737abf44e2249630556844de1444b96341929076e8b4c3c5b618c,no exact source blob permalink in report section
isu-75daa7931b85c90d,2023-03-polynomial#h-01,https://code4rena.com/reports/2023-03-polynomial#h-01-exchange_liquidate-function-can-cause-liquidator-to-burn-too-much-powerperp-tokens,UNRESOLVED_NO_EXPLICIT_BLOB_LINK,,,,[],[],833f63fd84ef99d1d5ed538819a56bfca9c7f91ff426b7ad8e5ed201195cc013,no exact source blob permalink in report section
isu-76e6aa75733cd2f9,2021-05-visorfinance#h-03,https://code4rena.com/reports/2021-05-visorfinance#h-03-approval-for-nft-transfers-is-not-removed-after-transfer,UNRESOLVED_NO_EXPLICIT_BLOB_LINK,,,,[],[],ba6fa0c3506437f40287b2742f237e1b027c3d3649ead22cf1a5d2e8621799a4,no exact source blob permalink in report section
isu-788dfab3feaf2dd1,2023-01-astaria#h-16,https://code4rena.com/reports/2023-01-astaria#h-16-when-public-vault-a-buys-out-public-vault-bs-lien-tokens-it-does-not-increase-public-vault-as-liensopenforepoch-which-would-result-in-the-lien-tokens-not-being-repaid,RESOLVED_EXPLICIT_REPORT_BLOB,https://github.com/code-423n4/2023-01-astaria.git,1bfc58b42109b839528ab1c21dc9803d663df898,"[""https://github.com/code-423n4/2023-01-astaria/blob/1bfc58b42109b839528ab1c21dc9803d663df898/src/LienToken.sol"",""https://github.com/code-423n4/2023-01-astaria/blob/1bfc58b42109b839528ab1c21dc9803d663df898/src/PublicVault.sol"",""https://github.com/code-423n4/2023-01-astaria/blob/1bfc58b42109b839528ab1c21dc9803d663df898/src/VaultImplementation.sol""]","[""src/LienToken.sol"",""src/PublicVault.sol"",""src/VaultImplementation.sol""]","[""https://github.com/code-423n4/2023-01-astaria/blob/1bfc58b42109b839528ab1c21dc9803d663df898/src/LienToken.sol"",""https://github.com/code-423n4/2023-01-astaria/blob/1bfc58b42109b839528ab1c21dc9803d663df898/src/PublicVault.sol"",""https://github.com/code-423n4/2023-01-astaria/blob/1bfc58b42109b839528ab1c21dc9803d663df898/src/VaultImplementation.sol""]",f611113af7c2816ef82586c88485dfa01fc2247ab5baf42a23a338494eb73f95,exact repository and revision from report-section blob permalink
isu-7892f67a73ef5fa1,2022-02-concur#h-01,https://code4rena.com/reports/2022-02-concur#h-01-wrong-reward-token-calculation-in-masterchef-contract,UNRESOLVED_NO_EXPLICIT_BLOB_LINK,,,,[],[],97c1c1f11af918c15f3db0cadad6e77cf0e9462cd3ec4bf5af68b132367a9824,no exact source blob permalink in report section
isu-7bab5a8cb4269c50,2023-12-initcapital#h-01,https://code4rena.com/reports/2023-12-initcapital#h-01-liquidations-can-be-prevented-by-frontrunning-and-liquidating-1-debt-or-more-due-to-wrong-assumption-in-pos_manager,RESOLVED_EXPLICIT_REPORT_BLOB,https://github.com/code-423n4/2023-12-initcapital.git,a53e401529451b208095b3af11862984d0b32177,"[""https://github.com/code-423n4/2023-12-initcapital/blob/a53e401529451b208095b3af11862984d0b32177/contracts/core/PosManager.sol""]","[""contracts/core/PosManager.sol""]","[""https://github.com/code-423n4/2023-12-initcapital/blob/a53e401529451b208095b3af11862984d0b32177/contracts/core/PosManager.sol""]",cf7dda852d8041c6b8e9c1136e5ea403b31bd5988c7780008a8f209027434a28,exact repository and revision from report-section blob permalink
isu-7d695607cb1d5ebf,2024-05-olas#h-01,https://code4rena.com/reports/2024-05-olas#h-01-pointssumslope-not-updated-after-nominee-removal-and-votes-revocation,UNRESOLVED_NO_EXPLICIT_BLOB_LINK,,,,[],[],6ddb77e6aa5737abf44e2249630556844de1444b96341929076e8b4c3c5b618c,no exact source blob permalink in report section
isu-7fa2dc5fe1d424e1,2022-08-frax#h-01,https://code4rena.com/reports/2022-08-frax#h-01-any-borrower-with-bad-debt-can-be-liquidated-multiple-times-to-lock-funds-in-the-lending-pair,RESOLVED_EXPLICIT_REPORT_BLOB,https://github.com/code-423n4/2022-08-frax.git,c4189a3a98b38c8c962c5ea72f1a322fbc2ae45f,"[""https://github.com/code-423n4/2022-08-frax/blob/c4189a3a98b38c8c962c5ea72f1a322fbc2ae45f/src/contracts/FraxlendPairCore.sol""]","[""src/contracts/FraxlendPairCore.sol""]","[""https://github.com/code-423n4/2022-08-frax/blob/c4189a3a98b38c8c962c5ea72f1a322fbc2ae45f/src/contracts/FraxlendPairCore.sol""]",b289d1f2e4caba0fc96dc96a1fe3daf957f1cd625249d8917a4f4a7ddb7c336d,exact repository and revision from report-section blob permalink
isu-803f2b23e37d2038,2022-11-stakehouse#h-08,https://code4rena.com/reports/2022-11-stakehouse#h-08-function-withdraweth-from-giantmevandfeespool-can-steal-most-of-eth-because-of-idleeth-is-reduced-before-burning-token,UNRESOLVED_NO_EXPLICIT_BLOB_LINK,,,,[],[],0cf3d7b81dc56eb0b209d6791b51bb751ccae02219e1586e7ff80c70e17f70af,no exact source blob permalink in report section
isu-825044c76fedfbf3,2023-07-tapioca#h-20,https://code4rena.com/reports/2023-07-tapioca#h-20-_liquidateuser-should-not-re-use-the-same-minimum-swap-amount-out-for-multiple-liquidation,RESOLVED_EXPLICIT_REPORT_BLOB,https://github.com/Tapioca-DAO/tapioca-bar-audit.git,2286f80f928f41c8bc189d0657d74ba83286c668,"[""https://github.com/Tapioca-DAO/tapioca-bar-audit/blob/2286f80f928f41c8bc189d0657d74ba83286c668/contracts/markets/bigBang/BigBang.sol""]","[""contracts/markets/bigBang/BigBang.sol""]","[""https://github.com/Tapioca-DAO/tapioca-bar-audit/blob/2286f80f928f41c8bc189d0657d74ba83286c668/contracts/markets/bigBang/BigBang.sol""]",900c443b99737a11bdae04bb27169dde17d14add384340090055527a8977112b,exact repository and revision from report-section blob permalink
isu-883447fef1177d83,2021-07-wildcredit#h-02,https://code4rena.com/reports/2021-07-wildcredit#h-02-lendingpairliquidateaccount-does-not-accrue-and-update-cumulativeinterestrate,UNRESOLVED_NO_EXPLICIT_BLOB_LINK,,,,[],[],fd2e7f8f175273013fb76a6f64dc10980f0c7419c387a1d1c0c090c5b8a27cec,no exact source blob permalink in report section
isu-8dda8bf0c932db3f,2024-08-superposition#h-02,https://code4rena.com/reports/2024-08-superposition#h-02-unrevoked-approvals-allow-nft-recovery-by-previous-owner,UNRESOLVED_NO_EXPLICIT_BLOB_LINK,,,,[],[],fdfe507c39b4695578c6ef7f90058a64d2f821a11e27ca1d3a3ddd0bc3bbde4d,no exact source blob permalink in report section
isu-8e28a9dae87c4960,2022-07-golom#h-07,https://code4rena.com/reports/2022-07-golom#h-07-_writecheckpoint-does-not-write-to-storage-on-same-block,RESOLVED_EXPLICIT_REPORT_BLOB,https://github.com/golom-protocol/contracts.git,4e84d5c2115d163ca54a1729da46164e8cf4df6d,"[""https://github.com/golom-protocol/contracts/blob/4e84d5c2115d163ca54a1729da46164e8cf4df6d/contracts/vote-escrow/VoteEscrowDelegation.sol""]","[""contracts/vote-escrow/VoteEscrowDelegation.sol""]","[""https://github.com/golom-protocol/contracts/blob/4e84d5c2115d163ca54a1729da46164e8cf4df6d/contracts/vote-escrow/VoteEscrowDelegation.sol""]",9d14d07e911cf60329740c681f333f7cdf77759de341c3cd8dc8a0681ba7a0e2,exact repository and revision from report-section blob permalink
isu-9097ab32e6443dd6,2023-01-ondo#h-01,https://code4rena.com/reports/2023-01-ondo#h-01-loss-of-user-funds-when-completing-cash-redemptions,UNRESOLVED_NO_EXPLICIT_BLOB_LINK,,,,[],[],ae81e45233abf3188e6ebc7186c6f114285438207bc4abac35d727662d6dfcc9,no exact source blob permalink in report section
isu-92cbfaf905a24490,2021-12-defiprotocol#h-01,https://code4rena.com/reports/2021-12-defiprotocol#h-01-wrong-fee-calculation-after-totalsupply-was-0,UNRESOLVED_NO_EXPLICIT_BLOB_LINK,,,,[],[],7e6e8297776bc73763cade79469605b4c2f7d89047c831f8c6f57d1b1f8f056c,no exact source blob permalink in report section
isu-93e7300724394af9,2023-04-party#h-08,https://code4rena.com/reports/2023-04-party#h-08-vetoproposal-user-can-veto-multiple-times-so-every-proposal-can-be-vetoed-by-any-user-that-has-a-small-amount-of-votes,RESOLVED_EXPLICIT_REPORT_BLOB,https://github.com/code-423n4/2023-04-party.git,440aafacb0f15d037594cebc85fd471729bcb6d9,"[""https://github.com/code-423n4/2023-04-party/blob/440aafacb0f15d037594cebc85fd471729bcb6d9/contracts/proposals/VetoProposal.sol""]","[""contracts/proposals/VetoProposal.sol""]","[""https://github.com/code-423n4/2023-04-party/blob/440aafacb0f15d037594cebc85fd471729bcb6d9/contracts/proposals/VetoProposal.sol""]",6784c85704d79a12e7927c93ca62c70d30a39b0910a0c59c9936c0db7d3285f0,exact repository and revision from report-section blob permalink
isu-94218c1aa2acd123,2023-12-particle#h-02,https://code4rena.com/reports/2023-12-particle#h-02-openposition-use-stale-feegrowthinside0lastx128feegrowthinside1lastx128,UNRESOLVED_NO_EXPLICIT_BLOB_LINK,,,,[],[],5f7c7b9b23fea4616f6aa3cc76aeb6073452bd9700e46c8a4a0a69bb49e754f2,no exact source blob permalink in report section
isu-946bf9ba48ae786b,2021-11-unlock#h-03,https://code4rena.com/reports/2021-11-unlock#h-03-mixintransfersoltransferfrom-wrong-implementation-can-potentially-allows-attackers-to-reverse-transfer-and-cause-fund-loss-to-the-users,RESOLVED_EXPLICIT_REPORT_BLOB,https://github.com/code-423n4/2021-11-unlock.git,ec41eada1dd116bcccc5603ce342257584bec783,"[""https://github.com/code-423n4/2021-11-unlock/blob/ec41eada1dd116bcccc5603ce342257584bec783/smart-contracts/contracts/mixins/MixinTransfer.sol""]","[""smart-contracts/contracts/mixins/MixinTransfer.sol""]","[""https://github.com/code-423n4/2021-11-unlock/blob/ec41eada1dd116bcccc5603ce342257584bec783/smart-contracts/contracts/mixins/MixinTransfer.sol""]",7f58289666c3a7da54bdcfd27a3cdf54a2c1fe7bfb13de97cca708f67cb15530,exact repository and revision from report-section blob permalink
isu-9873179830346843,2021-11-streaming#h-08,https://code4rena.com/reports/2021-11-streaming#h-08-tstokens-sometimes-calculated-incorrectly,RESOLVED_EXPLICIT_REPORT_BLOB,https://github.com/code-423n4/2021-11-streaming.git,56d81204a00fc949d29ddd277169690318b36821,"[""https://github.com/code-423n4/2021-11-streaming/blob/56d81204a00fc949d29ddd277169690318b36821/Streaming/src/Locke.sol""]","[""Streaming/src/Locke.sol""]","[""https://github.com/code-423n4/2021-11-streaming/blob/56d81204a00fc949d29ddd277169690318b36821/Streaming/src/Locke.sol""]",8d374cefa57d51e427aa62cac94398fd44afd5cadaa432b5e98a1fb646c129ab,exact repository and revision from report-section blob permalink
isu-99d4c25ac922028c,2023-05-maia#h-28,https://code4rena.com/reports/2023-05-maia#h-28-removing-a-bribeflywheel-from-a-gauge-does-not-remove-the-reward-asset-from-the-rewards-depo-making-it-impossible-to-add-a-new-flywheel-with-the-same-reward-token,UNRESOLVED_NO_EXPLICIT_BLOB_LINK,,,,[],[],ddabb59d870383c2e9ac24a0a4ef07b1e777e02ac7eb7d2faacba6f440183c19,no exact source blob permalink in report section
isu-9bb2eb3155febcd7,2024-04-gondi#h-07,https://code4rena.com/reports/2024-04-gondi#h-07-deploywithdrawalqueue-need-to-clear-_queueaccountinglastqueueindex,UNRESOLVED_NO_EXPLICIT_BLOB_LINK,,,,[],[],523f1eb6d7796ce26c1a843a4dbff43bc56cbd734191bd4c3ed79b79457539ca,no exact source blob permalink in report section
isu-a03c079be75678d0,2022-07-ens#h-02,https://code4rena.com/reports/2022-07-ens#h-02-the-expiry-of-the-parent-node-can-be-smaller-than-the-one-of-a-child-node-violating-the-guarantee-policy,RESOLVED_EXPLICIT_REPORT_BLOB,https://github.com/code-423n4/2022-07-ens.git,ff6e59b9415d0ead7daf31c2ed06e86d9061ae22,"[""https://github.com/code-423n4/2022-07-ens/blob/ff6e59b9415d0ead7daf31c2ed06e86d9061ae22/contracts/wrapper/NameWrapper.sol""]","[""contracts/wrapper/NameWrapper.sol""]","[""https://github.com/code-423n4/2022-07-ens/blob/ff6e59b9415d0ead7daf31c2ed06e86d9061ae22/contracts/wrapper/NameWrapper.sol""]",e93bf59140ad840d1765eeac964c931a90fdc1a6d5bc377ae4ff73ddeca02d37,exact repository and revision from report-section blob permalink
isu-a27f2f1d35d4f56d,2024-03-dittoeth#h-07,https://code4rena.com/reports/2024-03-dittoeth#h-07-valid-redemption-proposals-can-be-disputed-by-decreasing-collateral,RESOLVED_EXPLICIT_REPORT_BLOB,https://github.com/code-423n4/2024-03-dittoeth.git,91faf46078bb6fe8ce9f55bcb717e5d2d302d22e,"[""https://github.com/code-423n4/2024-03-dittoeth/blob/91faf46078bb6fe8ce9f55bcb717e5d2d302d22e/contracts/facets/RedemptionFacet.sol"",""https://github.com/code-423n4/2024-03-dittoeth/blob/91faf46078bb6fe8ce9f55bcb717e5d2d302d22e/contracts/facets/ShortRecordFacet.sol""]","[""contracts/facets/RedemptionFacet.sol"",""contracts/facets/ShortRecordFacet.sol""]","[""https://github.com/code-423n4/2024-03-dittoeth/blob/91faf46078bb6fe8ce9f55bcb717e5d2d302d22e/contracts/facets/RedemptionFacet.sol"",""https://github.com/code-423n4/2024-03-dittoeth/blob/91faf46078bb6fe8ce9f55bcb717e5d2d302d22e/contracts/facets/ShortRecordFacet.sol""]",fab73f29ecbe6ac31c2da3a9df13e58f172327227f2e3829b82e5ad9631793ea,exact repository and revision from report-section blob permalink
isu-a346e0579cc411b2,2021-08-yield#h-02,https://code4rena.com/reports/2021-08-yield#h-02-erc20rewards-returns-wrong-rewards-if-no-tokens-initially-exist,RESOLVED_EXPLICIT_REPORT_BLOB,https://github.com/k06a/Unipool.git,bb1843b454bbb10b3b1ccf48edf5e72a80b2acfe,"[""https://github.com/k06a/Unipool/blob/bb1843b454bbb10b3b1ccf48edf5e72a80b2acfe/contracts/Unipool.sol""]","[""contracts/Unipool.sol""]","[""https://github.com/k06a/Unipool/blob/bb1843b454bbb10b3b1ccf48edf5e72a80b2acfe/contracts/Unipool.sol""]",63a982c0bf0defd1476e5e5237b4852e4535ebd0e2eb34734c2f3b7e19ae6bb9,exact repository and revision from report-section blob permalink
isu-a36b810e7be9bc36,2021-09-defiprotocol#h-02,https://code4rena.com/reports/2021-09-defiprotocol#h-02-basketsolauctionburn-a-failed-auction-will-freeze-part-of-the-funds,UNRESOLVED_NO_EXPLICIT_BLOB_LINK,,,,[],[],6072d3010e55b9d6a2ca410241f63135925ba6eba537598e244b2ed49f43650e,no exact source blob permalink in report section
isu-a4f232f8e3995505,2022-10-traderjoe#h-05,https://code4rena.com/reports/2022-10-traderjoe#h-05-attacker-can-steal-entire-reserves-by-abusing-fee-calculation,RESOLVED_EXPLICIT_REPORT_BLOB,https://github.com/code-423n4/2022-10-traderjoe.git,79f25d48b907f9d0379dd803fc2abc9c5f57db93,"[""https://github.com/code-423n4/2022-10-traderjoe/blob/79f25d48b907f9d0379dd803fc2abc9c5f57db93/src/LBPair.sol"",""https://github.com/code-423n4/2022-10-traderjoe/blob/79f25d48b907f9d0379dd803fc2abc9c5f57db93/src/LBToken.sol""]","[""src/LBPair.sol"",""src/LBToken.sol""]","[""https://github.com/code-423n4/2022-10-traderjoe/blob/79f25d48b907f9d0379dd803fc2abc9c5f57db93/src/LBPair.sol"",""https://github.com/code-423n4/2022-10-traderjoe/blob/79f25d48b907f9d0379dd803fc2abc9c5f57db93/src/LBToken.sol""]",13280639b81e81edfb70ad8280924262f24841fbc56201638060fb8494fa4207,exact repository and revision from report-section blob permalink
isu-a5b45354645d49e9,2022-11-paraspace#h-01,https://code4rena.com/reports/2022-11-paraspace#h-01-data-corruption-in-nftfloororacle-denial-of-service,UNRESOLVED_NO_EXPLICIT_BLOB_LINK,,,,[],[],626b974931e9fb993a8dcbae195ad2fdd9ac7ef8e15be6f9f73cd6838762963e,no exact source blob permalink in report section
isu-a81e34895c47243a,2024-07-traitforge#h-04,https://code4rena.com/reports/2024-07-traitforge#h-04-number-of-entities-in-generation-can-surpass-the-10k-number,UNRESOLVED_NO_EXPLICIT_BLOB_LINK,,,,[],[],d6d230bbd729329d12919f993595069f266f134a32ba32c60ecc05c4c721795d,no exact source blob permalink in report section
isu-a93c6b77cc1d4f75,2021-07-pooltogether#h-03,https://code4rena.com/reports/2021-07-pooltogether#h-03-setyieldsource-leads-to-temporary-wrong-results,UNRESOLVED_NO_EXPLICIT_BLOB_LINK,,,,[],[],a2044ec3bd394b13a754c7e8e1354d0e52a0cd9d8395b09a0f0e03b3774ef8bb,no exact source blob permalink in report section
isu-afed826cfb09b1d0,2021-12-mellow#h-04,https://code4rena.com/reports/2021-12-mellow#h-04-aavevault-does-not-update-tvl-on-depositwithdraw,UNRESOLVED_NO_EXPLICIT_BLOB_LINK,,,,[],[],17fc51409c47c653ac7e94347144cc932e9a2a029e5ade0cc459c493f2a1a596,no exact source blob permalink in report section
isu-b293708ac8e38fa3,2022-11-debtdao#h-05,https://code4rena.com/reports/2022-11-debtdao#h-05-borrower-can-craft-a-borrow-that-cannot-be-liquidated-even-by-arbiter-,UNRESOLVED_NO_EXPLICIT_BLOB_LINK,,,,[],[],f7278043db1d74d1772e53ba256f7d94efe88bdfbb8fea5247d98860f7cdf486,no exact source blob permalink in report section
isu-b544ae99b1509882,2024-08-phi#h-04,https://code4rena.com/reports/2024-08-phi#h-04-forced-endtime-extension-in-updateartsettings-allows-attacker-to-mint-more-tokens,RESOLVED_EXPLICIT_REPORT_BLOB,https://github.com/code-423n4/2024-08-phi.git,8c0985f7a10b231f916a51af5d506dd6b0c54120,"[""https://github.com/code-423n4/2024-08-phi/blob/8c0985f7a10b231f916a51af5d506dd6b0c54120/src/PhiFactory.sol""]","[""src/PhiFactory.sol""]","[""https://github.com/code-423n4/2024-08-phi/blob/8c0985f7a10b231f916a51af5d506dd6b0c54120/src/PhiFactory.sol""]",eee355e8687f131c25ed84b08a5de105fb59f51d29bdefdf3baab1979b3859c5,exact repository and revision from report-section blob permalink
isu-b681cc0782ab7098,2022-09-party#h-05,https://code4rena.com/reports/2022-09-party#h-05-arbitrarycallsproposalsol-and-listonopenseaproposalsol-safeguards-can-be-bypassed-by-cancelling-in-progress-proposal-allowing-the-majority-to-steal-nft,UNRESOLVED_NO_EXPLICIT_BLOB_LINK,,,,[],[],8b2215e301cd6c84e0daf32bf1ce3d0c7319e2c75e2b1b2e9e7c3843aabd9d89,no exact source blob permalink in report section
isu-b7d3203547e02ba9,2022-12-tigris#h-01,https://code4rena.com/reports/2022-12-tigris#h-01-locksol-assets-deposited-with-lockextendlock-function-are-lost,RESOLVED_EXPLICIT_REPORT_BLOB,https://github.com/code-423n4/2022-12-tigris.git,496e1974ee3838be8759e7b4096dbee1b8795593,"[""https://github.com/code-423n4/2022-12-tigris/blob/496e1974ee3838be8759e7b4096dbee1b8795593/contracts/Lock.sol""]","[""contracts/Lock.sol""]","[""https://github.com/code-423n4/2022-12-tigris/blob/496e1974ee3838be8759e7b4096dbee1b8795593/contracts/Lock.sol""]",64f606df986a981037d59ceb4df29fa73b6efebf9e8062baf1971109db042056,exact repository and revision from report-section blob permalink
isu-bd1cee16e89b05be,2023-03-polynomial#h-05,https://code4rena.com/reports/2023-03-polynomial#h-05-uneven-deduction-of-performance-fee-causes-some-kangaroovault-users-to-lose-part-of-their-token-value,UNRESOLVED_NO_EXPLICIT_BLOB_LINK,,,,[],[],897d1477cdfc9dd196569006cb293f8b2b9800cc826136310ab4c11a5c160df5,no exact source blob permalink in report section
isu-bed3fb17def1a543,2022-12-tessera#h-03,https://code4rena.com/reports/2022-12-tessera#h-03-groupbuy_verifyunsuccessfulstate-and-_verifysuccessfulstate-both-can-return-true-when-blocktimestamp--poolterminationperiod,RESOLVED_EXPLICIT_REPORT_BLOB,https://github.com/code-423n4/2022-12-tessera.git,1e408ebc1c4fdcc72678ea7f21a94d38855ccc0b,"[""https://github.com/code-423n4/2022-12-tessera/blob/1e408ebc1c4fdcc72678ea7f21a94d38855ccc0b/src/modules/GroupBuy.sol""]","[""src/modules/GroupBuy.sol""]","[""https://github.com/code-423n4/2022-12-tessera/blob/1e408ebc1c4fdcc72678ea7f21a94d38855ccc0b/src/modules/GroupBuy.sol""]",7542d96275f6c795a2f02ec9de7bf3ec01c7c9c8a15377c003ad5af269d70162,exact repository and revision from report-section blob permalink
isu-c2b72eea7d3386af,2022-02-anchor#h-01,https://code4rena.com/reports/2022-02-anchor#h-01-spend-limit-on-owner-can-be-bypassed,UNRESOLVED_NO_EXPLICIT_BLOB_LINK,,,,[],[],bf26a42b1986837764ea44d5a8b39432ccf690dc2ef21ea8200215985411c15a,no exact source blob permalink in report section
isu-c861ec930b030c28,2021-10-mochi#h-11,https://code4rena.com/reports/2021-10-mochi#h-11-treasuryshare-is-overwritten-in-feepoolv0_sharemochi,UNRESOLVED_NO_EXPLICIT_BLOB_LINK,,,,[],[],0589ef2eb6858d118f6ff98ef191bf905f5c3bb28ceb4487917ab0e34c25e7d7,no exact source blob permalink in report section
isu-c8e0f60aa46e48a0,2022-12-backed#h-01,https://code4rena.com/reports/2022-12-backed#h-01-borrowers-may-earn-auction-proceeds-without-filling-the-debt-shortfall,RESOLVED_EXPLICIT_REPORT_BLOB,https://github.com/with-backed/papr.git,9528f2711ff0c1522076b9f93fba13f88d5bd5e6,"[""https://github.com/with-backed/papr/blob/9528f2711ff0c1522076b9f93fba13f88d5bd5e6/src/PaprController.sol""]","[""src/PaprController.sol""]","[""https://github.com/with-backed/papr/blob/9528f2711ff0c1522076b9f93fba13f88d5bd5e6/src/PaprController.sol""]",e5c49f5cb8286ff631c0acc971d7d0c00c2fcdc3440a7dd9a84fefd30368d706,exact repository and revision from report-section blob permalink
isu-ca5f6661a91a0ea5,2024-04-gondi#h-06,https://code4rena.com/reports/2024-04-gondi#h-06-function-settlewithbuyout-does-not-call-loanmanagerloanliquidation-during-a-buyout,RESOLVED_EXPLICIT_REPORT_BLOB,https://github.com/code-423n4/2024-04-gondi.git,b9863d73c08fcdd2337dc80a8b5e0917e18b036c,"[""https://github.com/code-423n4/2024-04-gondi/blob/b9863d73c08fcdd2337dc80a8b5e0917e18b036c/src/lib/pools/Pool.sol""]","[""src/lib/pools/Pool.sol""]","[""https://github.com/code-423n4/2024-04-gondi/blob/b9863d73c08fcdd2337dc80a8b5e0917e18b036c/src/lib/pools/Pool.sol""]",d0fc8ffd9ae191fc616089342f2aae3d4f7d865f0c8a3e0f565574415deba2cc,exact repository and revision from report-section blob permalink
isu-d40734add7641db5,2022-07-golom#h-04,https://code4rena.com/reports/2022-07-golom#h-04-old-delegatee-not-deleted-when-delegating-to-new-tokenid,RESOLVED_EXPLICIT_REPORT_BLOB,https://github.com/code-423n4/2022-07-golom.git,8f198624b97addbbe9602a451c908ea51bd3357c,"[""https://github.com/code-423n4/2022-07-golom/blob/8f198624b97addbbe9602a451c908ea51bd3357c/contracts/vote-escrow/VoteEscrowDelegation.sol""]","[""contracts/vote-escrow/VoteEscrowDelegation.sol""]","[""https://github.com/code-423n4/2022-07-golom/blob/8f198624b97addbbe9602a451c908ea51bd3357c/contracts/vote-escrow/VoteEscrowDelegation.sol""]",cac456ee3e3df10ac0ffbcfcb16b1505b07dce117d8ee662b4b98a983a83be3c,exact repository and revision from report-section blob permalink
isu-d82a8ede733c07e2,2021-12-amun#h-01,https://code4rena.com/reports/2021-12-amun#h-01-unused-erc20-tokens-are-not-refunded-and-can-be-stolen-by-attacker,RESOLVED_EXPLICIT_REPORT_BLOB,https://github.com/code-423n4/2021-12-amun.git,cf890dedf2e43ec787e8e5df65726316fda134a1,"[""https://github.com/code-423n4/2021-12-amun/blob/cf890dedf2e43ec787e8e5df65726316fda134a1/contracts/basket/contracts/facets/Basket/BasketFacet.sol"",""https://github.com/code-423n4/2021-12-amun/blob/cf890dedf2e43ec787e8e5df65726316fda134a1/contracts/basket/contracts/singleJoinExit/SingleTokenJoinV2.sol""]","[""contracts/basket/contracts/facets/Basket/BasketFacet.sol"",""contracts/basket/contracts/singleJoinExit/SingleTokenJoinV2.sol""]","[""https://github.com/code-423n4/2021-12-amun/blob/cf890dedf2e43ec787e8e5df65726316fda134a1/contracts/basket/contracts/facets/Basket/BasketFacet.sol"",""https://github.com/code-423n4/2021-12-amun/blob/cf890dedf2e43ec787e8e5df65726316fda134a1/contracts/basket/contracts/singleJoinExit/SingleTokenJoinV2.sol""]",469dd24fbe76c382d570dd93985f93bddefa31b9baf84bbed9a453a541f14c3f,exact repository and revision from report-section blob permalink
isu-da726f3c7052bc2d,2024-03-gitcoin#h-01,https://code4rena.com/reports/2024-03-gitcoin#h-01-usertotalstaked-invariant-will-be-broken-due-to-vulnerable-implementations-in-release,RESOLVED_EXPLICIT_REPORT_BLOB,https://github.com/code-423n4/2024-03-gitcoin.git,6529b351cd72a858541f60c52f0e5ad0fb6f1b16,"[""https://github.com/code-423n4/2024-03-gitcoin/blob/6529b351cd72a858541f60c52f0e5ad0fb6f1b16/id-staking-v2/contracts/IdentityStaking.sol""]","[""id-staking-v2/contracts/IdentityStaking.sol""]","[""https://github.com/code-423n4/2024-03-gitcoin/blob/6529b351cd72a858541f60c52f0e5ad0fb6f1b16/id-staking-v2/contracts/IdentityStaking.sol""]",59ca88947cb9f7408eb7a8d4041bc0bbdab4272620ad1b92d181bcf9ec11b881,exact repository and revision from report-section blob permalink
isu-dbd7bec2a34c98ec,2021-10-mochi#h-06,https://code4rena.com/reports/2021-10-mochi#h-06-referrer-can-drain-referralfeepoolv0,UNRESOLVED_NO_EXPLICIT_BLOB_LINK,,,,[],[],8bf9b593ad53cb536e43cc94e44a2a711462eb23277f26dfc96b512cac451ad0,no exact source blob permalink in report section
isu-dddbc27879224819,2024-05-bakerfi#h-04,https://code4rena.com/reports/2024-05-bakerfi#h-04-multiple-swap-lack-slippage-protection,UNRESOLVED_NO_EXPLICIT_BLOB_LINK,,,,[],[],1edd37b50ed8dd1f619d72a3246fa7b43e73d4dc31d4ce477b2bf3435bb41835,no exact source blob permalink in report section
isu-e419c46c714b5de0,2022-07-golom#h-10,https://code4rena.com/reports/2022-07-golom#h-10-upon-changing-of-delegate-votedelegation-updates-both-the-previous-and-the-current-checkpoint,UNRESOLVED_NO_EXPLICIT_BLOB_LINK,,,,[],[],8b84007bf6f18770ee463c2cfb33d8b826d1242e563df68350f89967f78b4db8,no exact source blob permalink in report section
isu-e6225382384fe664,2023-01-astaria#h-17,https://code4rena.com/reports/2023-01-astaria#h-17-function-processepoch-in-publicvault-would-revert-when-most-of-the-users-withdraw-their-funds-because-of-the-underflow-for-new-yintercept-calculation,RESOLVED_EXPLICIT_REPORT_BLOB,https://github.com/code-423n4/2023-01-astaria.git,1bfc58b42109b839528ab1c21dc9803d663df898,"[""https://github.com/code-423n4/2023-01-astaria/blob/1bfc58b42109b839528ab1c21dc9803d663df898/src/PublicVault.sol""]","[""src/PublicVault.sol""]","[""https://github.com/code-423n4/2023-01-astaria/blob/1bfc58b42109b839528ab1c21dc9803d663df898/src/PublicVault.sol""]",812f3d4c6dea8cd2ff10627d997afbc5f4fbbe0ae7a3c1f5f66812a4d9bc9d1a,exact repository and revision from report-section blob permalink
isu-e7bbd2d210067dcd,2023-08-verwa#h-03,https://code4rena.com/reports/2023-08-verwa#h-03-when-adding-a-gauge-its-initial-value-has-to-be-set-by-an-admin-or-all-voting-power-towards-it-will-be-lost,UNRESOLVED_NO_EXPLICIT_BLOB_LINK,,,,[],[],0f5acf153a047ab27aa52538c8081e0f7ca9e78c89d5e8332c70d68e3acbadf5,no exact source blob permalink in report section
isu-e9b6781be5ff75b5,2023-05-particle#h-02,https://code4rena.com/reports/2023-05-particle#h-02-treasury-fee-is-not-collected-in-withdrawethwithinterest,UNRESOLVED_NO_EXPLICIT_BLOB_LINK,,,,[],[],5e0139f53f83ff23d894e2e3d0e31e8ac3abc56e692e3626a90558242b399172,no exact source blob permalink in report section
isu-eb587e226bbc8d94,2024-01-salty#h-02,https://code4rena.com/reports/2024-01-salty#h-02-first-liquidity-provider-can-claim-all-initial-pool-rewards,RESOLVED_EXPLICIT_REPORT_BLOB,https://github.com/code-423n4/2024-01-salty.git,53516c2cdfdfacb662cdea6417c52f23c94d5b5b,"[""https://github.com/code-423n4/2024-01-salty/blob/53516c2cdfdfacb662cdea6417c52f23c94d5b5b/src/staking/StakingRewards.sol""]","[""src/staking/StakingRewards.sol""]","[""https://github.com/code-423n4/2024-01-salty/blob/53516c2cdfdfacb662cdea6417c52f23c94d5b5b/src/staking/StakingRewards.sol""]",c045c91bbf0e79242766637d5cad5e4866396341f317e9259c94e43a38fafc61,exact repository and revision from report-section blob permalink
isu-eca0ea552ad071da,2023-12-ethereumcreditguild#h-01,https://code4rena.com/reports/2023-12-ethereumcreditguild#h-01-the-usergaugeprofitindex-is-not-set-correctly-allowing-an-attacker-to-receive-rewards-without-waiting,RESOLVED_EXPLICIT_REPORT_BLOB,https://github.com/code-423n4/2023-12-ethereumcreditguild.git,2376d9af792584e3d15ec9c32578daa33bb56b43,"[""https://github.com/code-423n4/2023-12-ethereumcreditguild/blob/2376d9af792584e3d15ec9c32578daa33bb56b43/src/governance/ProfitManager.sol""]","[""src/governance/ProfitManager.sol""]","[""https://github.com/code-423n4/2023-12-ethereumcreditguild/blob/2376d9af792584e3d15ec9c32578daa33bb56b43/src/governance/ProfitManager.sol""]",68c90dd21a7ca270a1f9c136fdcca8eb7a77e79a5958f03605d6d5c5fb8a0fa7,exact repository and revision from report-section blob permalink
isu-ecf9619f09fc2036,2023-09-venus#h-01,https://code4rena.com/reports/2023-09-venus#h-01-primesol---user-can-claim-prime-token-without-having-any-staked-xvs-because-his-stakedat-isnt-reset-whenever-he-is-issued-an-irrevocable-token,UNRESOLVED_NO_EXPLICIT_BLOB_LINK,,,,[],[],8e028ad8b9831bec4cee4f152bc1051c3dcdd44a7acb9e529158dc690361c24e,no exact source blob permalink in report section
isu-ed3f20846f5d653b,2022-04-abranft#h-03,https://code4rena.com/reports/2022-04-abranft#h-03-critical-oracle-manipulation-risk-by-lender,RESOLVED_EXPLICIT_REPORT_BLOB,https://github.com/code-423n4/2022-04-abranft.git,5cd4edc3298c05748e952f8a8c93e42f930a78c2,"[""https://github.com/code-423n4/2022-04-abranft/blob/5cd4edc3298c05748e952f8a8c93e42f930a78c2/contracts/NFTPairWithOracle.sol""]","[""contracts/NFTPairWithOracle.sol""]","[""https://github.com/code-423n4/2022-04-abranft/blob/5cd4edc3298c05748e952f8a8c93e42f930a78c2/contracts/NFTPairWithOracle.sol""]",9124fbe7dac1e5e3dadc314c935c4872a60d26d7092a15606b63513bfca40887,exact repository and revision from report-section blob permalink
isu-eede234fdc432adf,2023-04-party#h-07,https://code4rena.com/reports/2023-04-party#h-07-initialethcrowdfund--reraiseethcrowdfund-batchcontributefor-function-may-not-refund-eth-which-leads-to-loss-of-funds,RESOLVED_EXPLICIT_REPORT_BLOB,https://github.com/code-423n4/2023-04-party.git,440aafacb0f15d037594cebc85fd471729bcb6d9,"[""https://github.com/code-423n4/2023-04-party/blob/440aafacb0f15d037594cebc85fd471729bcb6d9/contracts/crowdfund/Crowdfund.sol"",""https://github.com/code-423n4/2023-04-party/blob/440aafacb0f15d037594cebc85fd471729bcb6d9/contracts/crowdfund/InitialETHCrowdfund.sol"",""https://github.com/code-423n4/2023-04-party/blob/440aafacb0f15d037594cebc85fd471729bcb6d9/contracts/crowdfund/ReraiseETHCrowdfund.sol""]","[""contracts/crowdfund/Crowdfund.sol"",""contracts/crowdfund/InitialETHCrowdfund.sol"",""contracts/crowdfund/ReraiseETHCrowdfund.sol""]","[""https://github.com/code-423n4/2023-04-party/blob/440aafacb0f15d037594cebc85fd471729bcb6d9/contracts/crowdfund/Crowdfund.sol"",""https://github.com/code-423n4/2023-04-party/blob/440aafacb0f15d037594cebc85fd471729bcb6d9/contracts/crowdfund/InitialETHCrowdfund.sol"",""https://github.com/code-423n4/2023-04-party/blob/440aafacb0f15d037594cebc85fd471729bcb6d9/contracts/crowdfund/ReraiseETHCrowdfund.sol""]",1fddea5359d7fc596dc66d804c1212067c18c0b2582969e4cb1220301c51f28b,exact repository and revision from report-section blob permalink
isu-f1ac2ad156241780,2021-09-sushitrident-2#h-03,https://code4rena.com/reports/2021-09-sushitrident-2#h-03-concentratedliquiditypoolmanagers-incentives-can-be-stolen,UNRESOLVED_NO_EXPLICIT_BLOB_LINK,,,,[],[],a9b8df170b1f8fa7daaf1ecd69d113c6b5c8e0c54b664ce9f16aec5c72e07035,no exact source blob permalink in report section
isu-f1fe35637a0d3f8e,2024-07-munchables#h-05,https://code4rena.com/reports/2024-07-munchables#h-05-failure-to-update-dirty-flag-in-transfertounoccupiedplot-prevents-reward-accumulation-on-valid-plot,RESOLVED_EXPLICIT_REPORT_BLOB,https://github.com/code-423n4/2024-07-munchables.git,94cf468aaabf526b7a8319f7eba34014ccebe7b9,"[""https://github.com/code-423n4/2024-07-munchables/blob/94cf468aaabf526b7a8319f7eba34014ccebe7b9/src/managers/LandManager.sol""]","[""src/managers/LandManager.sol""]","[""https://github.com/code-423n4/2024-07-munchables/blob/94cf468aaabf526b7a8319f7eba34014ccebe7b9/src/managers/LandManager.sol""]",8199d6aa5ebd890ccbe263dfa1503fc84d3d53182c3f0d1bfe08df0f1e6f7101,exact repository and revision from report-section blob permalink
isu-f352a265e8532ba2,2023-03-neotokyo#h-01,https://code4rena.com/reports/2023-03-neotokyo#h-01-updating-a-pools-total-points-doesnt-affect-existing-stake-positions-for-rewards-calculation,UNRESOLVED_NO_EXPLICIT_BLOB_LINK,,,,[],[],6a85af54f5aa09af1b59a69aa3cdd328948274736fd9de665ca4cb3fe34b9fcf,no exact source blob permalink in report section
isu-f7386becee7ae490,2023-03-polynomial#h-04,https://code4rena.com/reports/2023-03-polynomial#h-04-kangaroovaultremovecollateral-updates-storage-without-actually-removing-collateral-resulting-in-lost-collateral,UNRESOLVED_NO_EXPLICIT_BLOB_LINK,,,,[],[],38e17586ddd1254c0954d7304690c97b2aef9e702487ab378b8382ce64911423,no exact source blob permalink in report section
isu-fbf2b10a648eab46,2021-05-visorfinance#h-02,https://code4rena.com/reports/2021-05-visorfinance#h-02-nft-transfer-approvals-are-not-removed-and-cannot-be-revoked-thus-leading-to-loss-of-nft-tokens,RESOLVED_EXPLICIT_REPORT_BLOB,https://github.com/code-423n4/2021-05-visorfinance.git,e0f15162a017130aa66910d46c70ee074b64dd40,"[""https://github.com/code-423n4/2021-05-visorfinance/blob/e0f15162a017130aa66910d46c70ee074b64dd40/contracts/contracts/visor/Visor.sol""]","[""contracts/contracts/visor/Visor.sol""]","[""https://github.com/code-423n4/2021-05-visorfinance/blob/e0f15162a017130aa66910d46c70ee074b64dd40/contracts/contracts/visor/Visor.sol""]",c5219199f304c6950ed1598b259d993bdc602c6312d6029fb09bd65832186ff4,exact repository and revision from report-section blob permalink
isu-fd0d74c979018cd3,2024-08-superposition#h-01,https://code4rena.com/reports/2024-08-superposition#h-01-update_emergency_council_7_d_0_c_1_c_58-updates-nft-manager-instead-of-emergency-council,UNRESOLVED_NO_EXPLICIT_BLOB_LINK,,,,[],[],1522267b96fa48fdc3ba0640cdf9a2459aee33ade824800ef842b0bd761e9eac,no exact source blob permalink in report section
isu-fd0e69f56642d218,2024-04-dyad#h-01,https://code4rena.com/reports/2024-04-dyad#h-01-design-flaw-and-mismanagement-in-vault-licensing-leads-to-double-counting-in-collateral-ratios-and-positions-collateralized-entirely-with-kerosine,RESOLVED_EXPLICIT_REPORT_BLOB,https://github.com/code-423n4/2024-04-dyad.git,cd48c684a58158de444b24854ffd8f07d046c31b,"[""https://github.com/code-423n4/2024-04-dyad/blob/cd48c684a58158de444b24854ffd8f07d046c31b/script/deploy/Deploy.V2.s.sol""]","[""script/deploy/Deploy.V2.s.sol""]","[""https://github.com/code-423n4/2024-04-dyad/blob/cd48c684a58158de444b24854ffd8f07d046c31b/script/deploy/Deploy.V2.s.sol""]",a0c1c65ac4eec520eb055359896d59e117c3df40e9077fc8d838290af5ad0d90,exact repository and revision from report-section blob permalink
