oracle_row_id,accepted_build,b0_run_status,packet,candidate_reference,semantic_match,over_approximation,nonmatch_reason,notes
isu-04290457af95545c,True,SUCCESS,packets/isu-04290457af95545c.json,"{""compilation_unit_id"":""f8d4190ee73099c108be"",""candidate_id"":""0c9c6e3ba43ef87df07e""}",N,,"relation_not_recovered: the closest liquidity candidate is UniswapV2Pair LP balanceOf/totalSupply accounting. H-10 requires LiquidityBasedTWAP.previousPrices to remain synchronized with synced VADER/USDV price state; B0 contains no LiquidityBasedTWAP, previousPrices, twapData, or totalLiquidityWeight relation, so the lagged-price invariant is not recovered.",
isu-08012d284cc5c894,False,NOT_RUN,packets/isu-08012d284cc5c894.json,,,,,
isu-0e465664136af674,True,SUCCESS,packets/isu-0e465664136af674.json,"{""compilation_unit_id"":""743ec149bfd88f17648f"",""candidate_id"":""b0edcf69b82a5307d5af""}",N,,relation_not_recovered: candidate relates Governable.DAO to Governable.configured; it does not recover the user pendingFlashDecision state corrupted by burnFlashGovernanceAsset and later consumed by withdrawGovernanceAsset.,
isu-140bdc30e6ad4e0f,True,SUCCESS,packets/isu-140bdc30e6ad4e0f.json,"{""compilation_unit_id"":""bc2327c3b3b02aa1e297"",""candidate_id"":""8e1ce0b619883f9f530b""}",N,,"relation_not_recovered: the closest sync candidate recovers reserveAsset together with the WETH address variable, but H-08 depends on delegated-WETH accounting: withdraw reduces the delegate's actual WETH while totalWethDelegated remains inflated, and sync later consumes that stale aggregate to understate WETH reserves. totalWethDelegated is absent from every candidate, so the recovered reserve/address relation does not encompass the historical invariant.",
isu-1489a907db2c88e6,True,SUCCESS,packets/isu-1489a907db2c88e6.json,"{""compilation_unit_id"":""0e6dccf434e1343dec21"",""candidate_id"":""6aa29de56cd17780ba06""}",N,,"relation_not_recovered: the only sfrxETH-adjacent candidate models ERC20 permit nonces/name. H-01 requires the withdrawal/reward-accounting relation involving storedTotalAssets, the still-untransferred asset balance, and reward-cycle state used by syncRewards/nextRewards. None of that persistent accounting state is recovered.",
isu-1b5be01d594891c0,True,SUCCESS,packets/isu-1b5be01d594891c0.json,"{""compilation_unit_id"":""b29edd689496896b4100"",""candidate_id"":""cbb43642298075e98f42""}",N,,"relation_not_recovered: B0 recovers activeListings/proposedListings and reaches propose/_constructOrder/cash in OptimisticListingSeaport, but H-06 depends on the separate vaultOrderHash being overwritten by a new proposal while the active listing still needs its old hash. vaultOrderHash is absent from every relation, so the active/pending hash invariant is not recovered.",
isu-1c705b46e47ec11f,True,SUCCESS,packets/isu-1c705b46e47ec11f.json,"{""compilation_unit_id"":""1fa7d62b8551c4db100f"",""candidate_id"":""ff3774b7d081e4c5424e""}",N,,"relation_not_recovered: this onERC721Received candidate models tokenOwner/transformerAllowList/transformedTokenId, which are transform-control state. H-02 fundamentally relates loans[tokenId].debtShares to tokenConfigs[token].totalDebtShares; reentrancy causes the latter to be updated twice relative to the loan debt. No serialized relation recovers that debt-share accounting core.",
isu-205a80b00fbad2f4,True,SUCCESS,packets/isu-205a80b00fbad2f4.json,"{""compilation_unit_id"":""3f7d71f3967c6e15152c"",""candidate_id"":""0a2f043025ef3b840d68""}",N,,relation_not_recovered: the closest fee candidate models Curves.feeRedistributor/feesEconomics. H-02 requires token-holder balance changes to remain synchronized with FeeSplitter cumulativeFeePerToken/userFeeOffset (and resulting fee credit); transfer/deposit/withdraw omit onBalanceChange. No FeeSplitter accumulator or user-offset state appears in a candidate relation.,
isu-211c9c334eb3c204,True,SUCCESS,packets/isu-211c9c334eb3c204.json,,N,,"relation_not_recovered: the successful B0 run produced zero candidates, so no candidate recovers the source/target position deposit-time and bucket-bankruptcy accounting relation corrupted by moveLiquidity assigning the source depositTime directly to the target position.",
isu-217034fbb08f5c0d,True,SUCCESS,packets/isu-217034fbb08f5c0d.json,"{""compilation_unit_id"":""447305324c75218f34c1"",""candidate_id"":""ed1772b1840be2197dd2""}",Y,N,,"Accepted at downstream reward-accounting granularity: exact bringUnusedETHBackIntoGiantPool context, with totalClaimed/totalETHSeen feeding totalRewardsReceived/_updateAccumulatedETHPerLP."
isu-26042bb2179bcaca,True,SUCCESS,packets/isu-26042bb2179bcaca.json,"{""compilation_unit_id"":""07d6642018375230fb44"",""candidate_id"":""b5160fddba14939d5920""}",Y,Y,,"Accepted at authorization/repair-surface granularity: B0 recovers the transfer-context approval/key-manager relation and serializes _clearApproval, the published repair for the omitted single-token approval clear. Marked over-approximation because the candidate includes additional authorization state beyond the minimal historical invariant."
isu-2c16ce676efb9c65,True,SUCCESS,packets/isu-2c16ce676efb9c65.json,"{""compilation_unit_id"":""447305324c75218f34c1"",""candidate_id"":""f248c6caa6059b7c4cd5""}",Y,N,,"Accepted at downstream/reentrancy granularity: B0 recovers the vulnerable beforeTokenTransfer reward-payout transition and the claimRewards reentry surface through totalClaimed/totalETHSeen, while abstracting away idleETH and the pre-burn LP-balance component."
isu-2d5b45fab3d5c487,True,SUCCESS,packets/isu-2d5b45fab3d5c487.json,"{""compilation_unit_id"":""2e0c956148f66ded2694"",""candidate_id"":""0d20a46157550bf42fd5""}",N,,"relation_not_recovered: the packet candidates concern OpenZeppelin Initializable _initialized/_initializing state. H-01 requires the Well reserve state to remain synchronized with Pump oracle/checkpoint state across shift/sync, with stale Pump data later affecting oracle output. No reserve/Pump relation is recovered.",
isu-2f54a050d80e44db,False,NOT_RUN,packets/isu-2f54a050d80e44db.json,,,,,
isu-372237591d0d9a31,True,SUCCESS,packets/isu-372237591d0d9a31.json,"{""compilation_unit_id"":""495e9875ce545f14ce5e"",""candidate_id"":""a2fc240c1d10f390e743""}",N,,relation_not_recovered: the closest project candidate only models OpenZeppelin Initializable state during VRFNFTRandomDraw.initialize. H-01 requires recoverTimelock to be refreshed with each draw/redraw and later consumed by lastResortTimelockOwnerClaimNFT; recoverTimelock/draw-timelock state is absent from all candidates.,
isu-3c60182de8dc2cd0,True,SUCCESS,packets/isu-3c60182de8dc2cd0.json,"{""compilation_unit_id"":""3f0273a07610adb51474"",""candidate_id"":""52bda19242bf83940a37""}",N,,relation_not_recovered: the closest dispute-state candidate relates FaultDisputeGame.resolutionCheckpoints to resolvedSubgames. H-03 requires the LPPMetadata claimedSize/partOffset initialization and later squeeze/hash consumption; no candidate contains LPP metadata or an encompassing preimage-state relation.,
isu-4198ebcb807fbc55,True,SUCCESS,packets/isu-4198ebcb807fbc55.json,,N,,"relation_not_recovered: the successful B0 run produced zero candidates, so no candidate recovers the target-price/tokenPrecisionMultipliers synchronization used by SwapUtils pricing.",
isu-4466760c47c2baca,True,SUCCESS,packets/isu-4466760c47c2baca.json,"{""compilation_unit_id"":""447305324c75218f34c1"",""candidate_id"":""ed1772b1840be2197dd2""}",Y,N,,Accepted consistently with isu-217034fbb08f5c0d: the same B0 candidate recovers the exact bringUnusedETHBackIntoGiantPool downstream reward-accounting surface for the same missing idleETH synchronization; H-06 and H-10 are two consequences of that omission.
isu-4552f0e361ef04d8,True,SUCCESS,packets/isu-4552f0e361ef04d8.json,"{""compilation_unit_id"":""01c281875860ea7b8bf2"",""candidate_id"":""e56434e613a03eb559e5""}",N,,relation_not_recovered: the closest in-scope Ditto candidate models ERC721Facet approval state inside aggregate AppStorage. H-04 requires the ShortRecord status/short-order association created by matchIncomingSell/sellMatchAlgo when a partially filled record is left without a market order; no candidate recovers ShortRecord or order-book state.,
isu-483c1ab3704b6517,True,SUCCESS,packets/isu-483c1ab3704b6517.json,"{""compilation_unit_id"":""5c881d374f4ae81d9bb5"",""candidate_id"":""fea131313148ca285e6c""}",N,,relation_not_recovered: the closest protocol-specific candidate is ClearingHouse.transferUnderlying over ERC721 owner/approval state. H-06 requires the old/new lien slope to remain synchronized with the PublicVault total slope during buyout; none of the three candidates recover lien or vault slope accounting.,
isu-5364060b2d89c4e1,True,SUCCESS,packets/isu-5364060b2d89c4e1.json,"{""compilation_unit_id"":""8933ab033a9673f1166d"",""candidate_id"":""7f637fffd481cdd38107""}",N,,"relation_not_recovered: the candidate recovers the Seaport proposedListings/activeListings lifecycle, but H-04 is the proposer-collateral credit relation between proposedListing and pendingBalances inside propose: _setListing overwrites proposer/collateral before pendingBalances is credited. pendingBalances/collateral is not recovered by any candidate, so the listing-state relation does not encompass the miscredited balance.",
isu-621f43af68268838,True,SUCCESS,packets/isu-621f43af68268838.json,"{""compilation_unit_id"":""245bfee811b9881bdfe4"",""candidate_id"":""f4f6102a6f490bb345cd""}",N,,"relation_not_recovered: candidate covers tokenCaps/totalLong/totalShort exposure accounting, not the account.holdsToken/holdingTokens/holdings membership relation broken by addHolding failing to set holdsToken.",
isu-675c757b9950fa5e,True,SUCCESS,packets/isu-675c757b9950fa5e.json,"{""compilation_unit_id"":""583634e73273cb1d7ce9"",""candidate_id"":""c7aa8a623c4c41fc18f0""}",Y,N,,Accepted at whole-struct granularity: B0 recovers toilerState/plotOccupied and the exact transferToUnoccupiedPlot occupancy surface; aggregate toilerState covers the omitted plotId update.
isu-6a4103498e96a7d2,True,SUCCESS,packets/isu-6a4103498e96a7d2.json,"{""compilation_unit_id"":""8e130e66ae3799a80d0b"",""candidate_id"":""a827826d2a05ee385f59""}",N,,relation_not_recovered: the closest generation-related candidate models maxRerollsAllowed/numRerolls around incrementGeneration. H-07 requires the per-generation numElements mapping to be initialized for each new generation and later consumed by fighter-minting calculations; no candidate contains numElements or an equivalent precise mapping location.,
isu-6ebf8383a0d41341,True,SUCCESS,packets/isu-6ebf8383a0d41341.json,"{""compilation_unit_id"":""c4f2775e2db74eb19853"",""candidate_id"":""0cbf4cc7d22243f3f804""}",N,,"relation_not_recovered: the B0 packet only recovers OpenZeppelin Initializable _initialized/_initializing state. H-03 requires the post-liquidation NFT state, including tokenData.lockerAddr, to be cleared when isolated supply is decreased; no candidate contains the locker/token liquidation relation.",
isu-7068f206eea19247,True,SUCCESS,packets/isu-7068f206eea19247.json,"{""compilation_unit_id"":""1da2ddbae189e5e083f8"",""candidate_id"":""09afe98d5595709b56b9""}",N,,relation_not_recovered: candidate relates isTokenAllowed to lpETH; it does not recover the historical raw-ETH/claimedAmount versus lpETH supply-accounting core (documented as totalLpETH versus totalSupply).,
isu-71121263613cd4c7,True,SUCCESS,packets/isu-71121263613cd4c7.json,"{""compilation_unit_id"":""fb6a0b53700dd3fbb356"",""candidate_id"":""0563c18c568e9e3059eb""}",N,,relation_not_recovered: the only MagicLP candidates relate _BASE_TOKEN_ to _QUOTE_TOKEN_ during init. H-01 requires reserve state (_BASE_RESERVE_/_QUOTE_RESERVE_) and TWAP cumulative/timestamp state to be ordered so _twapUpdate runs before reserve mutation; no candidate recovers that reserve/TWAP relation or vulnerable swap/liquidity writer.,
isu-749924b9c7ff076d,True,SUCCESS,packets/isu-749924b9c7ff076d.json,"{""compilation_unit_id"":""831b1158038a4075113c"",""candidate_id"":""0c36503b7ef391756a6e""}",N,,"relation_not_recovered: the closest checkpoint-shaped candidate relates StakingBase.availableRewards, livenessPeriod, and tsCheckpoint. H-01 requires the VoteWeighting pointsSum/pointsWeight slope-and-bias accounting relation after nominee removal; no candidate recovers that voting-weight state.",
isu-76e6aa75733cd2f9,True,SUCCESS,packets/isu-76e6aa75733cd2f9.json,"{""compilation_unit_id"":""fc314ab568d81831fbf0"",""candidate_id"":""b5376d6fd434d9d47015""}",N,,relation_not_recovered: candidate relates timelockERC721s to timelockERC721Keys; it does not contain the NFT approval authorization that transferERC721 leaves uncleared in the historical defect.,
isu-788dfab3feaf2dd1,True,SUCCESS,packets/isu-788dfab3feaf2dd1.json,"{""compilation_unit_id"":""5c881d374f4ae81d9bb5"",""candidate_id"":""fea131313148ca285e6c""}",N,,"relation_not_recovered: the closest protocol-specific candidate models ClearingHouse.transferUnderlying over ERC721 _ownerOf/isApprovedForAll. H-16 requires PublicVault lien ownership/accounting to remain synchronized with liensOpenForEpoch when a vault buys out lien tokens; no candidate contains liensOpenForEpoch, the lien count, or an encompassing lien-epoch accounting relation.",
isu-7892f67a73ef5fa1,True,SUCCESS,packets/isu-7892f67a73ef5fa1.json,"{""compilation_unit_id"":""838af4f1161ef739ae83"",""candidate_id"":""50c4f8db0673723bc668""}",N,,relation_not_recovered: the closest reward-accounting candidate is StakingRewards.notifyRewardAmount and models rewardRate with StakingRewards accumulator state. H-01 requires the MasterChef pool-checkpoint/total-allocation relation: add() changes the global allocation denominator without first updating existing pools. No candidate recovers MasterChef pool state or total allocation state.,
isu-7bab5a8cb4269c50,True,SUCCESS,packets/isu-7bab5a8cb4269c50.json,"{""compilation_unit_id"":""c54fb227dcb4395d9c28"",""candidate_id"":""4000d206c58a4b36a600""}",N,,relation_not_recovered: the closest repay candidate models LendingPool totalDebt with lastAccruedTime/reserveFactor_e18. H-01 requires the cross-state relation between current debt after repay/liquidation and PosManager's per-position borrExtraInfos.totalInterest/latest-debt record; no candidate contains that PosManager debt record or an encompassing relation.,
isu-7d695607cb1d5ebf,True,SUCCESS,packets/isu-7d695607cb1d5ebf.json,"{""compilation_unit_id"":""831b1158038a4075113c"",""candidate_id"":""0c36503b7ef391756a6e""}",N,,"relation_not_recovered: the closest checkpoint-shaped candidate relates StakingBase.availableRewards, livenessPeriod, and tsCheckpoint. H-01 requires the VoteWeighting pointsSum/pointsWeight slope-and-bias accounting relation in which nominee removal advances bias/removal state while pointsSum.slope remains stale. No candidate recovers that relation.",
isu-7fa2dc5fe1d424e1,True,SUCCESS,packets/isu-7fa2dc5fe1d424e1.json,"{""compilation_unit_id"":""b37e94e761303e5fbe21"",""candidate_id"":""070d0fb75a0e02080858""}",N,,relation_not_recovered: candidate reaches the correct liquidateClean entry but models only pair-level totalAsset/totalBorrow; it omits the borrower-specific loan-share state that remains nonzero and enables repeated liquidation.,
isu-803f2b23e37d2038,True,SUCCESS,packets/isu-803f2b23e37d2038.json,"{""compilation_unit_id"":""447305324c75218f34c1"",""candidate_id"":""2609ae633a6ab78f9ba9""}",Y,N,,"Accepted at downstream accounting granularity: B0 recovers the exact beforeTokenTransfer -> totalRewardsReceived/_updateAccumulatedETHPerLP surface where the premature idleETH decrement is converted into artificial rewards, although idleETH itself is not serialized."
isu-8dda8bf0c932db3f,True,SUCCESS,packets/isu-8dda8bf0c932db3f.json,"{""compilation_unit_id"":""1a952a0ba572f70aa218"",""candidate_id"":""d4542ab267b34f47fc70""}",N,,"relation_not_recovered: the candidate recovers getApproved/isApprovedForAll authorization state and its transfer-time authorization read, but H-02 fundamentally relates token ownership to the token-specific getApproved entry: transfer changes ownership while getApproved is left live. Ownership is absent from both B0 relations, so the stale-approval transfer invariant is not recovered.",
isu-8e28a9dae87c4960,True,SUCCESS,packets/isu-8e28a9dae87c4960.json,"{""compilation_unit_id"":""92a78231e6aa53eceeb4"",""candidate_id"":""bd67777132d68aa13d4c""}",N,,relation_not_recovered: candidate is the VoteEscrowCore user_point_epoch/user_point_history relation; it does not contain the Golom delegation checkpoint state whose same-block _writeCheckpoint update is lost because oldCheckpoint is modified only in memory.,
isu-9097ab32e6443dd6,True,SUCCESS,packets/isu-9097ab32e6443dd6.json,"{""compilation_unit_id"":""5eecfb7268c457da1ab2"",""candidate_id"":""d9dd367b1078bb5c99f3""}",N,,"relation_not_recovered: this is a same-operation near-miss: the writer is CashManager.completeRedemptions, but its relation is currentRedeemAmount/redeemLimit. H-01 requires redemptionInfoPerEpoch.totalBurned to be reduced by refundedAmt and that stale totalBurned to affect later redemption payouts; the rate-limit pair does not encompass that epoch burn/refund accounting.",
isu-92cbfaf905a24490,True,SUCCESS,packets/isu-92cbfaf905a24490.json,"{""compilation_unit_id"":""66371252c4acde1e3dfa"",""candidate_id"":""05f7b091ce2ee104aff4""}",N,,"relation_not_recovered: this near-miss reaches Basket.handleFees through mint and recovers ibRatio/weights accounting, but H-01 is the fee-timing relation in which totalSupply == 0 causes lastFee to remain stale and a later mint consumes the old timestamp. The candidate does not contain lastFee or an encompassing fee-timing state.",
isu-94218c1aa2acd123,True,SUCCESS,packets/isu-94218c1aa2acd123.json,"{""compilation_unit_id"":""1b26fbf19d5018f22e1d"",""candidate_id"":""a57435c99e88a600f32d""}",N,,relation_not_recovered: the B0 packet only recovers OpenZeppelin Initializable _initialized/_initializing state in Particle contracts. H-02 requires the position's feeGrowthInside0LastX128/feeGrowthInside1LastX128 snapshots to be synchronized with the pool's current fee accumulator before openPosition records the position; no candidate recovers that fee-growth relation.,
isu-946bf9ba48ae786b,True,SUCCESS,packets/isu-946bf9ba48ae786b.json,"{""compilation_unit_id"":""07d6642018375230fb44"",""candidate_id"":""770ee80f303260035845""}",Y,N,,Accepted at relation/transfer-surface granularity: B0 recovers the exact _ownerOf/keyManagerOf invariant under transferFrom; the serialized _setKeyManagerOf write is the neighboring corrective branch for the historical omission of the key-manager reset.
isu-9873179830346843,True,SUCCESS,packets/isu-9873179830346843.json,"{""compilation_unit_id"":""45c5f701ab8a5098e403"",""candidate_id"":""2317d1053954f08efff1""}",N,,"relation_not_recovered: this near-miss serializes stake writing the global Stream.unstreamed value while the global Stream.lastUpdate is omitted. H-08 instead depends on the per-user TokenStream tokens/lastUpdate state inside tokensNotYetStreamed[msg.sender]: after a zero balance, a later stake changes ts.tokens while ts.lastUpdate remains stale and is consumed on a later update. The global variables are different canonical storage locations, not a lower/higher-granularity rendering of the same entity.",
isu-99d4c25ac922028c,True,SUCCESS,packets/isu-99d4c25ac922028c.json,"{""compilation_unit_id"":""9e8d18adb16c3fad10ed"",""candidate_id"":""000754f76b55975f8039""}",N,,relation_not_recovered: this near-miss is in BaseV2GaugeFactory.removeGauge but models ERC20Gauges _getGaugeWeight/_totalWeight. H-28 requires BribeFlywheel activation to remain synchronized with the reward token registered in MultiRewardsDepot when removeBribeFlywheel executes; neither state is present in any candidate.,
isu-9bb2eb3155febcd7,True,SUCCESS,packets/isu-9bb2eb3155febcd7.json,,N,,"relation_not_recovered: the successful B0 run produced zero candidates, so no candidate recovers the withdrawal-queue lifecycle relation in which deployWithdrawalQueue must clear _queueAccounting[lastQueueIndex] before queueClaimAll later consumes that reused slot.",
isu-a03c079be75678d0,True,SUCCESS,packets/isu-a03c079be75678d0.json,"{""compilation_unit_id"":""eed1bb468fa884427378"",""candidate_id"":""21b6aafce2c99ce221d3""}",N,,relation_not_recovered: the closest ENS candidate covers registry records/operators during setSubnodeRecord. H-02 requires the NameWrapper parent/child expiry and CANNOT_UNWRAP state whose guarantees are broken when the parent is unwrapped; no candidate recovers wrapper fuse/expiry state at any encompassing granularity.,
isu-a27f2f1d35d4f56d,True,SUCCESS,packets/isu-a27f2f1d35d4f56d.json,"{""compilation_unit_id"":""01c281875860ea7b8bf2"",""candidate_id"":""e56434e613a03eb559e5""}",N,,"relation_not_recovered: the packet's only Ditto-specific relation is ERC721Facet approval state. H-07 requires ShortRecord collateral/updatedAt temporal state: decreaseCollateral changes collateral without refreshing updatedAt, and disputeRedemption later trusts the stale timestamp. No candidate contains ShortRecord updatedAt, collateral, or redemption-dispute state.",
isu-a346e0579cc411b2,True,SUCCESS,packets/isu-a346e0579cc411b2.json,,N,,"relation_not_recovered: the successful B0 run produced zero candidates, so no candidate recovers the reward accounting relation in which _updateRewardsPerToken returns early at totalSupply == 0 and leaves lastUpdated stale.",
isu-a36b810e7be9bc36,True,SUCCESS,packets/isu-a36b810e7be9bc36.json,"{""compilation_unit_id"":""127c3399f0789cb67e12"",""candidate_id"":""92c3b6ef82294e3f6fbc""}",N,,"relation_not_recovered: the closest Basket candidate relates Basket.auction to Basket.publisher. H-02 requires the totalSupply/ibRatio accounting relation broken by auctionBurn: _burn reduces totalSupply while ibRatio is left unchanged, freezing proportional underlying assets. No candidate relation recovers that accounting core.",
isu-a4f232f8e3995505,True,SUCCESS,packets/isu-a4f232f8e3995505.json,"{""compilation_unit_id"":""cc3660ba39b489cbf793"",""candidate_id"":""a130fc4590d1a0b6a286""}",N,,"relation_not_recovered: the collectFees candidate relates LBPair._pairInformation to LBPair._bins and captures a downstream fee-total/reserve effect, but H-05 requires the per-account _accruedDebts relation to each bin's accumulated fee-per-share state. The vulnerable _beforeTokenTransfer path skips _cacheFees, leaving those debts uninitialized; _accruedDebts is absent from every candidate relation.",
isu-a5b45354645d49e9,True,SUCCESS,packets/isu-a5b45354645d49e9.json,"{""compilation_unit_id"":""602cabf3167a993464b2"",""candidate_id"":""6be5f92bb0048d91b296""}",Y,N,,Exact swap-and-pop feeder/index relation: the whole feederPositionMap aggregate covers the moved feeder's stale index after _removeFeeder rewrites feeders[feederIndex].
isu-a93c6b77cc1d4f75,True,SUCCESS,packets/isu-a93c6b77cc1d4f75.json,"{""compilation_unit_id"":""31d35deecaabc6ca99fb"",""candidate_id"":""401bf06eb5f599761df6""}",N,,"relation_not_recovered: the SwappableYieldSource candidates cover initializer or owner/asset-manager state only. H-03 requires the relation between the selected yieldSource, its underlying token balance, and the existing share supply/balances after setYieldSource switches sources before funds are transferred. No yieldSource/share-balance accounting relation is recovered.",
isu-afed826cfb09b1d0,True,SUCCESS,packets/isu-afed826cfb09b1d0.json,"{""compilation_unit_id"":""8d20ea4604cf6770655d"",""candidate_id"":""2e7dc0d958f9813c6287""}",N,,relation_not_recovered: all serialized candidates model ERC721 ownership/approval state. H-04 requires the AaveVault cached-TVL relation to the rebasing Aave position balance/accounting used to price LP shares before deposit or withdrawal; no AaveVault TVL state is recovered.,
isu-b293708ac8e38fa3,True,SUCCESS,packets/isu-b293708ac8e38fa3.json,"{""compilation_unit_id"":""41d860dd6b7b68b7a4cf"",""candidate_id"":""5607d15cea31ed1e11e2""}",Y,N,,Accepted at queue-structure granularity: exact borrow/_sortIntoQ traceback recovers ids/credits and the whileBorrowing consumer; the serialized neighboring ids write captures the omitted zero-slot reordering surface.
isu-b681cc0782ab7098,True,SUCCESS,packets/isu-b681cc0782ab7098.json,"{""compilation_unit_id"":""d71c4e1ac21277a2353c"",""candidate_id"":""963d8d187e24570c2712""}",N,,relation_not_recovered: candidate relates DummyERC721._ownerOf to DummyERC721.isApprovedForAll; it does not recover the historical proposal-cancellation relation in which the NFT approval granted for the OpenSea listing remains live after cancellation.,
isu-b7d3203547e02ba9,True,SUCCESS,packets/isu-b7d3203547e02ba9.json,"{""compilation_unit_id"":""2727a2a59f59ad6f49cd"",""candidate_id"":""866785204eb425adea25""}",N,,relation_not_recovered: the closest lock-related candidate is BondNFT.createLock and relates allowedAsset to totalShares. H-01 requires Lock.extendLock to keep the lock amount synchronized with totalLocked[_asset]; the packet contains no Lock.totalLocked relation or equivalent precise accounting location.,
isu-ca5f6661a91a0ea5,True,SUCCESS,packets/isu-ca5f6661a91a0ea5.json,,N,,"relation_not_recovered: the successful B0 run produced zero candidates, so no candidate recovers the loan/pool accounting relation omitted when settleWithBuyout completes a buyout without the LoanManager.loanLiquidation accounting update.",
isu-d40734add7641db5,True,SUCCESS,packets/isu-d40734add7641db5.json,"{""compilation_unit_id"":""92a78231e6aa53eceeb4"",""candidate_id"":""27e55d5ee966237a244c""}",N,,relation_not_recovered: candidate covers VoteEscrowCore point history and minimum-voting-power state; it does not recover delegates[tokenId] together with the old delegatee delegation/checkpoint membership that remains stale when delegating to a new tokenId.,
isu-da726f3c7052bc2d,True,SUCCESS,packets/isu-da726f3c7052bc2d.json,"{""compilation_unit_id"":""71d6961e325594341990"",""candidate_id"":""86f7297fa4f22820a4b9""}",N,,"relation_not_recovered: the closest IdentityStaking candidate relates currentSlashRound to totalSlashed during lockAndBurn. H-01 requires userTotalStaked to remain synchronized with selfStakes/communityStakes amounts, with release() restoring stake amount without updating userTotalStaked. None of the candidates recover those persistent state entities.",
isu-e7bbd2d210067dcd,True,SUCCESS,packets/isu-e7bbd2d210067dcd.json,"{""compilation_unit_id"":""d49d5bd082e16d9f5dda"",""candidate_id"":""1bfc2ca9b5f85ddd1799""}",Y,N,,"Recovered the gauge time_weight/points_weight checkpoint invariant through change_gauge_weight, the historical mitigation path used to initialize a newly added gauge; accepted despite the omission originating in add_gauge."
isu-eb587e226bbc8d94,True,SUCCESS,packets/isu-eb587e226bbc8d94.json,"{""compilation_unit_id"":""153196897983d38469db"",""candidate_id"":""7055eaf8bb601c57f573""}",Y,N,,Accepted at StakingRewards accounting granularity: B0 recovers _userShareInfo/totalRewards/totalShares and the virtualRewards consumption surface. The serialized _decreaseUserShare transition is the inverse accounting path of the first-share initialization omission in _increaseUserShare.
isu-ecf9619f09fc2036,True,SUCCESS,packets/isu-ecf9619f09fc2036.json,"{""compilation_unit_id"":""b0bb50a3038f7cbbfdf5"",""candidate_id"":""b97248aac9f957de7493""}",Y,N,,Accepted at downstream eligibility-read granularity: issue->_mint writes Prime token state while stakedAt remains stale; B0 models the later stakedAt eligibility read in xvsUpdated rather than the final claim guard.
isu-f1fe35637a0d3f8e,True,SUCCESS,packets/isu-f1fe35637a0d3f8e.json,"{""compilation_unit_id"":""583634e73273cb1d7ce9"",""candidate_id"":""c7aa8a623c4c41fc18f0""}",Y,N,,Accepted at whole-struct granularity: B0 recovers toilerState/plotOccupied and the exact transferToUnoccupiedPlot valid-plot surface; aggregate toilerState covers the stale dirty flag.
isu-fbf2b10a648eab46,True,SUCCESS,packets/isu-fbf2b10a648eab46.json,"{""compilation_unit_id"":""fc314ab568d81831fbf0"",""candidate_id"":""b5376d6fd434d9d47015""}",N,,"relation_not_recovered: the closest transferERC721 candidate covers timelockERC721s/timelockERC721Keys consistency. H-02 concerns the separate NFT transfer-authorization state set by approveTransferERC721 and left live/non-revocable across transferERC721; no approval/authorization member is recovered, so the timelock relation is a distinct invariant.",
isu-fd0e69f56642d218,True,SUCCESS,packets/isu-fd0e69f56642d218.json,"{""compilation_unit_id"":""7f0528afab8bcdfbe8bd"",""candidate_id"":""03ea2eebf6e68e9f7e89""}",N,,"relation_not_recovered: the only VaultManagerV2-adjacent candidates model OpenZeppelin Initializable state under setKeroseneManager. H-01 requires the licensing/registration relation spanning VaultLicenser/KerosineManager and VaultManagerV2 vaults versus vaultsKerosene, whose overlap double-counts collateral; no candidate recovers those mappings or collateral-ratio consumption.",
