snapshot_id,accepted_attempt_id,command,toolchain,source_sha256,build_sha256,accepted
5,web3bugs-5-best-effort-20260814T182016Z-1f443fe786f84c709176a601c5946e42,/workspace/artifact/environment/toolchains/node/16.20.2/bin/npx hardhat compile,node16-npm8,21ca6261ddaa0b734344311aed66442c7766732f3f637db7bce7e9edf5a9a0ea,f6eab3938e3e270d8484e6a2612c42bf983d8ecf420fb9dd4e3730324a245147,true
6,web3bugs-6-best-effort-20260814T184250Z-36547743cb7845c092268e3299f5c154,/usr/bin/python3 /workspace/artifact/runners/direct_solc_build.py --version 0.7.6,node16-npm8,4c76bf4a02f154cac5491bc5bdad2e71fc9029cc33cf367ddc12e163005871f1,a035af271d09abffb87609d15ad33904bec2546e43d8efd95fdb275563c62a2f,true
10,web3bugs-10-best-effort-20260814T184030Z-fb0576f124a44b9b9ea309df171eb002,/workspace/artifact/environment/toolchains/node/16.20.2/bin/npm run compile,node16-npm8,0502a6b9c4a5eaac0b15feab1f889430ea6ca38c87a0bf40e0dd4239494752b6,2ceeb5eaca29d4d90a38250d82a2edef7bc8f4d153e4c6d17a752a43363c01b2,true
12,web3bugs-12-best-effort-20260814T182156Z-3fe2e4ce4bf5461ab83f078e0e3f0e34,/workspace/artifact/environment/toolchains/node/16.20.2/bin/node /workspace/artifact/environment/toolchains/yarn/1.22.22/bin/yarn.js build,node16-yarn1,de33f3c20c1b2c8a1acf182718148773ca37740a03cf129384b29ff2a2835881,c4fe968999e5d18690c6e90f25bbca315444b875058beb100d37b6797066ddc3,true
16,web3bugs-16-best-effort-20260814T184030Z-e9e607ac191546c28688f38a70dcd360,/workspace/artifact/environment/toolchains/node/16.20.2/bin/npm run compile,node16-npm8,14e284522b07157c0b476614a9c3ade59616f39285d28f4f50aa5f54741002d4,eaafaa2b353cdc3d17b0e382f002e6b8bd75b3db363afb864075553c9ce3efc6,true
18,web3bugs-18-best-effort-20260814T184250Z-3f58dfacfaf042449c2de99d9a8a2671,/usr/bin/python3 /workspace/artifact/runners/direct_solc_build.py --version 0.8.17,node16-npm8,c65c4112e8ef408f1dbe34486e998730daa70e6cc7991b0a4e38cfaa9262b411,05bd110bdc7d3db4d1f3afc952d6b7a1b4e5432588d6aede4995763f9ee21e0c,true
21,web3bugs-21-best-effort-20260814T185650Z-b0c799d162eb475c8922703bb149fe4d,/workspace/artifact/environment/toolchains/node/16.20.2/bin/npx hardhat compile,node16-yarn1,4b8d5954fcf6905e16da4e35efc01441f2d1d3c70c5478210ceebdda06df54f8,a5d2bae4d1c8357c4fcf3f925bd10f10754c338608e3fba8814fc12d13732efe,true
22,web3bugs-22-best-effort-20260814T184030Z-cf3918b2314d4058bf0ec8d3089c5808,/workspace/artifact/environment/toolchains/node/16.20.2/bin/node /workspace/artifact/environment/toolchains/yarn/1.22.22/bin/yarn.js compile,node16-npm8,75930ecfeeb8cba38ca381ed0016429d66bc2e158100c8d819784f8a1fb19106,0b151734c9472a9d9957b42ba08f59a139f9bc6f6fecfa938fc2370ff6089c11,true
24,web3bugs-24-best-effort-20260814T184103Z-43bdd6067f8940e3b4331c8644b8884e,/workspace/artifact/environment/toolchains/node/16.20.2/bin/node /workspace/artifact/environment/toolchains/yarn/1.22.22/bin/yarn.js compile,node16-npm8,072dab0ccc7424e539709b5b74027ffdf0f0dcb6c64029dbfa6a2b9929a28b8d,f2d2d68624ce2097456d67218b3ea1f676c58d95722c509b9df4d4ab73a44ee2,true
25,web3bugs-25-best-effort-20260814T183123Z-fe3a462af7d44eeaac70553cb3ef5573,/workspace/artifact/environment/toolchains/node/16.20.2/bin/node /workspace/artifact/environment/toolchains/yarn/1.22.22/bin/yarn.js build,node16-yarn1,769125773351ef1c974d8af10eef385441fe0624f57490ded695b774e6596fa6,fa428b39c933d4664acdeda9de9fd2535bcfb3707be1ce685d56d98ea46c9105,true
26,web3bugs-26-best-effort-20260814T182918Z-27adcaada4054e05994a6dceb04a3c87,/workspace/artifact/environment/toolchains/node/16.20.2/bin/npm run compile,node16-npm8,9650d812e07fc6c8e660e3358f50e770d049bdb592c1550d5bee7642362768af,0f4fb1fcfb7f139c031224064c84373b8fd39592165a3eaab9e70eed2adcd6f9,true
28,web3bugs-28-best-effort-20260817T192501Z-ca3f0e7a47804ddfa7fe4039dcc607a5,/workspace/artifact/environment/toolchains/brownie/bin/python -c from brownie._cli.__main__ import main; main() compile,node16-npm8,74a133a04a23c7eef883227195b1bc23f1235e9998a777f41ea5d104c8e8681b,195ee282c8a61cfc210a84f4832e2cec1f06a37174f7069803a4a92ec7db2ab1,true
29,web3bugs-29-best-effort-20260814T185717Z-f6feeea336c04dd6891813c53cfcd75e,/workspace/artifact/environment/toolchains/node/16.20.2/bin/node /workspace/artifact/environment/toolchains/yarn/1.22.22/bin/yarn.js build,node16-npm8,afa14bb80e7c47f84d9c644ce459f9c855f699322f1f14f849017a9bfe6d280c,c9b950405a253e3fd1bd7b796c547907c10e8ba2771ef7e3a23546ff14618aad,true
31,web3bugs-31-best-effort-20260814T184213Z-727ab182d4d240e08381f5640f61c582,/workspace/artifact/environment/toolchains/brownie/bin/python -c from brownie._cli.__main__ import main; main() compile,node16-npm8,ba21299d47c470a7d09a47a390dd1321c7ff3f1b51af93961f970790e636c70e,c1b6569c01d5a5bb939cb5b0b6417530dd55b5c45f02a66dde01c672499a8ccd,true
34,web3bugs-34-best-effort-20260814T184215Z-0fbdf9064a8a49809cf5cf5c722606da,/workspace/artifact/environment/toolchains/node/16.20.2/bin/node /workspace/artifact/environment/toolchains/yarn/1.22.22/bin/yarn.js compile,node16-npm8,7d1402082cb63fd6b598f91a799e195669821be3427e45acbfcc1716531093db,ab7bc0e0ff2a434150c4dbcb46e5af6cd16040f9541b8fc14b3e1b19dab7478c,true
35,web3bugs-35-best-effort-20260814T185745Z-395deab83bce46dd86c7400906d67a46,/workspace/artifact/environment/toolchains/node/16.20.2/bin/node /workspace/artifact/environment/toolchains/yarn/1.22.22/bin/yarn.js build,node16-npm8,7beac64e0b31d7a913aa2dc6812c03eac744c7e1389956e59611aca8904e9d43,fbe2c86254479d464b613cb4beca806feb5e3126c04c22c864daeeeb0138e80e,true
36,web3bugs-36-best-effort-20260814T184315Z-6b9b17e00ed94f4cb25641895e6bd115,/workspace/artifact/environment/toolchains/node/16.20.2/bin/npx hardhat compile,node16-npm8,ce58e4aaa641ab977b2bd7c06cea1e4737c948dafdb92d6abc4b94bf73c0014e,cd0dbb45093eefe50bd13fb445f0aac4ed52333e537d434c76781ed720f40db1,true
39,web3bugs-39-best-effort-20260814T184251Z-7ac3b408d50b4b0885ea010ba7a97920,/usr/bin/python3 /workspace/artifact/runners/direct_solc_build.py --version 0.8.4,node16-npm8,8ad1609cb85882962f0a9b7c92e49b659ea4890bc5806efb20de5344f9a33ccb,64fe98e81a9e78ff431e1545c19ba4e043d7cb3a7bf663b115755fabcc71fed0,true
41,web3bugs-41-best-effort-20260814T184319Z-c0ff15dda48c4e4395acf25c549997d9,/workspace/artifact/environment/toolchains/node/16.20.2/bin/npx hardhat compile,node16-npm8,223d29c6448bdbcae1bb1a1ce4efa9fb164134461e7f65a2fc6592334c5236dc,6ff8e50d61c68b839b1447bfdb3403affd911d0758cb29ddec822bc823ee76de,true
44,web3bugs-44-best-effort-20260814T183208Z-9f7d715235b346a3b3bcbd8af89eb1e5,/workspace/artifact/environment/toolchains/node/16.20.2/bin/node /workspace/artifact/environment/toolchains/yarn/1.22.22/bin/yarn.js build,node16-yarn1,0414ce1768ff4e6273decfe62d0c1d6349b35688f38511db3c08e27f5866bfc5,b01c6d63fad65bd0d7c5badd4514717a0fe45043f014217ef36fc3961979cda0,true
45,web3bugs-45-best-effort-20260817T185743Z-b0ac3489236841ce9cfdba4929388e1e,/workspace/artifact/environment/toolchains/node/16.20.2/bin/node /workspace/artifact/environment/toolchains/yarn/1.22.22/bin/yarn.js compile,node16-yarn1,8fe471f2e415f23d11fa296293e745a94a350d8fcd675d82ab4673c12becab90,73aa9bb102ea237a718fda9fb0bea080fc32d31c5f1e53fe778b6c98779a81a7,true
47,web3bugs-47-best-effort-20260814T183230Z-dc9d9488d21a4029bc757c267a96f577,/workspace/artifact/environment/toolchains/node/16.20.2/bin/npx hardhat compile,node16-yarn1,c924b4849032d223ce8a5713b3367d37f8fa088b6f7a39005d92d5fb224c4a31,2213046b3b2b10065d539d8bd7780b9ba5055a8d916f4c4ae78e62de11d84201,true
49,web3bugs-49-best-effort-20260814T183243Z-e8bb6006c8784db2967f65694278cfde,/workspace/artifact/environment/toolchains/brownie/bin/python -c from brownie._cli.__main__ import main; main() compile,node16-npm8,15f2ba5f46643aa7282347e9a9581c71b16c196eb5581fffa51f5d43150bce54,3d043d56031dd41966b610dd8e573e562f7762593a99d3ab366b5cca549756ee,true
51,web3bugs-51-best-effort-20260814T184441Z-7e61f807c48546f19050653eff0bd261,/workspace/artifact/environment/toolchains/node/16.20.2/bin/npm run compile,node16-npm8,f8967faadf49fc64a0baf8352a0928952b3f7a2b5a4642182b90c9960470ea32,85b52cef906d5b2660cb63da871ed6c7a0eb48935049b4522d0bb3095df289f4,true
52,web3bugs-52-best-effort-20260814T183252Z-883c8485336e48f39808d0329b7700ec,/workspace/artifact/environment/toolchains/node/16.20.2/bin/npx truffle compile,node16-npm8,474ca37cf93c321ce89645c93d726f3114f10f1ff65c242c77ad5d34344ffcd6,bbc6334abbeed4cd369999a2e73f3a76f5677d19fd1f5ac106d0b6f6784fdf32,true
53,web3bugs-53-best-effort-20260817T185743Z-1971dabb0c0546f3aff75eb542361a53,/workspace/artifact/environment/toolchains/node/12.22.12/bin/node /workspace/artifact/environment/toolchains/yarn/1.22.22/bin/yarn.js build,node12-yarn1,6ca82b3cf8e5d0176bfd2f9b2179c5e1fb047ba8f4d1561d10fe487bbecfe3b6,029749c73b1ae5c58b83b59e99979e837ff39bb9ab304750bd79df4fe45ba753,true
54,web3bugs-54-best-effort-20260814T184447Z-afef722657cd412ebad149267e5d926c,/workspace/artifact/environment/toolchains/node/16.20.2/bin/node /workspace/artifact/environment/toolchains/yarn/1.22.22/bin/yarn.js build,node16-npm8,947da3df58ef52ac436faec0c983c3ba8631e9deb6d02c08febb82682260814a,4b72c28c00e2a18f962c2bccf9edab1300c5dd4cef405f3e57d4a1b8c17d0473,true
57,web3bugs-57-best-effort-20260817T190711Z-4f34fb2678344e23b2523d38ab5d6e15,/workspace/artifact/environment/toolchains/node/16.20.2/bin/npm run compile,node16-npm8,2ad230e34e7a0bb6c93d491dbab6d6cd1c6edcda13dc3bd09f954705c181d58a,8adcc82ab64dfee0391170204dbc01d4a7d70151b102ef15a28b0788fd9311f1,true
60,web3bugs-60-best-effort-20260814T185845Z-b9e85c6da40e4a4ca0ea231a43fa3ce1,/workspace/artifact/environment/toolchains/node/16.20.2/bin/node /workspace/artifact/environment/toolchains/yarn/1.22.22/bin/yarn.js compile,node16-npm8,98da048beff53a9abbac83f5e67f64bf2d43427cbd45fcbcf972f94cdcf5f5b5,eb2cf4f2f80222819281d2072d33d42bec1cceee7a1a0dc7bf220c9141227add,true
61,web3bugs-61-best-effort-20260814T184538Z-447d583976c2486caba1d78960cecd33,/workspace/artifact/environment/toolchains/node/14.21.3/bin/npm run compile,node14-npm6,2d81abb2c179e280d4a8ed520c7993a15ee706b1a227d070853f0f335817cc57,0a41856748bf2ed3452261bbd25dc1379b18cf0fba274db48d23550580fb1320,true
62,web3bugs-62-best-effort-20260817T192625Z-8a08cde6b5654d65a77d8a0add42848b,/workspace/artifact/environment/toolchains/foundry-v1.5.1/forge build --skip test --skip script,node16-npm8,480a20c265816e77a4531a034a1780d7df9cd3bdb5962aa7a66ceb62d94ca8d2,5c79d1a1ef579751e53ca819c2a19275f909ec8b6aaf6e6e3a22342cc9b52904,true
64,web3bugs-64-best-effort-20260814T184609Z-3653412ca4c74ce4b0af626784d37dcf,/workspace/artifact/environment/toolchains/node/16.20.2/bin/node /workspace/artifact/environment/toolchains/yarn/1.22.22/bin/yarn.js compile,node16-npm8,afe64cc21c3c85ed2465253a2f31398bf4b51ea54217b7e8a6e676ecb4a44d52,33b25277b6a1d5c1352d8ed65ceab195e69083d79fb16bc66075e2806f73617d,true
66,web3bugs-66-best-effort-20260817T190409Z-a9d3de83c8dc4ab0907db1c05db2563a,/workspace/artifact/environment/toolchains/node/16.20.2/bin/npx hardhat compile,node16-yarn1,84601043003eb4e6f609040a6a2af49702e5a4d368c63e1e3f1df7088eace589,f84fd5dc5644e1438ee66584f4dc44d1592678e126326d23ef8d8d7676805c19,true
67,web3bugs-67-best-effort-20260814T184626Z-b394abaa34d2437cbadf3d5b3a96288f,/workspace/artifact/environment/toolchains/node/16.20.2/bin/node /workspace/artifact/environment/toolchains/yarn/1.22.22/bin/yarn.js compile,node16-npm8,244ec131ccb4accdd42a1a6391d439c661c030354797afe4c7828083e1105a83,d19bd10509c23273417af53c30aec8d6948488c7e1ec818080d0816866413498,true
68,web3bugs-68-best-effort-20260814T191754Z-755b6d946df24234a02f8594482e93ee,/workspace/artifact/environment/toolchains/node/16.20.2/bin/npx hardhat compile --config hardhat.compile.config.ts,node16-npm8,e287d7569da3809b6a361d8317bdef849012c8a0eac6fd6e91c5ed15eeff0d31,587c9611637745097e7ed8b4d59079d99f4d5ddbdb37d603bb52268b5d677c71,true
70,web3bugs-70-best-effort-20260814T191923Z-7fba40f9eb924da3af762b9fdac1a688,/usr/bin/python3 /workspace/artifact/runners/direct_solc_build.py --version 0.8.9 --source-dir contracts --include-path node_modules,node16-npm8,d97725bec7432762b0cbfafa98c32ad41e9ac5d08e51c58d02a476c5873c5e8a,104328cd0072f5ea8266720e92c65c031bc407964c804de49be48e39509553cd,true
73,web3bugs-73-best-effort-20260814T185910Z-7d71c4e01854439c945dd4b423c1599d,/workspace/artifact/environment/toolchains/node/16.20.2/bin/node /workspace/artifact/environment/toolchains/yarn/1.22.22/bin/yarn.js compile,node16-npm8,b07346cf6edd7cb8d0321c4e336bee9754607ee66a620747e074579f99fc82ec,240ffd604fcc2d2aef45f0054435064541e095a07e48488933610640fb7efd91,true
76,web3bugs-76-best-effort-20260814T183419Z-e8c1512b56ac41e390b92b4e5fcbb62a,/workspace/artifact/environment/toolchains/node/16.20.2/bin/npx hardhat compile,node16-yarn1,d2b50b813b836f09fe1f56aad7c7462610cc870dee68d2fd1a39512995421925,1f7480301cdc45fb0daa5637812f439d9fcc129a1aec1ad8ea90d3767fe2dc9c,true
77,web3bugs-77-best-effort-20260814T184801Z-f12249b3cd024b52ba1848dbe237147a,/workspace/artifact/environment/toolchains/node/16.20.2/bin/node /workspace/artifact/environment/toolchains/yarn/1.22.22/bin/yarn.js compile,node16-npm8,1f982046e134502e06860ff1a9468233739eb6c556fa33740913c7d738dd8433,270e9c547432cf18a12b2c631e198edfe59f1f2ce9c095dc212f98074c03171c,true
78,web3bugs-78-best-effort-20260814T183441Z-b27f5353128d4d07b7004e31663a3015,/workspace/artifact/environment/toolchains/node/16.20.2/bin/npx hardhat compile,node16-yarn1,a6e9746054d709ce6fe41ad073e70522117ecea1fc3ae0fa079949ff996d14e9,8299d6b8bfe616d7e4101217db821cc753760c6fddfdd6bc7643fa5231850e74,true
79,web3bugs-79-best-effort-20260814T184806Z-577a4a26b8fc49a6ba05f7ffd1b24083,/workspace/artifact/environment/toolchains/node/16.20.2/bin/npx hardhat compile,node16-yarn1,418d70ef547ceb56d612dbf391a0ffc9010a517f016d987de8efe418455efe9c,de64403156d632f514c4e92527bd62323d61baac292e6a9ae83a05b12b352bef,true
81,web3bugs-81-best-effort-20260817T192343Z-054f34bf19ef4d9385aaae41b4f1dc45,/workspace/artifact/environment/toolchains/brownie/bin/python -c from brownie._cli.__main__ import main; main() compile,node16-yarn1,8f552bb7c15d2c60acbc4dfae3d4aa0a2b43a8ce283e64b96cf62b583906a73a,54a6d056478e11c818d48e442a06cedd2f8b3fff95c1c606038640b30b12f664,true
89,web3bugs-89-best-effort-20260814T184823Z-a87c3776ca144b5d8617339f647c927a,/workspace/artifact/environment/toolchains/node/16.20.2/bin/npm run compile,node16-npm8,44454b47d298472dfd924d0a5ba35d62e021c621dc1f4cf4656dced0289a00b5,b046ba41ba4046bd65809d6d7e103b0603e7a316e9284d35c5b1d2da0af536f0,true
94,web3bugs-94-best-effort-20260814T183509Z-c597d8eb6d9048dfb2fbe162aa1b9d78,/workspace/artifact/environment/toolchains/node/16.20.2/bin/node /workspace/artifact/environment/toolchains/yarn/1.22.22/bin/yarn.js build,node16-yarn1,7627416215265b279b90d6ea9565918afeccfae564ceac5e0a6e0d1f888fbd33,8b15e732f54f35eaefe327921e7f1eea134730e4f3ecad2cd04d1ec4d3610fa3,true
98,web3bugs-98-best-effort-20260814T184849Z-1bbab1b5c1d74646ae0b7f58aab3cb24,/workspace/artifact/environment/toolchains/node/16.20.2/bin/node /workspace/artifact/environment/toolchains/yarn/1.22.22/bin/yarn.js build,node16-npm8,3eab223d5138e2363e615d892391c60cf1eebba4957fa026ed4e3081c83471a1,dd9f015a6b8a21ebb13a542f2e8bd41a17b6c83af88af9a048e11d932e09a8f8,true
100,web3bugs-100-best-effort-20260814T183529Z-8de82b5ba69f4cbfa4376336ec4fca81,/workspace/artifact/environment/toolchains/node/16.20.2/bin/npx hardhat compile,node16-yarn1,9e83a470fe9de869c2030ecc5c8ed1215c5e670fed8cbb5751a3ffe6726339f1,5f9cac654eab18c2bff87da7dda81c1479022c243c0f0afb3c0675db295945a8,true
102,web3bugs-102-best-effort-20260817T190711Z-9cac8dfa2f4e4b5fa947a544b3922370,/workspace/artifact/environment/toolchains/node/16.20.2/bin/npm run compile,node16-npm8,794f96c56066afe079b0570b5e95726773ae8d357995d40d756f3866fcbe84f8,0e1345c38661b41cf9a51736f08e58a81fcd0755e6e165f6ecb770534f14085c,true
103,web3bugs-103-best-effort-20260814T183551Z-6669200ce4254baa96e43b171cb195c8,/workspace/artifact/environment/toolchains/node/14.21.3/bin/node /workspace/artifact/environment/toolchains/yarn/1.22.22/bin/yarn.js compile,node14-yarn1,a08f4f58fdbcbaa87b0cbb93dbba00d513aa40fd6dbe07c05a5ec4ba33a55504,de5c5c9021b78cd01abb9f7c033c71d8aec6a66cb56c38d6fb6de498659bc271,true
104,web3bugs-104-best-effort-20260814T184913Z-4d6c750e270c4adb9dfef42daa777b54,/workspace/artifact/environment/toolchains/node/16.20.2/bin/npx hardhat compile,node16-npm8,78db4755e869eb630058b82e5baf25b34b8d3d959b6e2e53b59adcc82f35a133,cdc0d12d8dea4c449e9fabfe49b1c6aa918e798acd1adb14ffc9955340d70274,true
105,web3bugs-105-best-effort-20260817T185743Z-22567f2b51724d7ea1e6a779538ce5dc,/workspace/artifact/environment/toolchains/node/16.20.2/bin/npm run compile,node16-npm8,b55eb7922a013a4c6c5cbbce754ea00034554c078df365079ea8e2ba2b92f733,f20de957ced61c65c69e3fa2b1b07071473f06a8fa377257754825179398651a,true
106,web3bugs-106-best-effort-20260814T184944Z-8f9046934b934b958deb38ade35fe98f,/workspace/artifact/environment/toolchains/foundry-v1.5.1/forge build,node16-yarn1,d866c703fc7f562a230f0bd4a7b41f648c2a112bfaceee1ad24e1ee7372a027b,f3bca5a18f375ce9d4f5cfdf2f7ea437b844a54219de78649a1e65a9ed524306,true
107,web3bugs-107-best-effort-20260814T183551Z-11350d36c8d04403ad21b706634c3146,/workspace/artifact/environment/toolchains/node/16.20.2/bin/node /workspace/artifact/environment/toolchains/yarn/1.22.22/bin/yarn.js compile,node16-yarn1,920441bf98129a6c20d11468aab3d156b568f8e9d2f02b74fcb7b7a19ed50d35,ec85c6837dab132de21cc6df1da74c1020ee9c5bf648d8746e8a7930b496729c,true
110,web3bugs-110-best-effort-20260814T183637Z-bd000f5eb28a4abdacc22e5987a5c127,/workspace/artifact/environment/toolchains/foundry-v1.5.1/forge build,node14-npm6,dae9e5e7792836a1b9e8c3cd11fcaae9834a6b4b0475c24552d99a2dff7070bb,face3583fc82477a16ee00f250d9449c7120963539baf4caa363571036e0c121,true
112,web3bugs-112-best-effort-20260814T184949Z-8ef908d8fc624d2f8186d7a5b02c798e,/workspace/artifact/environment/toolchains/node/16.20.2/bin/npx hardhat compile,node16-npm8,c3950c076299bfa249a97ab498083726df18a2c1b158d5e5c48211cd50b26da9,03370fd2509210ab5de957661494b135c7874a2a81caec83507b1e05fd9bf65b,true
113,web3bugs-113-best-effort-20260814T192450Z-d1a383ebe343407d824ff206799e54fa,/workspace/artifact/environment/toolchains/node/12.22.12/bin/node /workspace/artifact/environment/toolchains/yarn/1.22.22/bin/yarn.js build,node12-yarn1,c2b6dfb92f09858894255d3faa3b172d61e98b2108f1e385c7476e9ed2617153,44e8944b2f4c0d603efff66e0990af7a67763ba0d1b07676c6f5ff5a5005bb58,true
114,web3bugs-114-best-effort-20260814T184959Z-57dd3436c55a4ac892117e342875c97e,/workspace/artifact/environment/toolchains/node/16.20.2/bin/node /workspace/artifact/environment/toolchains/yarn/1.22.22/bin/yarn.js compile,node16-npm8,71246e5282a0fe11138eccb7f5a6e5da4ff819fef5afa780c922e231cbff9807,02048291e9a1013bb21727894147b8dd501955ff6e1d691bfaca5778718b4a47,true
115,web3bugs-115-best-effort-20260814T185020Z-e81244318db44a7daeb2b6e6189d8f54,/workspace/artifact/environment/toolchains/node/16.20.2/bin/node /workspace/artifact/environment/toolchains/yarn/1.22.22/bin/yarn.js compile,node16-npm8,f9fe7f7325f542bf182483b2061da16770c1fbbcc9459429075552438061c493,7a58cbfc84c4e743ff44d0a03030d5891dbcc4c46baf6f44ebeb395d0892ed2c,true
122,web3bugs-122-best-effort-20260814T185043Z-52ecf015fa5f47a0b8c56e869fd7d7fd,/workspace/artifact/environment/toolchains/node/16.20.2/bin/npm run compile,node16-npm8,36cd0cbdf562d1351cd69f679e9cecb0142b1b4ca2456216233202c9fe5848e2,db127b35d453641696b6032ff7f50f8de40dc9b4f3fd8b800f21bc016ca54693,true
123,web3bugs-123-best-effort-20260814T183644Z-ae129aa349ef4dbea39e68e7de5e6485,/workspace/artifact/environment/toolchains/node/16.20.2/bin/node /workspace/artifact/environment/toolchains/yarn/1.22.22/bin/yarn.js compile,node16-yarn1,89b9ebc87049163f841c3f297315b65f7302c9f3d82cea478aa6459909b0091b,3f27033bebf04135bd983d44e706b42fbe86f639ae2bf17a9463b8c6c1cb9c37,true
124,web3bugs-124-best-effort-20260814T185119Z-db047cb0473c4af3b7c46041ce24077c,/workspace/artifact/environment/toolchains/node/16.20.2/bin/node /workspace/artifact/environment/toolchains/yarn/1.22.22/bin/yarn.js compile,node16-npm8,3cffdb2803743a3139ce1aa943eef700a6a0344c38430745eeaf9c21b532de6d,c785f09bf325fb247a51e0ee22984bd44e712b0cd21c9b56ae856e5b0e34e488,true
131,web3bugs-131-best-effort-20260817T191555Z-c63cd6d0469246bc88b5f17f88537959,/workspace/artifact/environment/toolchains/brownie/bin/python -c from brownie._cli.__main__ import main; main() compile,node16-npm8,a2c37a6ba2a27654c3865cfdf4282236600253da53af48e18e76b9a1354d5037,0b36de0014cf00314f6c251f783acb025498586948adf154cc07c6d6372a2430,true
143,web3bugs-143-best-effort-20260814T185132Z-f3a41b508bca405597750912588ed40b,/workspace/artifact/environment/toolchains/node/16.20.2/bin/node /workspace/artifact/environment/toolchains/yarn/1.22.22/bin/yarn.js compile,node16-npm8,c5d4f9e9f0e01e3135a40f999da9f6427b39856d90c75bc82838a3aa348b0a29,9d9d324c7316c48d7c13c2841ae941ff2fb04825b8a9149c42395cff108368dc,true
145,web3bugs-145-best-effort-20260814T183659Z-55d147de6d51486aa321837518f58bf0,/workspace/artifact/environment/toolchains/node/16.20.2/bin/node /workspace/artifact/environment/toolchains/yarn/1.22.22/bin/yarn.js build,node16-yarn1,2a7687bdb0b892b6780574b972eda59618d563d8cb5bbe45e4a4c2dcaf19b63c,3d040f554ce409e5b46881d66edbef94077a621a8583b39cabdb710d88297ade,true
191,web3bugs-191-best-effort-20260814T182939Z-e787b5a60f594cc1ade2f554438b0fa0,/workspace/artifact/environment/toolchains/foundry-v1.5.1/forge build,node16-yarn1,9df57ab393ac12b827bf9d0110e618859e520984e61b0af1a11be5ce89280799,a55d13d902b22a117cfbd02e4b9932cb321e8e519847d4213e84bb813c731523,true
192,web3bugs-192-best-effort-20260814T183704Z-87f45ab078574447b5619b68702cdcc4,/workspace/artifact/environment/toolchains/node/16.20.2/bin/npx hardhat compile,node16-npm8,0c280f702c302f31ff3f61e01e6db5c29ab079cf34713dff761d7d1c69f6acfe,389d1113f9c39bd70c2b67fefa7f43ce1081bf3bb0d3cfa88779f22607a6ea09,true
