snapshot_id,project_root,command,command_evidence,solidity_file_count,selection_status
5,.,npx hardhat compile,checked-in nested hardhat.config.js at 5,23,RESOLVED
5,vader-protocol,npx hardhat compile,checked-in nested hardhat.config.js at vader-protocol,23,RESOLVED
8,nftx-protocol-v2,npx hardhat compile,checked-in nested hardhat.config.js at nftx-protocol-v2,74,UNRESOLVED_NO_BUILD_EVIDENCE
10,contracts,npm run compile,nested package.json script compile=yarn hardhat compile at contracts,24,UNRESOLVED_NO_BUILD_EVIDENCE
12,.,yarn build,nested package.json script build=hardhat compile at 12,71,RESOLVED
13,.,yarn compile,nested package.json script compile=hardhat compile at 13,23,RESOLVED
16,src,npm run compile,nested package.json script compile=npx hardhat compile at src,43,UNRESOLVED_NO_BUILD_EVIDENCE
17,.,npx hardhat compile,checked-in nested hardhat.config.js at 17,62,RESOLVED
21,.,npx hardhat compile,checked-in nested hardhat.config.js at 21,50,RESOLVED
22,contracts,yarn compile,nested package.json script compile=hardhat compile at contracts,43,UNRESOLVED_NO_BUILD_EVIDENCE
23,.,brownie compile,checked-in nested brownie-config.yaml at 23,98,RESOLVED
24,pooltogether-mstable,yarn compile,nested package.json script compile=yarn hardhat --show-stack-traces compile --force && yarn run compile-abis at pooltogether-mstable,1,UNRESOLVED_NO_BUILD_EVIDENCE
24,swappable-yield-source,yarn compile,nested package.json script compile=hardhat --show-stack-traces --max-memory 8192 compile at swappable-yield-source,4,UNRESOLVED_NO_BUILD_EVIDENCE
25,.,yarn build,nested package.json script build=hardhat compile at 25,61,RESOLVED
26,.,npm run compile,nested package.json script compile=hardhat compile at 26,26,RESOLVED
27,cosmos-gravity-bridge/solidity,npx hardhat compile,checked-in nested hardhat.config.ts at solidity,12,UNRESOLVED_NO_BUILD_EVIDENCE
28,.,npm run build,nested package.json script build=hardhat compile at 28,107,UNRESOLVED_AMBIGUOUS_BUILD_EVIDENCE
29,trident,yarn build,nested package.json script build=hardhat compile at trident,34,UNRESOLVED_NO_BUILD_EVIDENCE
30,.,yarn compile,nested package.json script compile=hardhat compile at 30,189,RESOLVED
31,veCVX,brownie compile,checked-in nested brownie-config.yml at veCVX,213,UNRESOLVED_NO_BUILD_EVIDENCE
34,v4-core,yarn compile,nested package.json script compile=mkdir -p abis && hardhat --show-stack-traces --max-memory 8192 compile at v4-core,53,UNRESOLVED_NO_BUILD_EVIDENCE
34,v4-periphery,yarn compile,nested package.json script compile=mkdir -p abis && hardhat --show-stack-traces --max-memory 8192 compile at v4-periphery,4,UNRESOLVED_NO_BUILD_EVIDENCE
34,v4-timelocks,yarn compile,nested package.json script compile=mkdir -p abis && hardhat --show-stack-traces --max-memory 8192 compile at v4-timelocks,4,UNRESOLVED_NO_BUILD_EVIDENCE
35,trident,yarn build,nested package.json script build=hardhat compile at trident,50,UNRESOLVED_NO_BUILD_EVIDENCE
36,contracts,npx hardhat compile,checked-in nested hardhat.config.ts at contracts,7,UNRESOLVED_NO_BUILD_EVIDENCE
37,.,yarn build,nested package.json script build=npx hardhat compile at 37,40,RESOLVED
41,contracts,npx hardhat compile,checked-in nested hardhat.config.ts at contracts,7,UNRESOLVED_NO_BUILD_EVIDENCE
42,projects/mochi-core,npm run compile,nested package.json script compile=npx hardhat compile at mochi-core,37,UNRESOLVED_NO_BUILD_EVIDENCE
42,projects/mochi-cssr,npm run compile,nested package.json script compile=npx hardhat compile at mochi-cssr,16,UNRESOLVED_NO_BUILD_EVIDENCE
42,projects/mochi-library,npm run compile,nested package.json script compile=npx hardhat compile at mochi-library,14,UNRESOLVED_NO_BUILD_EVIDENCE
43,.,npx hardhat compile,checked-in nested hardhat.config.js at 43,1,RESOLVED
44,.,yarn build,nested package.json script build=hardhat compile at 44,6,RESOLVED
45,.,yarn compile,nested package.json script compile=yarn hardhat compile at 45,45,RESOLVED
47,.,npx hardhat compile,checked-in nested hardhat.config.js at 47,87,RESOLVED
49,.,brownie compile,checked-in nested brownie-config.yaml at 49,58,RESOLVED
51,customswap,npm run build,nested package.json script build=hardhat compile && hardhat typechain && tsc at customswap,9,UNRESOLVED_NO_BUILD_EVIDENCE
51,tge,npx truffle compile,checked-in nested truffle-config.js at tge,7,UNRESOLVED_NO_BUILD_EVIDENCE
51,vesting,npm run compile,nested package.json script compile=npx hardhat compile at vesting,5,UNRESOLVED_NO_BUILD_EVIDENCE
52,.,npm run compile,nested package.json script compile=rm -rf ./build && truffle compile at 52,86,RESOLVED
52,repo/vader-bond,brownie compile,checked-in nested brownie-config.yaml at vader-bond,8,RESOLVED
53,.,yarn build,nested package.json script build=hardhat compile at 53,28,RESOLVED
54,smart-contracts,yarn build,nested package.json script build=hardhat compile at smart-contracts,37,UNRESOLVED_NO_BUILD_EVIDENCE
56,.,yarn compile,nested package.json script compile=hardhat compile at 56,126,RESOLVED
57,ibbtc,npm run compile,nested package.json script compile=hardhat compile at ibbtc,24,UNRESOLVED_NO_BUILD_EVIDENCE
58,mellow-vaults,npm run compile,nested package.json script compile=rm -rf artifacts && hardhat compile at mellow-vaults,184,UNRESOLVED_NO_BUILD_EVIDENCE
58,mellow-vaults/test_brownie,brownie compile,checked-in nested brownie-config.yaml at test_brownie,105,UNRESOLVED_NO_BUILD_EVIDENCE
59,src,npx hardhat compile,checked-in nested hardhat.config.ts at src,59,UNRESOLVED_NO_BUILD_EVIDENCE
60,protocol,yarn compile,nested package.json script compile=hardhat compile at protocol,37,UNRESOLVED_NO_BUILD_EVIDENCE
61,.,npm run compile,nested package.json script compile=npx hardhat compile at 61,44,UNRESOLVED_AMBIGUOUS_BUILD_EVIDENCE
64,v4-core,yarn compile,nested package.json script compile=mkdir -p abis && hardhat --show-stack-traces --max-memory 8192 compile at v4-core,52,UNRESOLVED_NO_BUILD_EVIDENCE
64,v4-periphery,yarn compile,nested package.json script compile=mkdir -p abis && hardhat --show-stack-traces --max-memory 8192 compile at v4-periphery,21,UNRESOLVED_NO_BUILD_EVIDENCE
65,contracts,npx hardhat compile,checked-in nested hardhat.config.ts at contracts,7,UNRESOLVED_NO_BUILD_EVIDENCE
66,.,yarn build,nested package.json script build=run-s build:* at 66,144,RESOLVED
66,packages/contracts,npx hardhat compile,checked-in nested hardhat.config.js at contracts,144,RESOLVED
67,sandclock,yarn compile,nested package.json script compile=hardhat compile at sandclock,25,UNRESOLVED_NO_BUILD_EVIDENCE
68,contracts/basket,yarn compile,nested package.json script compile=yarn prettier && hardhat compile --config hardhat.compile.config.ts && hardhat run scripts/transformArtifactFilesForTests.js at basket,38,RESOLVED
68,contracts/bridge,yarn compile,nested package.json script compile=hardhat compile --force --config hardhat.compile.config.ts at bridge,6,RESOLVED
69,nftx-protocol-v2,npx hardhat compile,checked-in nested hardhat.config.js at nftx-protocol-v2,113,UNRESOLVED_NO_BUILD_EVIDENCE
70,.,npm run compile,nested package.json script compile=rm -rf ./build && truffle compile at 70,93,RESOLVED
70,repo/vader-bond,brownie compile,checked-in nested brownie-config.yaml at vader-bond,8,RESOLVED
71,.,npm run compile,nested package.json script compile=npx hardhat compile at 71,30,RESOLVED
72,openleverage-contracts,npx truffle compile,checked-in nested truffle-config.js at openleverage-contracts,70,UNRESOLVED_NO_BUILD_EVIDENCE
73,arbitrum-lpt-bridge,yarn compile,nested package.json script compile=npx hardhat compile at arbitrum-lpt-bridge,24,UNRESOLVED_NO_BUILD_EVIDENCE
73,protocol,yarn compile,nested package.json script compile=npx hardhat compile at protocol,87,UNRESOLVED_NO_BUILD_EVIDENCE
74,Timeswap/Timeswap-V1-Convenience,yarn compile,nested package.json script compile=hardhat compile at Timeswap-V1-Convenience,60,UNRESOLVED_NO_BUILD_EVIDENCE
74,Timeswap/Timeswap-V1-Core,yarn compile,nested package.json script compile=hardhat compile at Timeswap-V1-Core,41,UNRESOLVED_NO_BUILD_EVIDENCE
75,xdefi-distribution,npm run compile,nested package.json script compile=hardhat compile at xdefi-distribution,6,UNRESOLVED_NO_BUILD_EVIDENCE
76,.,npx hardhat compile,checked-in nested hardhat.config.js at 76,48,RESOLVED
77,elasticswap,yarn compile,nested package.json script compile=npx hardhat compile at elasticswap,6,UNRESOLVED_NO_BUILD_EVIDENCE
78,.,npx hardhat compile,checked-in nested hardhat.config.ts at 78,73,RESOLVED
79,.,npx hardhat compile,checked-in nested hardhat.config.js at 79,14,UNRESOLVED_AMBIGUOUS_BUILD_EVIDENCE
81,.,npx hardhat compile,checked-in nested hardhat.config.js at 81,33,UNRESOLVED_AMBIGUOUS_BUILD_EVIDENCE
83,.,npm run compile,nested package.json script compile=npx hardhat compile at 83,15,RESOLVED
89,.,npm run compile,nested package.json script compile=npx hardhat compile at 89,21,UNRESOLVED_AMBIGUOUS_BUILD_EVIDENCE
94,.,yarn build,nested package.json script build=hardhat typechain at 94,34,RESOLVED
96,Timeswap/Convenience,yarn compile,nested package.json script compile=hardhat compile at Convenience,66,UNRESOLVED_NO_BUILD_EVIDENCE
96,Timeswap/Core,yarn compile,nested package.json script compile=hardhat compile at Core,19,UNRESOLVED_NO_BUILD_EVIDENCE
97,.,yarn compile,nested package.json script compile=hardhat compile at 97,38,RESOLVED
98,quant-protocol,yarn build,nested package.json script build=hardhat compile at quant-protocol,54,UNRESOLVED_NO_BUILD_EVIDENCE
100,.,npx hardhat compile,checked-in nested hardhat.config.ts at 100,22,RESOLVED
101,sublime-v1,npm run compile,nested package.json script compile=forge build at sublime-v1,150,UNRESOLVED_NO_BUILD_EVIDENCE
102,.,npm run compile,nested package.json script compile=forge build at 102,60,RESOLVED
103,.,yarn compile,nested package.json script compile=hardhat compile && hardhat diamondABI at 103,28,RESOLVED
104,core-contracts,npx hardhat compile,checked-in nested hardhat.config.js at core-contracts,14,UNRESOLVED_NO_BUILD_EVIDENCE
104,royalty-vault,npx hardhat compile,checked-in nested hardhat.config.js at royalty-vault,8,UNRESOLVED_NO_BUILD_EVIDENCE
104,splits,npx hardhat compile,checked-in nested hardhat.config.ts at splits,11,UNRESOLVED_NO_BUILD_EVIDENCE
105,.,npm run compile,nested package.json script compile=npx hardhat compile at 105,23,UNRESOLVED_AMBIGUOUS_BUILD_EVIDENCE
106,.,forge build,checked-in nested foundry.toml at 106,27,UNRESOLVED_AMBIGUOUS_BUILD_EVIDENCE
107,.,yarn compile,nested package.json script compile=hardhat compile at 107,43,RESOLVED
109,.,npm run build,nested package.json script build=rm -rf build && waffle waffle.json at 109,24,RESOLVED
110,.,forge build,checked-in nested foundry.toml at 110,605,RESOLVED
110,lib/multicall,forge build,checked-in nested foundry.toml at multicall,18,RESOLVED
110,lib/openzeppelin-contracts,npm run compile,nested package.json script compile=hardhat compile at openzeppelin-contracts,244,RESOLVED
110,lib/openzeppelin-contracts-upgradeable,npm run compile,nested package.json script compile=hardhat compile at openzeppelin-contracts-upgradeable,239,RESOLVED
112,backd,npx hardhat compile,checked-in nested hardhat.config.js at backd,158,UNRESOLVED_NO_BUILD_EVIDENCE
113,.,yarn build,nested package.json script build=hardhat compile at 113,19,RESOLVED
114,aave-v3-yield-source,yarn compile,nested package.json script compile=mkdir -p abis && hardhat --show-stack-traces --max-memory 8192 compile at aave-v3-yield-source,4,UNRESOLVED_NO_BUILD_EVIDENCE
115,core,yarn compile,nested package.json script compile=truffle compile && yarn generate-types && tsc at core,134,UNRESOLVED_NO_BUILD_EVIDENCE
115,supervaults,yarn compile,nested package.json script compile=yarn hardhat compile at supervaults,12,UNRESOLVED_NO_BUILD_EVIDENCE
122,contracts,forge build,checked-in nested foundry.toml at contracts,347,UNRESOLVED_NO_BUILD_EVIDENCE
122,contracts/lib/openzeppelin-contracts,npm run compile,nested package.json script compile=hardhat compile at openzeppelin-contracts,270,UNRESOLVED_NO_BUILD_EVIDENCE
122,contracts/lib/solmate,forge build,checked-in nested foundry.toml at solmate,49,UNRESOLVED_NO_BUILD_EVIDENCE
123,.,yarn compile,nested package.json script compile=yarn compile:cvx && yarn compile:aura && yarn run compile:ts at 123,60,RESOLVED
123,convex-platform/contracts,npm run compile,nested package.json script compile=truffle compile at contracts,29,RESOLVED
124,index-coop-notional-trade-module,yarn compile,nested package.json script compile=npx hardhat compile at index-coop-notional-trade-module,302,UNRESOLVED_NO_BUILD_EVIDENCE
124,notional-wrapped-fcash,npx hardhat compile,checked-in nested hardhat.config.js at notional-wrapped-fcash,15,UNRESOLVED_NO_BUILD_EVIDENCE
131,protocol,npx hardhat compile,checked-in nested hardhat.config.js at protocol,161,UNRESOLVED_NO_BUILD_EVIDENCE
143,juice-contracts-v2-code4rena,yarn compile,nested package.json script compile=yarn clean && hardhat compile at juice-contracts-v2-code4rena,95,UNRESOLVED_NO_BUILD_EVIDENCE
145,.,yarn build,nested package.json script build=rm -rf ./build/deploy ./build/hardhat.config.js && hardhat compile && tsc at 145,93,RESOLVED
190,prepo-monorepo,yarn compile,nested package.json script compile=turbo run compile at prepo-monorepo,217,UNRESOLVED_NO_BUILD_EVIDENCE
190,prepo-monorepo/apps/smart-contracts/core,npm run compile,nested package.json script compile=yarn typechain && npx hardhat compile at core,29,UNRESOLVED_NO_BUILD_EVIDENCE
190,prepo-monorepo/apps/smart-contracts/token,npm run compile,nested package.json script compile=yarn typechain && npx hardhat compile at token,145,UNRESOLVED_NO_BUILD_EVIDENCE
190,prepo-monorepo/packages/prepo-shared-contracts,npm run compile,nested package.json script compile=yarn typechain && npx hardhat compile at prepo-shared-contracts,43,UNRESOLVED_NO_BUILD_EVIDENCE
191,.,forge build,checked-in nested foundry.toml at 191,14,RESOLVED
192,.,npx hardhat compile,checked-in nested hardhat.config.js at 192,35,RESOLVED
193,.,forge build,checked-in nested foundry.toml at 193,43,RESOLVED
