snapshot_id,status,attempt_count,successful_attempt_count,prohibited_edit_attempt_count,max_immutable_artifact_files,max_any_attempt_artifact_files,best_manifest_path,reason
3,PARTIAL_COMPILE_POST_FAILURE,1,0,0,3,3,benchmarks/web3bugs/best_effort_build_runs/3/web3bugs-3-best-effort-20260814T184250Z-2ac771a58ac6426e8435106a3c2ac3ff/attempt_manifest.json,no accepted full build; an immutable attempt emitted partial artifacts before failure
5,SUCCESS,2,1,0,49,49,benchmarks/web3bugs/best_effort_build_runs/5/web3bugs-5-best-effort-20260814T182016Z-1f443fe786f84c709176a601c5946e42/attempt_manifest.json,at least one no-edit build completed with compiler artifacts
6,SUCCESS,1,1,0,3,3,benchmarks/web3bugs/best_effort_build_runs/6/web3bugs-6-best-effort-20260814T184250Z-36547743cb7845c092268e3299f5c154/attempt_manifest.json,at least one no-edit build completed with compiler artifacts
7,PARTIAL_COMPILE_POST_FAILURE,1,0,0,3,3,benchmarks/web3bugs/best_effort_build_runs/7/web3bugs-7-best-effort-20260814T184250Z-28843795438e4709b1ee35aee646e4ea/attempt_manifest.json,no accepted full build; an immutable attempt emitted partial artifacts before failure
8,ATTEMPTED_FAILED,3,0,0,0,0,benchmarks/web3bugs/best_effort_build_runs/8/web3bugs-8-best-effort-20260817T192058Z-7ecb3737d9b54f8bbd3f953b9efe829c/attempt_manifest.json,all best-effort no-edit build attempts failed
10,SUCCESS,1,1,0,110,110,benchmarks/web3bugs/best_effort_build_runs/10/web3bugs-10-best-effort-20260814T184030Z-fb0576f124a44b9b9ea309df171eb002/attempt_manifest.json,at least one no-edit build completed with compiler artifacts
12,SUCCESS,1,1,0,163,163,benchmarks/web3bugs/best_effort_build_runs/12/web3bugs-12-best-effort-20260814T182156Z-3fe2e4ce4bf5461ab83f078e0e3f0e34/attempt_manifest.json,at least one no-edit build completed with compiler artifacts
13,ATTEMPTED_FAILED,8,0,4,0,93,benchmarks/web3bugs/best_effort_build_runs/13/web3bugs-13-best-effort-20260817T190825Z-8e452412b1ed4b2d952327037671156d/attempt_manifest.json,all best-effort no-edit build attempts failed
14,EXPLICIT_NO_COMPATIBLE_COMPILER,0,0,0,0,0,,no single compiler satisfies exact pragmas 0.6.12 and 0.8.4 across the complete snapshot
16,SUCCESS,1,1,0,113,113,benchmarks/web3bugs/best_effort_build_runs/16/web3bugs-16-best-effort-20260814T184030Z-e9e607ac191546c28688f38a70dcd360/attempt_manifest.json,at least one no-edit build completed with compiler artifacts
17,ATTEMPTED_FAILED,2,0,0,0,0,benchmarks/web3bugs/best_effort_build_runs/17/web3bugs-17-best-effort-20260817T185743Z-ba7f24bfd9b84df3ba3ae3cb0aeb8e40/attempt_manifest.json,all best-effort no-edit build attempts failed
18,SUCCESS,1,1,0,3,3,benchmarks/web3bugs/best_effort_build_runs/18/web3bugs-18-best-effort-20260814T184250Z-3f58dfacfaf042449c2de99d9a8a2671/attempt_manifest.json,at least one no-edit build completed with compiler artifacts
19,PARTIAL_COMPILE_POST_FAILURE,1,0,0,3,3,benchmarks/web3bugs/best_effort_build_runs/19/web3bugs-19-best-effort-20260814T184251Z-4e68445386de448fa2688d2a05deda3f/attempt_manifest.json,no accepted full build; an immutable attempt emitted partial artifacts before failure
20,PARTIAL_COMPILE_POST_FAILURE,1,0,0,3,3,benchmarks/web3bugs/best_effort_build_runs/20/web3bugs-20-best-effort-20260814T184251Z-0ffae0b893cd485e9c74a4a4799779ac/attempt_manifest.json,no accepted full build; an immutable attempt emitted partial artifacts before failure
21,SUCCESS,2,1,0,141,141,benchmarks/web3bugs/best_effort_build_runs/21/web3bugs-21-best-effort-20260814T185650Z-b0c799d162eb475c8922703bb149fe4d/attempt_manifest.json,at least one no-edit build completed with compiler artifacts
22,SUCCESS,1,1,0,160,160,benchmarks/web3bugs/best_effort_build_runs/22/web3bugs-22-best-effort-20260814T184030Z-cf3918b2314d4058bf0ec8d3089c5808/attempt_manifest.json,at least one no-edit build completed with compiler artifacts
23,PARTIAL_COMPILE_POST_FAILURE,3,0,0,18,18,benchmarks/web3bugs/best_effort_build_runs/23/web3bugs-23-best-effort-20260814T182942Z-c2e3ed5c1aed4f7fb6cb3297910ec96a/attempt_manifest.json,no accepted full build; an immutable attempt emitted partial artifacts before failure
24,SUCCESS,3,1,0,17,17,benchmarks/web3bugs/best_effort_build_runs/24/web3bugs-24-best-effort-20260814T184103Z-43bdd6067f8940e3b4331c8644b8884e/attempt_manifest.json,at least one no-edit build completed with compiler artifacts
25,SUCCESS,1,1,0,155,155,benchmarks/web3bugs/best_effort_build_runs/25/web3bugs-25-best-effort-20260814T183123Z-fe3a462af7d44eeaac70553cb3ef5573/attempt_manifest.json,at least one no-edit build completed with compiler artifacts
26,SUCCESS,2,1,0,103,103,benchmarks/web3bugs/best_effort_build_runs/26/web3bugs-26-best-effort-20260814T182918Z-27adcaada4054e05994a6dceb04a3c87/attempt_manifest.json,at least one no-edit build completed with compiler artifacts
27,ATTEMPTED_FAILED,3,0,0,0,0,benchmarks/web3bugs/best_effort_build_runs/27/web3bugs-27-best-effort-20260817T192118Z-a4e1ee751d624782be917894aa88b6a2/attempt_manifest.json,all best-effort no-edit build attempts failed
28,SUCCESS,3,1,0,129,129,benchmarks/web3bugs/best_effort_build_runs/28/web3bugs-28-best-effort-20260817T192501Z-ca3f0e7a47804ddfa7fe4039dcc607a5/attempt_manifest.json,at least one no-edit build completed with compiler artifacts
29,SUCCESS,2,1,0,118,118,benchmarks/web3bugs/best_effort_build_runs/29/web3bugs-29-best-effort-20260814T185717Z-f6feeea336c04dd6891813c53cfcd75e/attempt_manifest.json,at least one no-edit build completed with compiler artifacts
30,PARTIAL_COMPILE_POST_FAILURE,1,0,0,252,252,benchmarks/web3bugs/best_effort_build_runs/30/web3bugs-30-best-effort-20260814T183127Z-4d87003b8efc40a98f0489c7887e75a6/attempt_manifest.json,no accepted full build; an immutable attempt emitted partial artifacts before failure
31,SUCCESS,1,1,0,93,93,benchmarks/web3bugs/best_effort_build_runs/31/web3bugs-31-best-effort-20260814T184213Z-727ab182d4d240e08381f5640f61c582/attempt_manifest.json,at least one no-edit build completed with compiler artifacts
32,EXPLICIT_NO_COMPATIBLE_COMPILER,0,0,0,0,0,,no single compiler satisfies exact pragmas 0.7.5 and 0.8.6 across the complete snapshot; 0.7.5 is also absent from the frozen inventory
34,SUCCESS,3,3,0,157,157,benchmarks/web3bugs/best_effort_build_runs/34/web3bugs-34-best-effort-20260814T184215Z-0fbdf9064a8a49809cf5cf5c722606da/attempt_manifest.json,at least one no-edit build completed with compiler artifacts
35,SUCCESS,2,1,0,152,152,benchmarks/web3bugs/best_effort_build_runs/35/web3bugs-35-best-effort-20260814T185745Z-395deab83bce46dd86c7400906d67a46/attempt_manifest.json,at least one no-edit build completed with compiler artifacts
36,SUCCESS,1,1,0,45,45,benchmarks/web3bugs/best_effort_build_runs/36/web3bugs-36-best-effort-20260814T184315Z-6b9b17e00ed94f4cb25641895e6bd115/attempt_manifest.json,at least one no-edit build completed with compiler artifacts
37,ATTEMPTED_FAILED,4,0,0,0,0,benchmarks/web3bugs/best_effort_build_runs/37/web3bugs-37-best-effort-20260817T185209Z-afeb14f63bf1498993039d824f5b4d58/attempt_manifest.json,all best-effort no-edit build attempts failed
38,PARTIAL_COMPILE_POST_FAILURE,1,0,0,3,3,benchmarks/web3bugs/best_effort_build_runs/38/web3bugs-38-best-effort-20260814T184251Z-8d92b00052b14f19ad5e680556abd221/attempt_manifest.json,no accepted full build; an immutable attempt emitted partial artifacts before failure
39,SUCCESS,1,1,0,53,53,benchmarks/web3bugs/best_effort_build_runs/39/web3bugs-39-best-effort-20260814T184251Z-7ac3b408d50b4b0885ea010ba7a97920/attempt_manifest.json,at least one no-edit build completed with compiler artifacts
41,SUCCESS,1,1,0,47,47,benchmarks/web3bugs/best_effort_build_runs/41/web3bugs-41-best-effort-20260814T184319Z-c0ff15dda48c4e4395acf25c549997d9/attempt_manifest.json,at least one no-edit build completed with compiler artifacts
42,ATTEMPTED_FAILED,8,0,0,0,0,benchmarks/web3bugs/best_effort_build_runs/42/web3bugs-42-best-effort-20260817T185548Z-6e5a538b64e943e88c43047e4b5efd63/attempt_manifest.json,all best-effort no-edit build attempts failed
43,PARTIAL_COMPILE_POST_FAILURE,5,0,0,1,1,benchmarks/web3bugs/best_effort_build_runs/43/web3bugs-43-best-effort-20260814T183206Z-dba02db024bc481bb95e2ca151e361a5/attempt_manifest.json,no accepted full build; an immutable attempt emitted partial artifacts before failure
44,SUCCESS,1,1,0,35,35,benchmarks/web3bugs/best_effort_build_runs/44/web3bugs-44-best-effort-20260814T183208Z-9f7d715235b346a3b3bcbd8af89eb1e5/attempt_manifest.json,at least one no-edit build completed with compiler artifacts
45,SUCCESS,2,1,0,210,210,benchmarks/web3bugs/best_effort_build_runs/45/web3bugs-45-best-effort-20260817T185743Z-b0ac3489236841ce9cfdba4929388e1e/attempt_manifest.json,at least one no-edit build completed with compiler artifacts
47,SUCCESS,1,1,0,21,21,benchmarks/web3bugs/best_effort_build_runs/47/web3bugs-47-best-effort-20260814T183230Z-dc9d9488d21a4029bc757c267a96f577/attempt_manifest.json,at least one no-edit build completed with compiler artifacts
49,SUCCESS,1,1,0,76,76,benchmarks/web3bugs/best_effort_build_runs/49/web3bugs-49-best-effort-20260814T183243Z-e8bb6006c8784db2967f65694278cfde/attempt_manifest.json,at least one no-edit build completed with compiler artifacts
51,SUCCESS,5,1,0,101,101,benchmarks/web3bugs/best_effort_build_runs/51/web3bugs-51-best-effort-20260814T184441Z-7e61f807c48546f19050653eff0bd261/attempt_manifest.json,at least one no-edit build completed with compiler artifacts
52,SUCCESS,1,1,0,108,108,benchmarks/web3bugs/best_effort_build_runs/52/web3bugs-52-best-effort-20260814T183252Z-883c8485336e48f39808d0329b7700ec/attempt_manifest.json,at least one no-edit build completed with compiler artifacts
53,SUCCESS,2,1,0,99,99,benchmarks/web3bugs/best_effort_build_runs/53/web3bugs-53-best-effort-20260817T185743Z-1971dabb0c0546f3aff75eb542361a53/attempt_manifest.json,at least one no-edit build completed with compiler artifacts
54,SUCCESS,1,1,0,234,234,benchmarks/web3bugs/best_effort_build_runs/54/web3bugs-54-best-effort-20260814T184447Z-afef722657cd412ebad149267e5d926c/attempt_manifest.json,at least one no-edit build completed with compiler artifacts
55,PARTIAL_COMPILE_POST_FAILURE,1,0,0,3,3,benchmarks/web3bugs/best_effort_build_runs/55/web3bugs-55-best-effort-20260814T184251Z-32bb859fc2774acdb1c010cad18b3766/attempt_manifest.json,no accepted full build; an immutable attempt emitted partial artifacts before failure
56,PARTIAL_COMPILE_POST_FAILURE,3,0,0,329,329,benchmarks/web3bugs/best_effort_build_runs/56/web3bugs-56-best-effort-20260814T183304Z-8da763a56562459ea3297aa82b30e842/attempt_manifest.json,no accepted full build; an immutable attempt emitted partial artifacts before failure
57,SUCCESS,5,1,0,107,107,benchmarks/web3bugs/best_effort_build_runs/57/web3bugs-57-best-effort-20260817T190711Z-4f34fb2678344e23b2523d38ab5d6e15/attempt_manifest.json,at least one no-edit build completed with compiler artifacts
58,ATTEMPTED_FAILED,3,0,0,0,0,benchmarks/web3bugs/best_effort_build_runs/58/web3bugs-58-best-effort-20260817T185552Z-2fca46ebb0b64845ac7f73f64da5dac7/attempt_manifest.json,all best-effort no-edit build attempts failed
59,ATTEMPTED_FAILED,2,0,0,0,0,benchmarks/web3bugs/best_effort_build_runs/59/web3bugs-59-best-effort-20260817T191142Z-7dc476582e9045d4a797ed49293ee7ae/attempt_manifest.json,all best-effort no-edit build attempts failed
60,SUCCESS,2,1,0,93,93,benchmarks/web3bugs/best_effort_build_runs/60/web3bugs-60-best-effort-20260814T185845Z-b9e85c6da40e4a4ca0ea231a43fa3ce1/attempt_manifest.json,at least one no-edit build completed with compiler artifacts
61,SUCCESS,1,1,0,175,175,benchmarks/web3bugs/best_effort_build_runs/61/web3bugs-61-best-effort-20260814T184538Z-447d583976c2486caba1d78960cecd33/attempt_manifest.json,at least one no-edit build completed with compiler artifacts
62,SUCCESS,2,1,0,4,4,benchmarks/web3bugs/best_effort_build_runs/62/web3bugs-62-best-effort-20260817T192625Z-8a08cde6b5654d65a77d8a0add42848b/attempt_manifest.json,at least one no-edit build completed with compiler artifacts
64,SUCCESS,2,2,0,161,161,benchmarks/web3bugs/best_effort_build_runs/64/web3bugs-64-best-effort-20260814T184609Z-3653412ca4c74ce4b0af626784d37dcf/attempt_manifest.json,at least one no-edit build completed with compiler artifacts
65,ATTEMPTED_FAILED,1,0,0,0,0,benchmarks/web3bugs/best_effort_build_runs/65/web3bugs-65-best-effort-20260814T184618Z-dab80f8560204039a3c705bcb3801399/attempt_manifest.json,all best-effort no-edit build attempts failed
66,SUCCESS,4,1,1,354,354,benchmarks/web3bugs/best_effort_build_runs/66/web3bugs-66-best-effort-20260817T190409Z-a9d3de83c8dc4ab0907db1c05db2563a/attempt_manifest.json,at least one no-edit build completed with compiler artifacts
67,SUCCESS,1,1,0,85,85,benchmarks/web3bugs/best_effort_build_runs/67/web3bugs-67-best-effort-20260814T184626Z-b394abaa34d2437cbadf3d5b3a96288f/attempt_manifest.json,at least one no-edit build completed with compiler artifacts
68,SUCCESS,2,1,0,131,131,benchmarks/web3bugs/best_effort_build_runs/68/web3bugs-68-best-effort-20260814T191754Z-755b6d946df24234a02f8594482e93ee/attempt_manifest.json,at least one no-edit build completed with compiler artifacts
69,ATTEMPTED_FAILED,9,0,2,0,271,benchmarks/web3bugs/best_effort_build_runs/69/web3bugs-69-best-effort-20260817T190951Z-477b1fd7fb6a45c2a579bc425c97f9eb/attempt_manifest.json,all best-effort no-edit build attempts failed
70,SUCCESS,2,1,0,3,3,benchmarks/web3bugs/best_effort_build_runs/70/web3bugs-70-best-effort-20260814T191923Z-7fba40f9eb924da3af762b9fdac1a688/attempt_manifest.json,at least one no-edit build completed with compiler artifacts
71,ATTEMPTED_FAILED,1,0,0,0,0,benchmarks/web3bugs/best_effort_build_runs/71/web3bugs-71-best-effort-20260814T183409Z-4d36eea5e1f74a89a35a783e113af62a/attempt_manifest.json,all best-effort no-edit build attempts failed
72,ATTEMPTED_FAILED,3,0,0,0,0,benchmarks/web3bugs/best_effort_build_runs/72/web3bugs-72-best-effort-20260817T192144Z-eb51a7f192ba40a998b4cdb7c910bf93/attempt_manifest.json,all best-effort no-edit build attempts failed
73,SUCCESS,4,2,0,192,192,benchmarks/web3bugs/best_effort_build_runs/73/web3bugs-73-best-effort-20260814T185910Z-7d71c4e01854439c945dd4b423c1599d/attempt_manifest.json,at least one no-edit build completed with compiler artifacts
74,ATTEMPTED_FAILED,6,0,0,0,0,benchmarks/web3bugs/best_effort_build_runs/74/web3bugs-74-best-effort-20260817T185213Z-a09de00280bc4e6ca948427a704af178/attempt_manifest.json,all best-effort no-edit build attempts failed
75,ATTEMPTED_FAILED,1,0,0,0,0,benchmarks/web3bugs/best_effort_build_runs/75/web3bugs-75-best-effort-20260814T184756Z-9c290296ee88495c846c7b653336fce7/attempt_manifest.json,all best-effort no-edit build attempts failed
76,SUCCESS,1,1,0,144,144,benchmarks/web3bugs/best_effort_build_runs/76/web3bugs-76-best-effort-20260814T183419Z-e8c1512b56ac41e390b92b4e5fcbb62a/attempt_manifest.json,at least one no-edit build completed with compiler artifacts
77,SUCCESS,1,1,0,33,33,benchmarks/web3bugs/best_effort_build_runs/77/web3bugs-77-best-effort-20260814T184801Z-f12249b3cd024b52ba1848dbe237147a/attempt_manifest.json,at least one no-edit build completed with compiler artifacts
78,SUCCESS,1,1,0,257,257,benchmarks/web3bugs/best_effort_build_runs/78/web3bugs-78-best-effort-20260814T183441Z-b27f5353128d4d07b7004e31663a3015/attempt_manifest.json,at least one no-edit build completed with compiler artifacts
79,SUCCESS,1,1,0,53,53,benchmarks/web3bugs/best_effort_build_runs/79/web3bugs-79-best-effort-20260814T184806Z-577a4a26b8fc49a6ba05f7ffd1b24083/attempt_manifest.json,at least one no-edit build completed with compiler artifacts
80,PARTIAL_COMPILE_POST_FAILURE,1,0,0,3,3,benchmarks/web3bugs/best_effort_build_runs/80/web3bugs-80-best-effort-20260814T184251Z-1fb89655c80046f699748fa3862cba2f/attempt_manifest.json,no accepted full build; an immutable attempt emitted partial artifacts before failure
81,SUCCESS,2,1,0,65,65,benchmarks/web3bugs/best_effort_build_runs/81/web3bugs-81-best-effort-20260817T192343Z-054f34bf19ef4d9385aaae41b4f1dc45/attempt_manifest.json,at least one no-edit build completed with compiler artifacts
83,ATTEMPTED_FAILED,1,0,0,0,0,benchmarks/web3bugs/best_effort_build_runs/83/web3bugs-83-best-effort-20260814T183501Z-041223db962145cfa37e4babc470ce40/attempt_manifest.json,all best-effort no-edit build attempts failed
89,SUCCESS,1,1,0,169,169,benchmarks/web3bugs/best_effort_build_runs/89/web3bugs-89-best-effort-20260814T184823Z-a87c3776ca144b5d8617339f647c927a/attempt_manifest.json,at least one no-edit build completed with compiler artifacts
90,PARTIAL_COMPILE_POST_FAILURE,1,0,0,3,3,benchmarks/web3bugs/best_effort_build_runs/90/web3bugs-90-best-effort-20260814T184251Z-b7bb7451467b4bb4bef7fcb32df8c94b/attempt_manifest.json,no accepted full build; an immutable attempt emitted partial artifacts before failure
92,ATTEMPTED_FAILED,1,0,0,0,0,benchmarks/web3bugs/best_effort_build_runs/92/web3bugs-92-best-effort-20260814T183508Z-f75a9223baf14a55b1ee56248bfa1d43/attempt_manifest.json,all best-effort no-edit build attempts failed
94,SUCCESS,1,1,0,110,110,benchmarks/web3bugs/best_effort_build_runs/94/web3bugs-94-best-effort-20260814T183509Z-c597d8eb6d9048dfb2fbe162aa1b9d78/attempt_manifest.json,at least one no-edit build completed with compiler artifacts
96,PARTIAL_COMPILE_POST_FAILURE,9,0,0,4,4,benchmarks/web3bugs/best_effort_build_runs/96/web3bugs-96-best-effort-20260814T184839Z-b862acff099347f3952ec387ae3c9df0/attempt_manifest.json,no accepted full build; an immutable attempt emitted partial artifacts before failure
97,ATTEMPTED_FAILED,4,0,0,0,0,benchmarks/web3bugs/best_effort_build_runs/97/web3bugs-97-best-effort-20260817T185240Z-22cf58a739684d6b8bf749596350181a/attempt_manifest.json,all best-effort no-edit build attempts failed
98,SUCCESS,1,1,0,174,174,benchmarks/web3bugs/best_effort_build_runs/98/web3bugs-98-best-effort-20260814T184849Z-1bbab1b5c1d74646ae0b7f58aab3cb24/attempt_manifest.json,at least one no-edit build completed with compiler artifacts
100,SUCCESS,1,1,0,85,85,benchmarks/web3bugs/best_effort_build_runs/100/web3bugs-100-best-effort-20260814T183529Z-8de82b5ba69f4cbfa4376336ec4fca81/attempt_manifest.json,at least one no-edit build completed with compiler artifacts
101,ATTEMPTED_FAILED,2,0,0,0,0,benchmarks/web3bugs/best_effort_build_runs/101/web3bugs-101-best-effort-20260814T185637Z-0c6b1d168b144716a4a1802d9f82fd70/attempt_manifest.json,all best-effort no-edit build attempts failed
102,SUCCESS,5,1,0,103,103,benchmarks/web3bugs/best_effort_build_runs/102/web3bugs-102-best-effort-20260817T190711Z-9cac8dfa2f4e4b5fa947a544b3922370/attempt_manifest.json,at least one no-edit build completed with compiler artifacts
103,SUCCESS,1,1,0,61,61,benchmarks/web3bugs/best_effort_build_runs/103/web3bugs-103-best-effort-20260814T183551Z-6669200ce4254baa96e43b171cb195c8/attempt_manifest.json,at least one no-edit build completed with compiler artifacts
104,SUCCESS,5,1,0,31,31,benchmarks/web3bugs/best_effort_build_runs/104/web3bugs-104-best-effort-20260814T184913Z-4d6c750e270c4adb9dfef42daa777b54/attempt_manifest.json,at least one no-edit build completed with compiler artifacts
105,SUCCESS,2,1,0,45,45,benchmarks/web3bugs/best_effort_build_runs/105/web3bugs-105-best-effort-20260817T185743Z-22567f2b51724d7ea1e6a779538ce5dc/attempt_manifest.json,at least one no-edit build completed with compiler artifacts
106,SUCCESS,1,1,0,49,49,benchmarks/web3bugs/best_effort_build_runs/106/web3bugs-106-best-effort-20260814T184944Z-8f9046934b934b958deb38ade35fe98f/attempt_manifest.json,at least one no-edit build completed with compiler artifacts
107,SUCCESS,1,1,0,207,207,benchmarks/web3bugs/best_effort_build_runs/107/web3bugs-107-best-effort-20260814T183551Z-11350d36c8d04403ad21b706634c3146/attempt_manifest.json,at least one no-edit build completed with compiler artifacts
109,ATTEMPTED_FAILED,2,0,0,0,0,benchmarks/web3bugs/best_effort_build_runs/109/web3bugs-109-best-effort-20260817T185609Z-6b71cb2a4b3c4228acd733a661e07a87/attempt_manifest.json,all best-effort no-edit build attempts failed
110,SUCCESS,1,1,0,78,78,benchmarks/web3bugs/best_effort_build_runs/110/web3bugs-110-best-effort-20260814T183637Z-bd000f5eb28a4abdacc22e5987a5c127/attempt_manifest.json,at least one no-edit build completed with compiler artifacts
112,SUCCESS,1,1,0,422,422,benchmarks/web3bugs/best_effort_build_runs/112/web3bugs-112-best-effort-20260814T184949Z-8ef908d8fc624d2f8186d7a5b02c798e/attempt_manifest.json,at least one no-edit build completed with compiler artifacts
113,SUCCESS,4,2,0,156,156,benchmarks/web3bugs/best_effort_build_runs/113/web3bugs-113-best-effort-20260814T192450Z-d1a383ebe343407d824ff206799e54fa/attempt_manifest.json,at least one no-edit build completed with compiler artifacts
114,SUCCESS,1,1,0,73,73,benchmarks/web3bugs/best_effort_build_runs/114/web3bugs-114-best-effort-20260814T184959Z-57dd3436c55a4ac892117e342875c97e/attempt_manifest.json,at least one no-edit build completed with compiler artifacts
115,SUCCESS,3,1,0,55,55,benchmarks/web3bugs/best_effort_build_runs/115/web3bugs-115-best-effort-20260814T185020Z-e81244318db44a7daeb2b6e6189d8f54/attempt_manifest.json,at least one no-edit build completed with compiler artifacts
122,SUCCESS,3,3,0,574,574,benchmarks/web3bugs/best_effort_build_runs/122/web3bugs-122-best-effort-20260814T185043Z-52ecf015fa5f47a0b8c56e869fd7d7fd/attempt_manifest.json,at least one no-edit build completed with compiler artifacts
123,SUCCESS,1,1,0,247,247,benchmarks/web3bugs/best_effort_build_runs/123/web3bugs-123-best-effort-20260814T183644Z-ae129aa349ef4dbea39e68e7de5e6485/attempt_manifest.json,at least one no-edit build completed with compiler artifacts
124,SUCCESS,2,1,0,623,623,benchmarks/web3bugs/best_effort_build_runs/124/web3bugs-124-best-effort-20260814T185119Z-db047cb0473c4af3b7c46041ce24077c/attempt_manifest.json,at least one no-edit build completed with compiler artifacts
125,PARTIAL_COMPILE_POST_FAILURE,1,0,0,3,3,benchmarks/web3bugs/best_effort_build_runs/125/web3bugs-125-best-effort-20260814T184252Z-23152484a769464fa6b9f19334d02c59/attempt_manifest.json,no accepted full build; an immutable attempt emitted partial artifacts before failure
131,SUCCESS,4,1,0,214,214,benchmarks/web3bugs/best_effort_build_runs/131/web3bugs-131-best-effort-20260817T191555Z-c63cd6d0469246bc88b5f17f88537959/attempt_manifest.json,at least one no-edit build completed with compiler artifacts
143,SUCCESS,1,1,0,211,211,benchmarks/web3bugs/best_effort_build_runs/143/web3bugs-143-best-effort-20260814T185132Z-f3a41b508bca405597750912588ed40b/attempt_manifest.json,at least one no-edit build completed with compiler artifacts
145,SUCCESS,1,1,0,330,330,benchmarks/web3bugs/best_effort_build_runs/145/web3bugs-145-best-effort-20260814T183659Z-55d147de6d51486aa321837518f58bf0/attempt_manifest.json,at least one no-edit build completed with compiler artifacts
190,ATTEMPTED_FAILED,11,0,0,0,0,benchmarks/web3bugs/best_effort_build_runs/190/web3bugs-190-best-effort-20260817T193014Z-f82f9acb886a4b219c90f8cf5fc5fb59/attempt_manifest.json,all best-effort no-edit build attempts failed
191,SUCCESS,2,1,0,77,77,benchmarks/web3bugs/best_effort_build_runs/191/web3bugs-191-best-effort-20260814T182939Z-e787b5a60f594cc1ade2f554438b0fa0/attempt_manifest.json,at least one no-edit build completed with compiler artifacts
192,SUCCESS,1,1,0,164,164,benchmarks/web3bugs/best_effort_build_runs/192/web3bugs-192-best-effort-20260814T183704Z-87f45ab078574447b5619b68702cdcc4/attempt_manifest.json,at least one no-edit build completed with compiler artifacts
193,ATTEMPTED_FAILED,2,0,0,0,0,benchmarks/web3bugs/best_effort_build_runs/193/web3bugs-193-best-effort-20260817T192625Z-44605fab88bb46acafd9d42b2e9a6452/attempt_manifest.json,all best-effort no-edit build attempts failed
