attempt_id,snapshot_id,command_evidence_rank,command_evidence,command,toolchain_evidence,toolchain,started_at,duration_seconds,timeout_seconds,exit_code,terminal_status,stdout_sha256,stderr_sha256,source_sha256_before,source_sha256_after,build_sha256,prohibited_edit_detected,acceptance_check,notes
web3bugs-3-build-screen-001,3,,no permitted rank 1-3 command evidence; direct compilation requires source-completeness and pragma analysis not authorized by the execution safety gate,,"{""compiler"":""unresolved"",""node"":""no JavaScript package manager evidence""}","{""node_profile"":null,""oci_digest"":""sha256:3d73bca90bf416127375a3836cfa7272aae89da7d24f6af4071286174b7dd4f6"",""solc_versions"":[]}",2026-08-14T17:19:19.427755+00:00,0,900,,UNRESOLVED_BUILD_COMMAND,e3b0c44298fc1c149afbf4c8996fb92427ae41e4649b934ca495991b7852b855,e3b0c44298fc1c149afbf4c8996fb92427ae41e4649b934ca495991b7852b855,1e77c70c18be8c4bc848b389f900a4c8600d7a49f1254f222627a799cc680e60,1e77c70c18be8c4bc848b389f900a4c8600d7a49f1254f222627a799cc680e60,,false,BLOCKED_BUILD_RECONSTRUCTION,No arbitrary build command or tool version was tried.
web3bugs-5-build-screen-001,5,3,checked-in Hardhat configuration,npx hardhat compile,"{""compiler"":""exact native build configuration"",""node"":""no JavaScript package manager evidence""}","{""node_profile"":null,""oci_digest"":""sha256:3d73bca90bf416127375a3836cfa7272aae89da7d24f6af4071286174b7dd4f6"",""solc_versions"":[""0.8.3""]}",2026-08-14T17:19:19.427755+00:00,0,900,,ENVIRONMENT_UNAVAILABLE,e3b0c44298fc1c149afbf4c8996fb92427ae41e4649b934ca495991b7852b855,e3b0c44298fc1c149afbf4c8996fb92427ae41e4649b934ca495991b7852b855,21ca6261ddaa0b734344311aed66442c7766732f3f637db7bce7e9edf5a9a0ea,21ca6261ddaa0b734344311aed66442c7766732f3f637db7bce7e9edf5a9a0ea,,false,BLOCKED_ENVIRONMENT,Command and toolchains frozen but no build process ran: the account cannot enforce the frozen memory/swap cgroup and rootless Docker uidmap helpers are absent.
web3bugs-6-build-screen-001,6,,no permitted rank 1-3 command evidence; direct compilation requires source-completeness and pragma analysis not authorized by the execution safety gate,,"{""compiler"":""unresolved"",""node"":""no JavaScript package manager evidence""}","{""node_profile"":null,""oci_digest"":""sha256:3d73bca90bf416127375a3836cfa7272aae89da7d24f6af4071286174b7dd4f6"",""solc_versions"":[]}",2026-08-14T17:19:19.427755+00:00,0,900,,UNRESOLVED_BUILD_COMMAND,e3b0c44298fc1c149afbf4c8996fb92427ae41e4649b934ca495991b7852b855,e3b0c44298fc1c149afbf4c8996fb92427ae41e4649b934ca495991b7852b855,4c76bf4a02f154cac5491bc5bdad2e71fc9029cc33cf367ddc12e163005871f1,4c76bf4a02f154cac5491bc5bdad2e71fc9029cc33cf367ddc12e163005871f1,,false,BLOCKED_BUILD_RECONSTRUCTION,No arbitrary build command or tool version was tried.
web3bugs-7-build-screen-001,7,,no permitted rank 1-3 command evidence; direct compilation requires source-completeness and pragma analysis not authorized by the execution safety gate,,"{""compiler"":""unresolved"",""node"":""no JavaScript package manager evidence""}","{""node_profile"":null,""oci_digest"":""sha256:3d73bca90bf416127375a3836cfa7272aae89da7d24f6af4071286174b7dd4f6"",""solc_versions"":[]}",2026-08-14T17:19:19.427755+00:00,0,900,,UNRESOLVED_BUILD_COMMAND,e3b0c44298fc1c149afbf4c8996fb92427ae41e4649b934ca495991b7852b855,e3b0c44298fc1c149afbf4c8996fb92427ae41e4649b934ca495991b7852b855,3100d6b28292de10fee7db96c4cdf458e87b4918e8093576a46f4e556a8b58fc,3100d6b28292de10fee7db96c4cdf458e87b4918e8093576a46f4e556a8b58fc,,false,BLOCKED_BUILD_RECONSTRUCTION,No arbitrary build command or tool version was tried.
web3bugs-8-build-screen-001,8,,no permitted rank 1-3 command evidence; direct compilation requires source-completeness and pragma analysis not authorized by the execution safety gate,,"{""compiler"":""unresolved"",""node"":""no JavaScript package manager evidence""}","{""node_profile"":null,""oci_digest"":""sha256:3d73bca90bf416127375a3836cfa7272aae89da7d24f6af4071286174b7dd4f6"",""solc_versions"":[]}",2026-08-14T17:19:19.427755+00:00,0,900,,UNRESOLVED_BUILD_COMMAND,e3b0c44298fc1c149afbf4c8996fb92427ae41e4649b934ca495991b7852b855,e3b0c44298fc1c149afbf4c8996fb92427ae41e4649b934ca495991b7852b855,ba45e6122c637894b64af856f27af9d54ba93922eb0b8d85a4e987e65fa3a236,ba45e6122c637894b64af856f27af9d54ba93922eb0b8d85a4e987e65fa3a236,,false,BLOCKED_BUILD_RECONSTRUCTION,No arbitrary build command or tool version was tried.
web3bugs-10-build-screen-001,10,,no permitted rank 1-3 command evidence; direct compilation requires source-completeness and pragma analysis not authorized by the execution safety gate,,"{""compiler"":""unresolved"",""node"":""no JavaScript package manager evidence""}","{""node_profile"":null,""oci_digest"":""sha256:3d73bca90bf416127375a3836cfa7272aae89da7d24f6af4071286174b7dd4f6"",""solc_versions"":[]}",2026-08-14T17:19:19.427755+00:00,0,900,,UNRESOLVED_BUILD_COMMAND,e3b0c44298fc1c149afbf4c8996fb92427ae41e4649b934ca495991b7852b855,e3b0c44298fc1c149afbf4c8996fb92427ae41e4649b934ca495991b7852b855,0502a6b9c4a5eaac0b15feab1f889430ea6ca38c87a0bf40e0dd4239494752b6,0502a6b9c4a5eaac0b15feab1f889430ea6ca38c87a0bf40e0dd4239494752b6,,false,BLOCKED_BUILD_RECONSTRUCTION,No arbitrary build command or tool version was tried.
web3bugs-12-build-screen-001,12,2,package.json script build=hardhat compile,yarn build,"{""compiler"":""exact native build configuration"",""node"":""Yarn v1 lockfile compatibility inventory""}","{""node_profile"":""node16-yarn1"",""oci_digest"":""sha256:3d73bca90bf416127375a3836cfa7272aae89da7d24f6af4071286174b7dd4f6"",""solc_versions"":[""0.8.1""]}",2026-08-14T17:19:19.427755+00:00,0,900,,ENVIRONMENT_UNAVAILABLE,e3b0c44298fc1c149afbf4c8996fb92427ae41e4649b934ca495991b7852b855,e3b0c44298fc1c149afbf4c8996fb92427ae41e4649b934ca495991b7852b855,de33f3c20c1b2c8a1acf182718148773ca37740a03cf129384b29ff2a2835881,de33f3c20c1b2c8a1acf182718148773ca37740a03cf129384b29ff2a2835881,,false,BLOCKED_ENVIRONMENT,Command and toolchains frozen but no build process ran: the account cannot enforce the frozen memory/swap cgroup and rootless Docker uidmap helpers are absent.
web3bugs-13-build-screen-001,13,2,package.json script compile=hardhat compile,yarn compile,"{""compiler"":""exact native build configuration"",""node"":""Yarn v1 lockfile compatibility inventory""}","{""node_profile"":""node16-yarn1"",""oci_digest"":""sha256:3d73bca90bf416127375a3836cfa7272aae89da7d24f6af4071286174b7dd4f6"",""solc_versions"":[""0.8.4""]}",2026-08-14T17:19:19.427755+00:00,0,900,,ENVIRONMENT_UNAVAILABLE,e3b0c44298fc1c149afbf4c8996fb92427ae41e4649b934ca495991b7852b855,e3b0c44298fc1c149afbf4c8996fb92427ae41e4649b934ca495991b7852b855,c8586ab676ab7c60298cf5ee747cc65e2b8fdb473a9c6b52ec3cb08596b78373,c8586ab676ab7c60298cf5ee747cc65e2b8fdb473a9c6b52ec3cb08596b78373,,false,BLOCKED_ENVIRONMENT,Command and toolchains frozen but no build process ran: the account cannot enforce the frozen memory/swap cgroup and rootless Docker uidmap helpers are absent.
web3bugs-14-build-screen-001,14,,no permitted rank 1-3 command evidence; direct compilation requires source-completeness and pragma analysis not authorized by the execution safety gate,,"{""compiler"":""unresolved"",""node"":""no JavaScript package manager evidence""}","{""node_profile"":null,""oci_digest"":""sha256:3d73bca90bf416127375a3836cfa7272aae89da7d24f6af4071286174b7dd4f6"",""solc_versions"":[]}",2026-08-14T17:19:19.427755+00:00,0,900,,UNRESOLVED_BUILD_COMMAND,e3b0c44298fc1c149afbf4c8996fb92427ae41e4649b934ca495991b7852b855,e3b0c44298fc1c149afbf4c8996fb92427ae41e4649b934ca495991b7852b855,7a10aa1013285cda944c70ee5d59694a66e82c9146eba2d4baad52c4c447fb5d,7a10aa1013285cda944c70ee5d59694a66e82c9146eba2d4baad52c4c447fb5d,,false,BLOCKED_BUILD_RECONSTRUCTION,No arbitrary build command or tool version was tried.
web3bugs-16-build-screen-001,16,,no permitted rank 1-3 command evidence; direct compilation requires source-completeness and pragma analysis not authorized by the execution safety gate,,"{""compiler"":""unresolved"",""node"":""no JavaScript package manager evidence""}","{""node_profile"":null,""oci_digest"":""sha256:3d73bca90bf416127375a3836cfa7272aae89da7d24f6af4071286174b7dd4f6"",""solc_versions"":[]}",2026-08-14T17:19:19.427755+00:00,0,900,,UNRESOLVED_BUILD_COMMAND,e3b0c44298fc1c149afbf4c8996fb92427ae41e4649b934ca495991b7852b855,e3b0c44298fc1c149afbf4c8996fb92427ae41e4649b934ca495991b7852b855,14e284522b07157c0b476614a9c3ade59616f39285d28f4f50aa5f54741002d4,14e284522b07157c0b476614a9c3ade59616f39285d28f4f50aa5f54741002d4,,false,BLOCKED_BUILD_RECONSTRUCTION,No arbitrary build command or tool version was tried.
web3bugs-17-build-screen-001,17,3,checked-in Hardhat configuration,npx hardhat compile,"{""compiler"":""exact native build configuration"",""node"":""Yarn v1 lockfile compatibility inventory""}","{""node_profile"":""node16-yarn1"",""oci_digest"":""sha256:3d73bca90bf416127375a3836cfa7272aae89da7d24f6af4071286174b7dd4f6"",""solc_versions"":[""0.6.12"",""0.6.8""]}",2026-08-14T17:19:19.427755+00:00,0,900,,ENVIRONMENT_UNAVAILABLE,e3b0c44298fc1c149afbf4c8996fb92427ae41e4649b934ca495991b7852b855,e3b0c44298fc1c149afbf4c8996fb92427ae41e4649b934ca495991b7852b855,4816a733e12f7e6ac7f83279fc24824efa747994ef0281466d2de9c24a12b5ed,4816a733e12f7e6ac7f83279fc24824efa747994ef0281466d2de9c24a12b5ed,,false,BLOCKED_ENVIRONMENT,Command and toolchains frozen but no build process ran: the account cannot enforce the frozen memory/swap cgroup and rootless Docker uidmap helpers are absent.
web3bugs-18-build-screen-001,18,,no permitted rank 1-3 command evidence; direct compilation requires source-completeness and pragma analysis not authorized by the execution safety gate,,"{""compiler"":""unresolved"",""node"":""no JavaScript package manager evidence""}","{""node_profile"":null,""oci_digest"":""sha256:3d73bca90bf416127375a3836cfa7272aae89da7d24f6af4071286174b7dd4f6"",""solc_versions"":[]}",2026-08-14T17:19:19.427755+00:00,0,900,,UNRESOLVED_BUILD_COMMAND,e3b0c44298fc1c149afbf4c8996fb92427ae41e4649b934ca495991b7852b855,e3b0c44298fc1c149afbf4c8996fb92427ae41e4649b934ca495991b7852b855,c65c4112e8ef408f1dbe34486e998730daa70e6cc7991b0a4e38cfaa9262b411,c65c4112e8ef408f1dbe34486e998730daa70e6cc7991b0a4e38cfaa9262b411,,false,BLOCKED_BUILD_RECONSTRUCTION,No arbitrary build command or tool version was tried.
web3bugs-19-build-screen-001,19,,no permitted rank 1-3 command evidence; direct compilation requires source-completeness and pragma analysis not authorized by the execution safety gate,,"{""compiler"":""unresolved"",""node"":""no JavaScript package manager evidence""}","{""node_profile"":null,""oci_digest"":""sha256:3d73bca90bf416127375a3836cfa7272aae89da7d24f6af4071286174b7dd4f6"",""solc_versions"":[]}",2026-08-14T17:19:19.427755+00:00,0,900,,UNRESOLVED_BUILD_COMMAND,e3b0c44298fc1c149afbf4c8996fb92427ae41e4649b934ca495991b7852b855,e3b0c44298fc1c149afbf4c8996fb92427ae41e4649b934ca495991b7852b855,fb560ca1e035fffe811cf0836c5249fd3f74391b33104212b4ff51389e6da5d8,fb560ca1e035fffe811cf0836c5249fd3f74391b33104212b4ff51389e6da5d8,,false,BLOCKED_BUILD_RECONSTRUCTION,No arbitrary build command or tool version was tried.
web3bugs-20-build-screen-001,20,,no permitted rank 1-3 command evidence; direct compilation requires source-completeness and pragma analysis not authorized by the execution safety gate,,"{""compiler"":""unresolved"",""node"":""no JavaScript package manager evidence""}","{""node_profile"":null,""oci_digest"":""sha256:3d73bca90bf416127375a3836cfa7272aae89da7d24f6af4071286174b7dd4f6"",""solc_versions"":[]}",2026-08-14T17:19:19.427755+00:00,0,900,,UNRESOLVED_BUILD_COMMAND,e3b0c44298fc1c149afbf4c8996fb92427ae41e4649b934ca495991b7852b855,e3b0c44298fc1c149afbf4c8996fb92427ae41e4649b934ca495991b7852b855,d0fa58ac114a05c3ff2ca2a157aed73065f8fc4ffb9da1bc04c2982d11474325,d0fa58ac114a05c3ff2ca2a157aed73065f8fc4ffb9da1bc04c2982d11474325,,false,BLOCKED_BUILD_RECONSTRUCTION,No arbitrary build command or tool version was tried.
web3bugs-21-build-screen-001,21,3,checked-in Hardhat configuration,npx hardhat compile,"{""compiler"":""exact native build configuration"",""node"":""Yarn v1 lockfile compatibility inventory""}","{""node_profile"":""node16-yarn1"",""oci_digest"":""sha256:3d73bca90bf416127375a3836cfa7272aae89da7d24f6af4071286174b7dd4f6"",""solc_versions"":[""0.7.6""]}",2026-08-14T17:19:19.427755+00:00,0,900,,ENVIRONMENT_UNAVAILABLE,e3b0c44298fc1c149afbf4c8996fb92427ae41e4649b934ca495991b7852b855,e3b0c44298fc1c149afbf4c8996fb92427ae41e4649b934ca495991b7852b855,4b8d5954fcf6905e16da4e35efc01441f2d1d3c70c5478210ceebdda06df54f8,4b8d5954fcf6905e16da4e35efc01441f2d1d3c70c5478210ceebdda06df54f8,,false,BLOCKED_ENVIRONMENT,Command and toolchains frozen but no build process ran: the account cannot enforce the frozen memory/swap cgroup and rootless Docker uidmap helpers are absent.
web3bugs-22-build-screen-001,22,,no permitted rank 1-3 command evidence; direct compilation requires source-completeness and pragma analysis not authorized by the execution safety gate,,"{""compiler"":""unresolved"",""node"":""no JavaScript package manager evidence""}","{""node_profile"":null,""oci_digest"":""sha256:3d73bca90bf416127375a3836cfa7272aae89da7d24f6af4071286174b7dd4f6"",""solc_versions"":[]}",2026-08-14T17:19:19.427755+00:00,0,900,,UNRESOLVED_BUILD_COMMAND,e3b0c44298fc1c149afbf4c8996fb92427ae41e4649b934ca495991b7852b855,e3b0c44298fc1c149afbf4c8996fb92427ae41e4649b934ca495991b7852b855,75930ecfeeb8cba38ca381ed0016429d66bc2e158100c8d819784f8a1fb19106,75930ecfeeb8cba38ca381ed0016429d66bc2e158100c8d819784f8a1fb19106,,false,BLOCKED_BUILD_RECONSTRUCTION,No arbitrary build command or tool version was tried.
web3bugs-23-build-screen-001,23,3,checked-in Brownie configuration,brownie compile,"{""compiler"":""unresolved"",""node"":""no JavaScript package manager evidence""}","{""node_profile"":null,""oci_digest"":""sha256:3d73bca90bf416127375a3836cfa7272aae89da7d24f6af4071286174b7dd4f6"",""solc_versions"":[]}",2026-08-14T17:19:19.427755+00:00,0,900,,ENVIRONMENT_UNAVAILABLE,e3b0c44298fc1c149afbf4c8996fb92427ae41e4649b934ca495991b7852b855,e3b0c44298fc1c149afbf4c8996fb92427ae41e4649b934ca495991b7852b855,7d794494c3ff60b45a3f4c0a1c46978a847bc5dd35ac536f17b39f741dff5c42,7d794494c3ff60b45a3f4c0a1c46978a847bc5dd35ac536f17b39f741dff5c42,,false,BLOCKED_ENVIRONMENT,Command and toolchains frozen but no build process ran: the account cannot enforce the frozen memory/swap cgroup and rootless Docker uidmap helpers are absent.
web3bugs-24-build-screen-001,24,,no permitted rank 1-3 command evidence; direct compilation requires source-completeness and pragma analysis not authorized by the execution safety gate,,"{""compiler"":""unresolved"",""node"":""no JavaScript package manager evidence""}","{""node_profile"":null,""oci_digest"":""sha256:3d73bca90bf416127375a3836cfa7272aae89da7d24f6af4071286174b7dd4f6"",""solc_versions"":[]}",2026-08-14T17:19:19.427755+00:00,0,900,,UNRESOLVED_BUILD_COMMAND,e3b0c44298fc1c149afbf4c8996fb92427ae41e4649b934ca495991b7852b855,e3b0c44298fc1c149afbf4c8996fb92427ae41e4649b934ca495991b7852b855,072dab0ccc7424e539709b5b74027ffdf0f0dcb6c64029dbfa6a2b9929a28b8d,072dab0ccc7424e539709b5b74027ffdf0f0dcb6c64029dbfa6a2b9929a28b8d,,false,BLOCKED_BUILD_RECONSTRUCTION,No arbitrary build command or tool version was tried.
web3bugs-25-build-screen-001,25,2,package.json script build=hardhat compile,yarn build,"{""compiler"":""exact native build configuration"",""node"":""Yarn v1 lockfile compatibility inventory""}","{""node_profile"":""node16-yarn1"",""oci_digest"":""sha256:3d73bca90bf416127375a3836cfa7272aae89da7d24f6af4071286174b7dd4f6"",""solc_versions"":[""0.8.1""]}",2026-08-14T17:19:19.427755+00:00,0,900,,ENVIRONMENT_UNAVAILABLE,e3b0c44298fc1c149afbf4c8996fb92427ae41e4649b934ca495991b7852b855,e3b0c44298fc1c149afbf4c8996fb92427ae41e4649b934ca495991b7852b855,769125773351ef1c974d8af10eef385441fe0624f57490ded695b774e6596fa6,769125773351ef1c974d8af10eef385441fe0624f57490ded695b774e6596fa6,,false,BLOCKED_ENVIRONMENT,Command and toolchains frozen but no build process ran: the account cannot enforce the frozen memory/swap cgroup and rootless Docker uidmap helpers are absent.
web3bugs-26-build-screen-001,26,2,package.json script compile=hardhat compile,npm run compile,"{""compiler"":""exact native build configuration"",""node"":""package-lock v2 compatibility inventory""}","{""node_profile"":""node16-npm8"",""oci_digest"":""sha256:3d73bca90bf416127375a3836cfa7272aae89da7d24f6af4071286174b7dd4f6"",""solc_versions"":[""0.8.7""]}",2026-08-14T17:19:19.427755+00:00,0,900,,ENVIRONMENT_UNAVAILABLE,e3b0c44298fc1c149afbf4c8996fb92427ae41e4649b934ca495991b7852b855,e3b0c44298fc1c149afbf4c8996fb92427ae41e4649b934ca495991b7852b855,9650d812e07fc6c8e660e3358f50e770d049bdb592c1550d5bee7642362768af,9650d812e07fc6c8e660e3358f50e770d049bdb592c1550d5bee7642362768af,,false,BLOCKED_ENVIRONMENT,Command and toolchains frozen but no build process ran: the account cannot enforce the frozen memory/swap cgroup and rootless Docker uidmap helpers are absent.
web3bugs-27-build-screen-001,27,,no permitted rank 1-3 command evidence; direct compilation requires source-completeness and pragma analysis not authorized by the execution safety gate,,"{""compiler"":""unresolved"",""node"":""no JavaScript package manager evidence""}","{""node_profile"":null,""oci_digest"":""sha256:3d73bca90bf416127375a3836cfa7272aae89da7d24f6af4071286174b7dd4f6"",""solc_versions"":[]}",2026-08-14T17:19:19.427755+00:00,0,900,,UNRESOLVED_BUILD_COMMAND,e3b0c44298fc1c149afbf4c8996fb92427ae41e4649b934ca495991b7852b855,e3b0c44298fc1c149afbf4c8996fb92427ae41e4649b934ca495991b7852b855,06e3c95440de3dfc1826b2709a010bd66b80496191779830635b319a0fe025e2,06e3c95440de3dfc1826b2709a010bd66b80496191779830635b319a0fe025e2,,false,BLOCKED_BUILD_RECONSTRUCTION,No arbitrary build command or tool version was tried.
web3bugs-28-build-screen-001,28,,"ambiguous lowest-rank commands: [""brownie compile"", ""npx hardhat compile""]",,"{""compiler"":""exact native build configuration"",""node"":""no JavaScript package manager evidence""}","{""node_profile"":null,""oci_digest"":""sha256:3d73bca90bf416127375a3836cfa7272aae89da7d24f6af4071286174b7dd4f6"",""solc_versions"":[""0.6.12""]}",2026-08-14T17:19:19.427755+00:00,0,900,,UNRESOLVED_BUILD_COMMAND,e3b0c44298fc1c149afbf4c8996fb92427ae41e4649b934ca495991b7852b855,e3b0c44298fc1c149afbf4c8996fb92427ae41e4649b934ca495991b7852b855,74a133a04a23c7eef883227195b1bc23f1235e9998a777f41ea5d104c8e8681b,74a133a04a23c7eef883227195b1bc23f1235e9998a777f41ea5d104c8e8681b,,false,BLOCKED_BUILD_RECONSTRUCTION,No arbitrary build command or tool version was tried.
web3bugs-29-build-screen-001,29,,no permitted rank 1-3 command evidence; direct compilation requires source-completeness and pragma analysis not authorized by the execution safety gate,,"{""compiler"":""unresolved"",""node"":""no JavaScript package manager evidence""}","{""node_profile"":null,""oci_digest"":""sha256:3d73bca90bf416127375a3836cfa7272aae89da7d24f6af4071286174b7dd4f6"",""solc_versions"":[]}",2026-08-14T17:19:19.427755+00:00,0,900,,UNRESOLVED_BUILD_COMMAND,e3b0c44298fc1c149afbf4c8996fb92427ae41e4649b934ca495991b7852b855,e3b0c44298fc1c149afbf4c8996fb92427ae41e4649b934ca495991b7852b855,afa14bb80e7c47f84d9c644ce459f9c855f699322f1f14f849017a9bfe6d280c,afa14bb80e7c47f84d9c644ce459f9c855f699322f1f14f849017a9bfe6d280c,,false,BLOCKED_BUILD_RECONSTRUCTION,No arbitrary build command or tool version was tried.
web3bugs-30-build-screen-001,30,2,package.json script compile=hardhat compile,yarn compile,"{""compiler"":""exact native build configuration"",""node"":""Yarn v1 lockfile compatibility inventory""}","{""node_profile"":""node16-yarn1"",""oci_digest"":""sha256:3d73bca90bf416127375a3836cfa7272aae89da7d24f6af4071286174b7dd4f6"",""solc_versions"":[""0.6.12""]}",2026-08-14T17:19:19.427755+00:00,0,900,,ENVIRONMENT_UNAVAILABLE,e3b0c44298fc1c149afbf4c8996fb92427ae41e4649b934ca495991b7852b855,e3b0c44298fc1c149afbf4c8996fb92427ae41e4649b934ca495991b7852b855,4b79d0120b3ae58b1a2a211b22b7f381dc69ddc5f11a888b3e4d8c087ca06bb3,4b79d0120b3ae58b1a2a211b22b7f381dc69ddc5f11a888b3e4d8c087ca06bb3,,false,BLOCKED_ENVIRONMENT,Command and toolchains frozen but no build process ran: the account cannot enforce the frozen memory/swap cgroup and rootless Docker uidmap helpers are absent.
web3bugs-31-build-screen-001,31,,no permitted rank 1-3 command evidence; direct compilation requires source-completeness and pragma analysis not authorized by the execution safety gate,,"{""compiler"":""unresolved"",""node"":""no JavaScript package manager evidence""}","{""node_profile"":null,""oci_digest"":""sha256:3d73bca90bf416127375a3836cfa7272aae89da7d24f6af4071286174b7dd4f6"",""solc_versions"":[]}",2026-08-14T17:19:19.427755+00:00,0,900,,UNRESOLVED_BUILD_COMMAND,e3b0c44298fc1c149afbf4c8996fb92427ae41e4649b934ca495991b7852b855,e3b0c44298fc1c149afbf4c8996fb92427ae41e4649b934ca495991b7852b855,ba21299d47c470a7d09a47a390dd1321c7ff3f1b51af93961f970790e636c70e,ba21299d47c470a7d09a47a390dd1321c7ff3f1b51af93961f970790e636c70e,,false,BLOCKED_BUILD_RECONSTRUCTION,No arbitrary build command or tool version was tried.
web3bugs-32-build-screen-001,32,,no permitted rank 1-3 command evidence; direct compilation requires source-completeness and pragma analysis not authorized by the execution safety gate,,"{""compiler"":""unresolved"",""node"":""no JavaScript package manager evidence""}","{""node_profile"":null,""oci_digest"":""sha256:3d73bca90bf416127375a3836cfa7272aae89da7d24f6af4071286174b7dd4f6"",""solc_versions"":[]}",2026-08-14T17:19:19.427755+00:00,0,900,,UNRESOLVED_BUILD_COMMAND,e3b0c44298fc1c149afbf4c8996fb92427ae41e4649b934ca495991b7852b855,e3b0c44298fc1c149afbf4c8996fb92427ae41e4649b934ca495991b7852b855,7dab544bc25de03e36872bfc34cb5bcbd70d2ee1acd463ea668262529ab1f499,7dab544bc25de03e36872bfc34cb5bcbd70d2ee1acd463ea668262529ab1f499,,false,BLOCKED_BUILD_RECONSTRUCTION,No arbitrary build command or tool version was tried.
web3bugs-34-build-screen-001,34,,no permitted rank 1-3 command evidence; direct compilation requires source-completeness and pragma analysis not authorized by the execution safety gate,,"{""compiler"":""unresolved"",""node"":""no JavaScript package manager evidence""}","{""node_profile"":null,""oci_digest"":""sha256:3d73bca90bf416127375a3836cfa7272aae89da7d24f6af4071286174b7dd4f6"",""solc_versions"":[]}",2026-08-14T17:19:19.427755+00:00,0,900,,UNRESOLVED_BUILD_COMMAND,e3b0c44298fc1c149afbf4c8996fb92427ae41e4649b934ca495991b7852b855,e3b0c44298fc1c149afbf4c8996fb92427ae41e4649b934ca495991b7852b855,7d1402082cb63fd6b598f91a799e195669821be3427e45acbfcc1716531093db,7d1402082cb63fd6b598f91a799e195669821be3427e45acbfcc1716531093db,,false,BLOCKED_BUILD_RECONSTRUCTION,No arbitrary build command or tool version was tried.
web3bugs-35-build-screen-001,35,,no permitted rank 1-3 command evidence; direct compilation requires source-completeness and pragma analysis not authorized by the execution safety gate,,"{""compiler"":""unresolved"",""node"":""no JavaScript package manager evidence""}","{""node_profile"":null,""oci_digest"":""sha256:3d73bca90bf416127375a3836cfa7272aae89da7d24f6af4071286174b7dd4f6"",""solc_versions"":[]}",2026-08-14T17:19:19.427755+00:00,0,900,,UNRESOLVED_BUILD_COMMAND,e3b0c44298fc1c149afbf4c8996fb92427ae41e4649b934ca495991b7852b855,e3b0c44298fc1c149afbf4c8996fb92427ae41e4649b934ca495991b7852b855,7beac64e0b31d7a913aa2dc6812c03eac744c7e1389956e59611aca8904e9d43,7beac64e0b31d7a913aa2dc6812c03eac744c7e1389956e59611aca8904e9d43,,false,BLOCKED_BUILD_RECONSTRUCTION,No arbitrary build command or tool version was tried.
web3bugs-36-build-screen-001,36,,no permitted rank 1-3 command evidence; direct compilation requires source-completeness and pragma analysis not authorized by the execution safety gate,,"{""compiler"":""unresolved"",""node"":""no JavaScript package manager evidence""}","{""node_profile"":null,""oci_digest"":""sha256:3d73bca90bf416127375a3836cfa7272aae89da7d24f6af4071286174b7dd4f6"",""solc_versions"":[]}",2026-08-14T17:19:19.427755+00:00,0,900,,UNRESOLVED_BUILD_COMMAND,e3b0c44298fc1c149afbf4c8996fb92427ae41e4649b934ca495991b7852b855,e3b0c44298fc1c149afbf4c8996fb92427ae41e4649b934ca495991b7852b855,ce58e4aaa641ab977b2bd7c06cea1e4737c948dafdb92d6abc4b94bf73c0014e,ce58e4aaa641ab977b2bd7c06cea1e4737c948dafdb92d6abc4b94bf73c0014e,,false,BLOCKED_BUILD_RECONSTRUCTION,No arbitrary build command or tool version was tried.
web3bugs-37-build-screen-001,37,2,package.json script build=npx hardhat compile,yarn build,"{""compiler"":""exact native build configuration"",""node"":""Yarn v1 lockfile compatibility inventory""}","{""node_profile"":""node16-yarn1"",""oci_digest"":""sha256:3d73bca90bf416127375a3836cfa7272aae89da7d24f6af4071286174b7dd4f6"",""solc_versions"":[""0.7.6"",""0.8.6""]}",2026-08-14T17:19:19.427755+00:00,0,900,,ENVIRONMENT_UNAVAILABLE,e3b0c44298fc1c149afbf4c8996fb92427ae41e4649b934ca495991b7852b855,e3b0c44298fc1c149afbf4c8996fb92427ae41e4649b934ca495991b7852b855,d15fc5086dd5dbfb4bd057566cd8b593d935287701f4713921fcfb3787efece9,d15fc5086dd5dbfb4bd057566cd8b593d935287701f4713921fcfb3787efece9,,false,BLOCKED_ENVIRONMENT,Command and toolchains frozen but no build process ran: the account cannot enforce the frozen memory/swap cgroup and rootless Docker uidmap helpers are absent.
web3bugs-38-build-screen-001,38,,no permitted rank 1-3 command evidence; direct compilation requires source-completeness and pragma analysis not authorized by the execution safety gate,,"{""compiler"":""unresolved"",""node"":""no JavaScript package manager evidence""}","{""node_profile"":null,""oci_digest"":""sha256:3d73bca90bf416127375a3836cfa7272aae89da7d24f6af4071286174b7dd4f6"",""solc_versions"":[]}",2026-08-14T17:19:19.427755+00:00,0,900,,UNRESOLVED_BUILD_COMMAND,e3b0c44298fc1c149afbf4c8996fb92427ae41e4649b934ca495991b7852b855,e3b0c44298fc1c149afbf4c8996fb92427ae41e4649b934ca495991b7852b855,a955b57d2ae3cb3627a771dad740774d2d307a26ef6b8eeeed65415d08edf54c,a955b57d2ae3cb3627a771dad740774d2d307a26ef6b8eeeed65415d08edf54c,,false,BLOCKED_BUILD_RECONSTRUCTION,No arbitrary build command or tool version was tried.
web3bugs-39-build-screen-001,39,,no permitted rank 1-3 command evidence; direct compilation requires source-completeness and pragma analysis not authorized by the execution safety gate,,"{""compiler"":""unresolved"",""node"":""no JavaScript package manager evidence""}","{""node_profile"":null,""oci_digest"":""sha256:3d73bca90bf416127375a3836cfa7272aae89da7d24f6af4071286174b7dd4f6"",""solc_versions"":[]}",2026-08-14T17:19:19.427755+00:00,0,900,,UNRESOLVED_BUILD_COMMAND,e3b0c44298fc1c149afbf4c8996fb92427ae41e4649b934ca495991b7852b855,e3b0c44298fc1c149afbf4c8996fb92427ae41e4649b934ca495991b7852b855,8ad1609cb85882962f0a9b7c92e49b659ea4890bc5806efb20de5344f9a33ccb,8ad1609cb85882962f0a9b7c92e49b659ea4890bc5806efb20de5344f9a33ccb,,false,BLOCKED_BUILD_RECONSTRUCTION,No arbitrary build command or tool version was tried.
web3bugs-41-build-screen-001,41,,no permitted rank 1-3 command evidence; direct compilation requires source-completeness and pragma analysis not authorized by the execution safety gate,,"{""compiler"":""unresolved"",""node"":""no JavaScript package manager evidence""}","{""node_profile"":null,""oci_digest"":""sha256:3d73bca90bf416127375a3836cfa7272aae89da7d24f6af4071286174b7dd4f6"",""solc_versions"":[]}",2026-08-14T17:19:19.427755+00:00,0,900,,UNRESOLVED_BUILD_COMMAND,e3b0c44298fc1c149afbf4c8996fb92427ae41e4649b934ca495991b7852b855,e3b0c44298fc1c149afbf4c8996fb92427ae41e4649b934ca495991b7852b855,223d29c6448bdbcae1bb1a1ce4efa9fb164134461e7f65a2fc6592334c5236dc,223d29c6448bdbcae1bb1a1ce4efa9fb164134461e7f65a2fc6592334c5236dc,,false,BLOCKED_BUILD_RECONSTRUCTION,No arbitrary build command or tool version was tried.
web3bugs-42-build-screen-001,42,,no permitted rank 1-3 command evidence; direct compilation requires source-completeness and pragma analysis not authorized by the execution safety gate,,"{""compiler"":""unresolved"",""node"":""no JavaScript package manager evidence""}","{""node_profile"":null,""oci_digest"":""sha256:3d73bca90bf416127375a3836cfa7272aae89da7d24f6af4071286174b7dd4f6"",""solc_versions"":[]}",2026-08-14T17:19:19.427755+00:00,0,900,,UNRESOLVED_BUILD_COMMAND,e3b0c44298fc1c149afbf4c8996fb92427ae41e4649b934ca495991b7852b855,e3b0c44298fc1c149afbf4c8996fb92427ae41e4649b934ca495991b7852b855,74ad921cf73cad6cc8d1efda325fac97768096f19de644376a0fb3e50a082ab4,74ad921cf73cad6cc8d1efda325fac97768096f19de644376a0fb3e50a082ab4,,false,BLOCKED_BUILD_RECONSTRUCTION,No arbitrary build command or tool version was tried.
web3bugs-43-build-screen-001,43,3,checked-in Hardhat configuration,npx hardhat compile,"{""compiler"":""exact native build configuration"",""node"":""package-lock v2 compatibility inventory""}","{""node_profile"":""node16-npm8"",""oci_digest"":""sha256:3d73bca90bf416127375a3836cfa7272aae89da7d24f6af4071286174b7dd4f6"",""solc_versions"":[""0.8.4""]}",2026-08-14T17:19:19.427755+00:00,0,900,,ENVIRONMENT_UNAVAILABLE,e3b0c44298fc1c149afbf4c8996fb92427ae41e4649b934ca495991b7852b855,e3b0c44298fc1c149afbf4c8996fb92427ae41e4649b934ca495991b7852b855,796fbba4fbdf0f96361eed882907e17bd6345a3bf9815bbf06bcaec8b748bbce,796fbba4fbdf0f96361eed882907e17bd6345a3bf9815bbf06bcaec8b748bbce,,false,BLOCKED_ENVIRONMENT,Command and toolchains frozen but no build process ran: the account cannot enforce the frozen memory/swap cgroup and rootless Docker uidmap helpers are absent.
web3bugs-44-build-screen-001,44,1,documented CI or README command,yarn build,"{""compiler"":""exact native build configuration"",""node"":""Yarn v1 lockfile compatibility inventory""}","{""node_profile"":""node16-yarn1"",""oci_digest"":""sha256:3d73bca90bf416127375a3836cfa7272aae89da7d24f6af4071286174b7dd4f6"",""solc_versions"":[""0.5.17"",""0.6.11"",""0.8.0""]}",2026-08-14T17:19:19.427755+00:00,0,900,,ENVIRONMENT_UNAVAILABLE,e3b0c44298fc1c149afbf4c8996fb92427ae41e4649b934ca495991b7852b855,e3b0c44298fc1c149afbf4c8996fb92427ae41e4649b934ca495991b7852b855,0414ce1768ff4e6273decfe62d0c1d6349b35688f38511db3c08e27f5866bfc5,0414ce1768ff4e6273decfe62d0c1d6349b35688f38511db3c08e27f5866bfc5,,false,BLOCKED_ENVIRONMENT,Command and toolchains frozen but no build process ran: the account cannot enforce the frozen memory/swap cgroup and rootless Docker uidmap helpers are absent.
web3bugs-45-build-screen-001,45,2,package.json script compile=yarn hardhat compile,yarn compile,"{""compiler"":""exact native build configuration"",""node"":""Yarn v1 lockfile compatibility inventory""}","{""node_profile"":""node16-yarn1"",""oci_digest"":""sha256:3d73bca90bf416127375a3836cfa7272aae89da7d24f6af4071286174b7dd4f6"",""solc_versions"":[""0.8.4""]}",2026-08-14T17:19:19.427755+00:00,0,900,,ENVIRONMENT_UNAVAILABLE,e3b0c44298fc1c149afbf4c8996fb92427ae41e4649b934ca495991b7852b855,e3b0c44298fc1c149afbf4c8996fb92427ae41e4649b934ca495991b7852b855,8fe471f2e415f23d11fa296293e745a94a350d8fcd675d82ab4673c12becab90,8fe471f2e415f23d11fa296293e745a94a350d8fcd675d82ab4673c12becab90,,false,BLOCKED_ENVIRONMENT,Command and toolchains frozen but no build process ran: the account cannot enforce the frozen memory/swap cgroup and rootless Docker uidmap helpers are absent.
web3bugs-47-build-screen-001,47,1,documented CI or README command,npx hardhat compile,"{""compiler"":""exact native build configuration"",""node"":""Yarn v1 lockfile compatibility inventory""}","{""node_profile"":""node16-yarn1"",""oci_digest"":""sha256:3d73bca90bf416127375a3836cfa7272aae89da7d24f6af4071286174b7dd4f6"",""solc_versions"":[""0.6.12""]}",2026-08-14T17:19:19.427755+00:00,0,900,,ENVIRONMENT_UNAVAILABLE,e3b0c44298fc1c149afbf4c8996fb92427ae41e4649b934ca495991b7852b855,e3b0c44298fc1c149afbf4c8996fb92427ae41e4649b934ca495991b7852b855,c924b4849032d223ce8a5713b3367d37f8fa088b6f7a39005d92d5fb224c4a31,c924b4849032d223ce8a5713b3367d37f8fa088b6f7a39005d92d5fb224c4a31,,false,BLOCKED_ENVIRONMENT,Command and toolchains frozen but no build process ran: the account cannot enforce the frozen memory/swap cgroup and rootless Docker uidmap helpers are absent.
web3bugs-49-build-screen-001,49,1,documented CI or README command,brownie compile,"{""compiler"":""exact native build configuration"",""node"":""no JavaScript package manager evidence""}","{""node_profile"":null,""oci_digest"":""sha256:3d73bca90bf416127375a3836cfa7272aae89da7d24f6af4071286174b7dd4f6"",""solc_versions"":[""0.8.7""]}",2026-08-14T17:19:19.427755+00:00,0,900,,ENVIRONMENT_UNAVAILABLE,e3b0c44298fc1c149afbf4c8996fb92427ae41e4649b934ca495991b7852b855,e3b0c44298fc1c149afbf4c8996fb92427ae41e4649b934ca495991b7852b855,15f2ba5f46643aa7282347e9a9581c71b16c196eb5581fffa51f5d43150bce54,15f2ba5f46643aa7282347e9a9581c71b16c196eb5581fffa51f5d43150bce54,,false,BLOCKED_ENVIRONMENT,Command and toolchains frozen but no build process ran: the account cannot enforce the frozen memory/swap cgroup and rootless Docker uidmap helpers are absent.
web3bugs-51-build-screen-001,51,,no permitted rank 1-3 command evidence; direct compilation requires source-completeness and pragma analysis not authorized by the execution safety gate,,"{""compiler"":""unresolved"",""node"":""no JavaScript package manager evidence""}","{""node_profile"":null,""oci_digest"":""sha256:3d73bca90bf416127375a3836cfa7272aae89da7d24f6af4071286174b7dd4f6"",""solc_versions"":[]}",2026-08-14T17:19:19.427755+00:00,0,900,,UNRESOLVED_BUILD_COMMAND,e3b0c44298fc1c149afbf4c8996fb92427ae41e4649b934ca495991b7852b855,e3b0c44298fc1c149afbf4c8996fb92427ae41e4649b934ca495991b7852b855,f8967faadf49fc64a0baf8352a0928952b3f7a2b5a4642182b90c9960470ea32,f8967faadf49fc64a0baf8352a0928952b3f7a2b5a4642182b90c9960470ea32,,false,BLOCKED_BUILD_RECONSTRUCTION,No arbitrary build command or tool version was tried.
web3bugs-52-build-screen-001,52,3,checked-in Truffle configuration,npx truffle compile,"{""compiler"":""exact native build configuration"",""node"":""no JavaScript package manager evidence""}","{""node_profile"":null,""oci_digest"":""sha256:3d73bca90bf416127375a3836cfa7272aae89da7d24f6af4071286174b7dd4f6"",""solc_versions"":[""0.8.9""]}",2026-08-14T17:19:19.427755+00:00,0,900,,ENVIRONMENT_UNAVAILABLE,e3b0c44298fc1c149afbf4c8996fb92427ae41e4649b934ca495991b7852b855,e3b0c44298fc1c149afbf4c8996fb92427ae41e4649b934ca495991b7852b855,474ca37cf93c321ce89645c93d726f3114f10f1ff65c242c77ad5d34344ffcd6,474ca37cf93c321ce89645c93d726f3114f10f1ff65c242c77ad5d34344ffcd6,,false,BLOCKED_ENVIRONMENT,Command and toolchains frozen but no build process ran: the account cannot enforce the frozen memory/swap cgroup and rootless Docker uidmap helpers are absent.
web3bugs-53-build-screen-001,53,2,package.json script build=hardhat compile,yarn build,"{""compiler"":""exact native build configuration"",""node"":"".nvmrc lts/erbium""}","{""node_profile"":""node12-yarn1"",""oci_digest"":""sha256:3d73bca90bf416127375a3836cfa7272aae89da7d24f6af4071286174b7dd4f6"",""solc_versions"":[""0.8.9""]}",2026-08-14T17:19:19.427755+00:00,0,900,,ENVIRONMENT_UNAVAILABLE,e3b0c44298fc1c149afbf4c8996fb92427ae41e4649b934ca495991b7852b855,e3b0c44298fc1c149afbf4c8996fb92427ae41e4649b934ca495991b7852b855,6ca82b3cf8e5d0176bfd2f9b2179c5e1fb047ba8f4d1561d10fe487bbecfe3b6,6ca82b3cf8e5d0176bfd2f9b2179c5e1fb047ba8f4d1561d10fe487bbecfe3b6,,false,BLOCKED_ENVIRONMENT,Command and toolchains frozen but no build process ran: the account cannot enforce the frozen memory/swap cgroup and rootless Docker uidmap helpers are absent.
web3bugs-54-build-screen-001,54,,no permitted rank 1-3 command evidence; direct compilation requires source-completeness and pragma analysis not authorized by the execution safety gate,,"{""compiler"":""unresolved"",""node"":""no JavaScript package manager evidence""}","{""node_profile"":null,""oci_digest"":""sha256:3d73bca90bf416127375a3836cfa7272aae89da7d24f6af4071286174b7dd4f6"",""solc_versions"":[]}",2026-08-14T17:19:19.427755+00:00,0,900,,UNRESOLVED_BUILD_COMMAND,e3b0c44298fc1c149afbf4c8996fb92427ae41e4649b934ca495991b7852b855,e3b0c44298fc1c149afbf4c8996fb92427ae41e4649b934ca495991b7852b855,947da3df58ef52ac436faec0c983c3ba8631e9deb6d02c08febb82682260814a,947da3df58ef52ac436faec0c983c3ba8631e9deb6d02c08febb82682260814a,,false,BLOCKED_BUILD_RECONSTRUCTION,No arbitrary build command or tool version was tried.
web3bugs-55-build-screen-001,55,,no permitted rank 1-3 command evidence; direct compilation requires source-completeness and pragma analysis not authorized by the execution safety gate,,"{""compiler"":""unresolved"",""node"":""no JavaScript package manager evidence""}","{""node_profile"":null,""oci_digest"":""sha256:3d73bca90bf416127375a3836cfa7272aae89da7d24f6af4071286174b7dd4f6"",""solc_versions"":[]}",2026-08-14T17:19:19.427755+00:00,0,900,,UNRESOLVED_BUILD_COMMAND,e3b0c44298fc1c149afbf4c8996fb92427ae41e4649b934ca495991b7852b855,e3b0c44298fc1c149afbf4c8996fb92427ae41e4649b934ca495991b7852b855,a8ecd090dc3190f7b581dbc046f98a1bffdd989789a67980e6f0fdc19fd4ab54,a8ecd090dc3190f7b581dbc046f98a1bffdd989789a67980e6f0fdc19fd4ab54,,false,BLOCKED_BUILD_RECONSTRUCTION,No arbitrary build command or tool version was tried.
web3bugs-56-build-screen-001,56,2,package.json script compile=hardhat compile,yarn compile,"{""compiler"":""exact native build configuration"",""node"":""Yarn v1 lockfile compatibility inventory""}","{""node_profile"":""node16-yarn1"",""oci_digest"":""sha256:3d73bca90bf416127375a3836cfa7272aae89da7d24f6af4071286174b7dd4f6"",""solc_versions"":[""0.6.12""]}",2026-08-14T17:19:19.427755+00:00,0,900,,ENVIRONMENT_UNAVAILABLE,e3b0c44298fc1c149afbf4c8996fb92427ae41e4649b934ca495991b7852b855,e3b0c44298fc1c149afbf4c8996fb92427ae41e4649b934ca495991b7852b855,2eb7ad807154a635470ca4a66fbcfcf2f5c7e76384e580555dd4f47d457c76e9,2eb7ad807154a635470ca4a66fbcfcf2f5c7e76384e580555dd4f47d457c76e9,,false,BLOCKED_ENVIRONMENT,Command and toolchains frozen but no build process ran: the account cannot enforce the frozen memory/swap cgroup and rootless Docker uidmap helpers are absent.
web3bugs-57-build-screen-001,57,,no permitted rank 1-3 command evidence; direct compilation requires source-completeness and pragma analysis not authorized by the execution safety gate,,"{""compiler"":""unresolved"",""node"":""no JavaScript package manager evidence""}","{""node_profile"":null,""oci_digest"":""sha256:3d73bca90bf416127375a3836cfa7272aae89da7d24f6af4071286174b7dd4f6"",""solc_versions"":[]}",2026-08-14T17:19:19.427755+00:00,0,900,,UNRESOLVED_BUILD_COMMAND,e3b0c44298fc1c149afbf4c8996fb92427ae41e4649b934ca495991b7852b855,e3b0c44298fc1c149afbf4c8996fb92427ae41e4649b934ca495991b7852b855,2ad230e34e7a0bb6c93d491dbab6d6cd1c6edcda13dc3bd09f954705c181d58a,2ad230e34e7a0bb6c93d491dbab6d6cd1c6edcda13dc3bd09f954705c181d58a,,false,BLOCKED_BUILD_RECONSTRUCTION,No arbitrary build command or tool version was tried.
web3bugs-58-build-screen-001,58,,no permitted rank 1-3 command evidence; direct compilation requires source-completeness and pragma analysis not authorized by the execution safety gate,,"{""compiler"":""unresolved"",""node"":""no JavaScript package manager evidence""}","{""node_profile"":null,""oci_digest"":""sha256:3d73bca90bf416127375a3836cfa7272aae89da7d24f6af4071286174b7dd4f6"",""solc_versions"":[]}",2026-08-14T17:19:19.427755+00:00,0,900,,UNRESOLVED_BUILD_COMMAND,e3b0c44298fc1c149afbf4c8996fb92427ae41e4649b934ca495991b7852b855,e3b0c44298fc1c149afbf4c8996fb92427ae41e4649b934ca495991b7852b855,93e42ac7536cd9ec452fc87bdb751d7bf67eb0e5c0fffbcaef5ad0ac53b98b4d,93e42ac7536cd9ec452fc87bdb751d7bf67eb0e5c0fffbcaef5ad0ac53b98b4d,,false,BLOCKED_BUILD_RECONSTRUCTION,No arbitrary build command or tool version was tried.
web3bugs-59-build-screen-001,59,,no permitted rank 1-3 command evidence; direct compilation requires source-completeness and pragma analysis not authorized by the execution safety gate,,"{""compiler"":""unresolved"",""node"":""no JavaScript package manager evidence""}","{""node_profile"":null,""oci_digest"":""sha256:3d73bca90bf416127375a3836cfa7272aae89da7d24f6af4071286174b7dd4f6"",""solc_versions"":[]}",2026-08-14T17:19:19.427755+00:00,0,900,,UNRESOLVED_BUILD_COMMAND,e3b0c44298fc1c149afbf4c8996fb92427ae41e4649b934ca495991b7852b855,e3b0c44298fc1c149afbf4c8996fb92427ae41e4649b934ca495991b7852b855,c907f54c8155fd11e7db658a7681340f5903cb8c58304790733c672eec259664,c907f54c8155fd11e7db658a7681340f5903cb8c58304790733c672eec259664,,false,BLOCKED_BUILD_RECONSTRUCTION,No arbitrary build command or tool version was tried.
web3bugs-60-build-screen-001,60,,no permitted rank 1-3 command evidence; direct compilation requires source-completeness and pragma analysis not authorized by the execution safety gate,,"{""compiler"":""unresolved"",""node"":""no JavaScript package manager evidence""}","{""node_profile"":null,""oci_digest"":""sha256:3d73bca90bf416127375a3836cfa7272aae89da7d24f6af4071286174b7dd4f6"",""solc_versions"":[]}",2026-08-14T17:19:19.427755+00:00,0,900,,UNRESOLVED_BUILD_COMMAND,e3b0c44298fc1c149afbf4c8996fb92427ae41e4649b934ca495991b7852b855,e3b0c44298fc1c149afbf4c8996fb92427ae41e4649b934ca495991b7852b855,98da048beff53a9abbac83f5e67f64bf2d43427cbd45fcbcf972f94cdcf5f5b5,98da048beff53a9abbac83f5e67f64bf2d43427cbd45fcbcf972f94cdcf5f5b5,,false,BLOCKED_BUILD_RECONSTRUCTION,No arbitrary build command or tool version was tried.
web3bugs-61-build-screen-001,61,,"ambiguous lowest-rank commands: [""npm run build"", ""npm run compile""]",,"{""compiler"":""exact native build configuration"",""node"":""package-lock v1 compatibility inventory""}","{""node_profile"":""node14-npm6"",""oci_digest"":""sha256:3d73bca90bf416127375a3836cfa7272aae89da7d24f6af4071286174b7dd4f6"",""solc_versions"":[""0.7.6""]}",2026-08-14T17:19:19.427755+00:00,0,900,,UNRESOLVED_BUILD_COMMAND,e3b0c44298fc1c149afbf4c8996fb92427ae41e4649b934ca495991b7852b855,e3b0c44298fc1c149afbf4c8996fb92427ae41e4649b934ca495991b7852b855,2d81abb2c179e280d4a8ed520c7993a15ee706b1a227d070853f0f335817cc57,2d81abb2c179e280d4a8ed520c7993a15ee706b1a227d070853f0f335817cc57,,false,BLOCKED_BUILD_RECONSTRUCTION,No arbitrary build command or tool version was tried.
web3bugs-62-build-screen-001,62,,no permitted rank 1-3 command evidence; direct compilation requires source-completeness and pragma analysis not authorized by the execution safety gate,,"{""compiler"":""unresolved"",""node"":""no JavaScript package manager evidence""}","{""node_profile"":null,""oci_digest"":""sha256:3d73bca90bf416127375a3836cfa7272aae89da7d24f6af4071286174b7dd4f6"",""solc_versions"":[]}",2026-08-14T17:19:19.427755+00:00,0,900,,UNRESOLVED_BUILD_COMMAND,e3b0c44298fc1c149afbf4c8996fb92427ae41e4649b934ca495991b7852b855,e3b0c44298fc1c149afbf4c8996fb92427ae41e4649b934ca495991b7852b855,480a20c265816e77a4531a034a1780d7df9cd3bdb5962aa7a66ceb62d94ca8d2,480a20c265816e77a4531a034a1780d7df9cd3bdb5962aa7a66ceb62d94ca8d2,,false,BLOCKED_BUILD_RECONSTRUCTION,No arbitrary build command or tool version was tried.
web3bugs-64-build-screen-001,64,,no permitted rank 1-3 command evidence; direct compilation requires source-completeness and pragma analysis not authorized by the execution safety gate,,"{""compiler"":""unresolved"",""node"":""no JavaScript package manager evidence""}","{""node_profile"":null,""oci_digest"":""sha256:3d73bca90bf416127375a3836cfa7272aae89da7d24f6af4071286174b7dd4f6"",""solc_versions"":[]}",2026-08-14T17:19:19.427755+00:00,0,900,,UNRESOLVED_BUILD_COMMAND,e3b0c44298fc1c149afbf4c8996fb92427ae41e4649b934ca495991b7852b855,e3b0c44298fc1c149afbf4c8996fb92427ae41e4649b934ca495991b7852b855,afe64cc21c3c85ed2465253a2f31398bf4b51ea54217b7e8a6e676ecb4a44d52,afe64cc21c3c85ed2465253a2f31398bf4b51ea54217b7e8a6e676ecb4a44d52,,false,BLOCKED_BUILD_RECONSTRUCTION,No arbitrary build command or tool version was tried.
web3bugs-65-build-screen-001,65,,no permitted rank 1-3 command evidence; direct compilation requires source-completeness and pragma analysis not authorized by the execution safety gate,,"{""compiler"":""unresolved"",""node"":""no JavaScript package manager evidence""}","{""node_profile"":null,""oci_digest"":""sha256:3d73bca90bf416127375a3836cfa7272aae89da7d24f6af4071286174b7dd4f6"",""solc_versions"":[]}",2026-08-14T17:19:19.427755+00:00,0,900,,UNRESOLVED_BUILD_COMMAND,e3b0c44298fc1c149afbf4c8996fb92427ae41e4649b934ca495991b7852b855,e3b0c44298fc1c149afbf4c8996fb92427ae41e4649b934ca495991b7852b855,21f070fa24cbe0cb8bb75204030ae9a53fd04ea892a0b62d53e4404cc0f4b18a,21f070fa24cbe0cb8bb75204030ae9a53fd04ea892a0b62d53e4404cc0f4b18a,,false,BLOCKED_BUILD_RECONSTRUCTION,No arbitrary build command or tool version was tried.
web3bugs-66-build-screen-001,66,2,package.json script build=run-s build:*,yarn build,"{""compiler"":""unresolved"",""node"":""Yarn v1 lockfile compatibility inventory""}","{""node_profile"":""node16-yarn1"",""oci_digest"":""sha256:3d73bca90bf416127375a3836cfa7272aae89da7d24f6af4071286174b7dd4f6"",""solc_versions"":[]}",2026-08-14T17:19:19.427755+00:00,0,900,,ENVIRONMENT_UNAVAILABLE,e3b0c44298fc1c149afbf4c8996fb92427ae41e4649b934ca495991b7852b855,e3b0c44298fc1c149afbf4c8996fb92427ae41e4649b934ca495991b7852b855,84601043003eb4e6f609040a6a2af49702e5a4d368c63e1e3f1df7088eace589,84601043003eb4e6f609040a6a2af49702e5a4d368c63e1e3f1df7088eace589,,false,BLOCKED_ENVIRONMENT,Command and toolchains frozen but no build process ran: the account cannot enforce the frozen memory/swap cgroup and rootless Docker uidmap helpers are absent.
web3bugs-67-build-screen-001,67,,no permitted rank 1-3 command evidence; direct compilation requires source-completeness and pragma analysis not authorized by the execution safety gate,,"{""compiler"":""unresolved"",""node"":""no JavaScript package manager evidence""}","{""node_profile"":null,""oci_digest"":""sha256:3d73bca90bf416127375a3836cfa7272aae89da7d24f6af4071286174b7dd4f6"",""solc_versions"":[]}",2026-08-14T17:19:19.427755+00:00,0,900,,UNRESOLVED_BUILD_COMMAND,e3b0c44298fc1c149afbf4c8996fb92427ae41e4649b934ca495991b7852b855,e3b0c44298fc1c149afbf4c8996fb92427ae41e4649b934ca495991b7852b855,244ec131ccb4accdd42a1a6391d439c661c030354797afe4c7828083e1105a83,244ec131ccb4accdd42a1a6391d439c661c030354797afe4c7828083e1105a83,,false,BLOCKED_BUILD_RECONSTRUCTION,No arbitrary build command or tool version was tried.
web3bugs-68-build-screen-001,68,1,documented CI or README command,yarn compile,"{""compiler"":""unresolved"",""node"":""no JavaScript package manager evidence""}","{""node_profile"":null,""oci_digest"":""sha256:3d73bca90bf416127375a3836cfa7272aae89da7d24f6af4071286174b7dd4f6"",""solc_versions"":[]}",2026-08-14T17:19:19.427755+00:00,0,900,,ENVIRONMENT_UNAVAILABLE,e3b0c44298fc1c149afbf4c8996fb92427ae41e4649b934ca495991b7852b855,e3b0c44298fc1c149afbf4c8996fb92427ae41e4649b934ca495991b7852b855,e287d7569da3809b6a361d8317bdef849012c8a0eac6fd6e91c5ed15eeff0d31,e287d7569da3809b6a361d8317bdef849012c8a0eac6fd6e91c5ed15eeff0d31,,false,BLOCKED_ENVIRONMENT,Command and toolchains frozen but no build process ran: the account cannot enforce the frozen memory/swap cgroup and rootless Docker uidmap helpers are absent.
web3bugs-69-build-screen-001,69,,no permitted rank 1-3 command evidence; direct compilation requires source-completeness and pragma analysis not authorized by the execution safety gate,,"{""compiler"":""unresolved"",""node"":""no JavaScript package manager evidence""}","{""node_profile"":null,""oci_digest"":""sha256:3d73bca90bf416127375a3836cfa7272aae89da7d24f6af4071286174b7dd4f6"",""solc_versions"":[]}",2026-08-14T17:19:19.427755+00:00,0,900,,UNRESOLVED_BUILD_COMMAND,e3b0c44298fc1c149afbf4c8996fb92427ae41e4649b934ca495991b7852b855,e3b0c44298fc1c149afbf4c8996fb92427ae41e4649b934ca495991b7852b855,eb1ddff7ce2d46f0db06359a2ce7c0dea76bc0c61fd49290af36e2da60d8b9ad,eb1ddff7ce2d46f0db06359a2ce7c0dea76bc0c61fd49290af36e2da60d8b9ad,,false,BLOCKED_BUILD_RECONSTRUCTION,No arbitrary build command or tool version was tried.
web3bugs-70-build-screen-001,70,2,package.json script compile=rm -rf ./build && truffle compile,npm run compile,"{""compiler"":""exact native build configuration"",""node"":""package-lock v2 compatibility inventory""}","{""node_profile"":""node16-npm8"",""oci_digest"":""sha256:3d73bca90bf416127375a3836cfa7272aae89da7d24f6af4071286174b7dd4f6"",""solc_versions"":[""0.8.9""]}",2026-08-14T17:19:19.427755+00:00,0,900,,ENVIRONMENT_UNAVAILABLE,e3b0c44298fc1c149afbf4c8996fb92427ae41e4649b934ca495991b7852b855,e3b0c44298fc1c149afbf4c8996fb92427ae41e4649b934ca495991b7852b855,d97725bec7432762b0cbfafa98c32ad41e9ac5d08e51c58d02a476c5873c5e8a,d97725bec7432762b0cbfafa98c32ad41e9ac5d08e51c58d02a476c5873c5e8a,,false,BLOCKED_ENVIRONMENT,Command and toolchains frozen but no build process ran: the account cannot enforce the frozen memory/swap cgroup and rootless Docker uidmap helpers are absent.
web3bugs-71-build-screen-001,71,3,checked-in Hardhat configuration,npx hardhat compile,"{""compiler"":""exact native build configuration"",""node"":""no JavaScript package manager evidence""}","{""node_profile"":null,""oci_digest"":""sha256:3d73bca90bf416127375a3836cfa7272aae89da7d24f6af4071286174b7dd4f6"",""solc_versions"":[""0.8.7""]}",2026-08-14T17:19:19.427755+00:00,0,900,,ENVIRONMENT_UNAVAILABLE,e3b0c44298fc1c149afbf4c8996fb92427ae41e4649b934ca495991b7852b855,e3b0c44298fc1c149afbf4c8996fb92427ae41e4649b934ca495991b7852b855,8e1df640ff2994ee31da8d7d540a6edbf0e73cc73fb8822863c75c8f58144c9e,8e1df640ff2994ee31da8d7d540a6edbf0e73cc73fb8822863c75c8f58144c9e,,false,BLOCKED_ENVIRONMENT,Command and toolchains frozen but no build process ran: the account cannot enforce the frozen memory/swap cgroup and rootless Docker uidmap helpers are absent.
web3bugs-72-build-screen-001,72,,no permitted rank 1-3 command evidence; direct compilation requires source-completeness and pragma analysis not authorized by the execution safety gate,,"{""compiler"":""unresolved"",""node"":""no JavaScript package manager evidence""}","{""node_profile"":null,""oci_digest"":""sha256:3d73bca90bf416127375a3836cfa7272aae89da7d24f6af4071286174b7dd4f6"",""solc_versions"":[]}",2026-08-14T17:19:19.427755+00:00,0,900,,UNRESOLVED_BUILD_COMMAND,e3b0c44298fc1c149afbf4c8996fb92427ae41e4649b934ca495991b7852b855,e3b0c44298fc1c149afbf4c8996fb92427ae41e4649b934ca495991b7852b855,648b6dbe836f51d5f33b142dc75ea56d05cb01aa1994d96c5bde9f8c5cd6eaf8,648b6dbe836f51d5f33b142dc75ea56d05cb01aa1994d96c5bde9f8c5cd6eaf8,,false,BLOCKED_BUILD_RECONSTRUCTION,No arbitrary build command or tool version was tried.
web3bugs-73-build-screen-001,73,,no permitted rank 1-3 command evidence; direct compilation requires source-completeness and pragma analysis not authorized by the execution safety gate,,"{""compiler"":""unresolved"",""node"":""no JavaScript package manager evidence""}","{""node_profile"":null,""oci_digest"":""sha256:3d73bca90bf416127375a3836cfa7272aae89da7d24f6af4071286174b7dd4f6"",""solc_versions"":[]}",2026-08-14T17:19:19.427755+00:00,0,900,,UNRESOLVED_BUILD_COMMAND,e3b0c44298fc1c149afbf4c8996fb92427ae41e4649b934ca495991b7852b855,e3b0c44298fc1c149afbf4c8996fb92427ae41e4649b934ca495991b7852b855,b07346cf6edd7cb8d0321c4e336bee9754607ee66a620747e074579f99fc82ec,b07346cf6edd7cb8d0321c4e336bee9754607ee66a620747e074579f99fc82ec,,false,BLOCKED_BUILD_RECONSTRUCTION,No arbitrary build command or tool version was tried.
web3bugs-74-build-screen-001,74,,no permitted rank 1-3 command evidence; direct compilation requires source-completeness and pragma analysis not authorized by the execution safety gate,,"{""compiler"":""unresolved"",""node"":""no JavaScript package manager evidence""}","{""node_profile"":null,""oci_digest"":""sha256:3d73bca90bf416127375a3836cfa7272aae89da7d24f6af4071286174b7dd4f6"",""solc_versions"":[]}",2026-08-14T17:19:19.427755+00:00,0,900,,UNRESOLVED_BUILD_COMMAND,e3b0c44298fc1c149afbf4c8996fb92427ae41e4649b934ca495991b7852b855,e3b0c44298fc1c149afbf4c8996fb92427ae41e4649b934ca495991b7852b855,59c25a73fff9c472eb05f40d4a6d7fa7dd793584ef02de116cf6fe230a534b54,59c25a73fff9c472eb05f40d4a6d7fa7dd793584ef02de116cf6fe230a534b54,,false,BLOCKED_BUILD_RECONSTRUCTION,No arbitrary build command or tool version was tried.
web3bugs-75-build-screen-001,75,,no permitted rank 1-3 command evidence; direct compilation requires source-completeness and pragma analysis not authorized by the execution safety gate,,"{""compiler"":""unresolved"",""node"":""no JavaScript package manager evidence""}","{""node_profile"":null,""oci_digest"":""sha256:3d73bca90bf416127375a3836cfa7272aae89da7d24f6af4071286174b7dd4f6"",""solc_versions"":[]}",2026-08-14T17:19:19.427755+00:00,0,900,,UNRESOLVED_BUILD_COMMAND,e3b0c44298fc1c149afbf4c8996fb92427ae41e4649b934ca495991b7852b855,e3b0c44298fc1c149afbf4c8996fb92427ae41e4649b934ca495991b7852b855,7328e990f19155b9cd3aa83ba7f9479c0e8a3af9fed500d22ca2c69a66f3476f,7328e990f19155b9cd3aa83ba7f9479c0e8a3af9fed500d22ca2c69a66f3476f,,false,BLOCKED_BUILD_RECONSTRUCTION,No arbitrary build command or tool version was tried.
web3bugs-76-build-screen-001,76,3,checked-in Hardhat configuration,npx hardhat compile,"{""compiler"":""exact native build configuration"",""node"":""Yarn v1 lockfile compatibility inventory""}","{""node_profile"":""node16-yarn1"",""oci_digest"":""sha256:3d73bca90bf416127375a3836cfa7272aae89da7d24f6af4071286174b7dd4f6"",""solc_versions"":[""0.8.10""]}",2026-08-14T17:19:19.427755+00:00,0,900,,ENVIRONMENT_UNAVAILABLE,e3b0c44298fc1c149afbf4c8996fb92427ae41e4649b934ca495991b7852b855,e3b0c44298fc1c149afbf4c8996fb92427ae41e4649b934ca495991b7852b855,d2b50b813b836f09fe1f56aad7c7462610cc870dee68d2fd1a39512995421925,d2b50b813b836f09fe1f56aad7c7462610cc870dee68d2fd1a39512995421925,,false,BLOCKED_ENVIRONMENT,Command and toolchains frozen but no build process ran: the account cannot enforce the frozen memory/swap cgroup and rootless Docker uidmap helpers are absent.
web3bugs-77-build-screen-001,77,,no permitted rank 1-3 command evidence; direct compilation requires source-completeness and pragma analysis not authorized by the execution safety gate,,"{""compiler"":""unresolved"",""node"":""no JavaScript package manager evidence""}","{""node_profile"":null,""oci_digest"":""sha256:3d73bca90bf416127375a3836cfa7272aae89da7d24f6af4071286174b7dd4f6"",""solc_versions"":[]}",2026-08-14T17:19:19.427755+00:00,0,900,,UNRESOLVED_BUILD_COMMAND,e3b0c44298fc1c149afbf4c8996fb92427ae41e4649b934ca495991b7852b855,e3b0c44298fc1c149afbf4c8996fb92427ae41e4649b934ca495991b7852b855,1f982046e134502e06860ff1a9468233739eb6c556fa33740913c7d738dd8433,1f982046e134502e06860ff1a9468233739eb6c556fa33740913c7d738dd8433,,false,BLOCKED_BUILD_RECONSTRUCTION,No arbitrary build command or tool version was tried.
web3bugs-78-build-screen-001,78,3,checked-in Hardhat configuration,npx hardhat compile,"{""compiler"":""exact native build configuration"",""node"":""Yarn v1 lockfile compatibility inventory""}","{""node_profile"":""node16-yarn1"",""oci_digest"":""sha256:3d73bca90bf416127375a3836cfa7272aae89da7d24f6af4071286174b7dd4f6"",""solc_versions"":[""0.8.4""]}",2026-08-14T17:19:19.427755+00:00,0,900,,ENVIRONMENT_UNAVAILABLE,e3b0c44298fc1c149afbf4c8996fb92427ae41e4649b934ca495991b7852b855,e3b0c44298fc1c149afbf4c8996fb92427ae41e4649b934ca495991b7852b855,a6e9746054d709ce6fe41ad073e70522117ecea1fc3ae0fa079949ff996d14e9,a6e9746054d709ce6fe41ad073e70522117ecea1fc3ae0fa079949ff996d14e9,,false,BLOCKED_ENVIRONMENT,Command and toolchains frozen but no build process ran: the account cannot enforce the frozen memory/swap cgroup and rootless Docker uidmap helpers are absent.
web3bugs-79-build-screen-001,79,,"ambiguous lowest-rank commands: [""make"", ""npx hardhat compile""]",,"{""compiler"":""exact native build configuration"",""node"":""Yarn v1 lockfile compatibility inventory""}","{""node_profile"":""node16-yarn1"",""oci_digest"":""sha256:3d73bca90bf416127375a3836cfa7272aae89da7d24f6af4071286174b7dd4f6"",""solc_versions"":[""0.8.6""]}",2026-08-14T17:19:19.427755+00:00,0,900,,UNRESOLVED_BUILD_COMMAND,e3b0c44298fc1c149afbf4c8996fb92427ae41e4649b934ca495991b7852b855,e3b0c44298fc1c149afbf4c8996fb92427ae41e4649b934ca495991b7852b855,418d70ef547ceb56d612dbf391a0ffc9010a517f016d987de8efe418455efe9c,418d70ef547ceb56d612dbf391a0ffc9010a517f016d987de8efe418455efe9c,,false,BLOCKED_BUILD_RECONSTRUCTION,No arbitrary build command or tool version was tried.
web3bugs-80-build-screen-001,80,,no permitted rank 1-3 command evidence; direct compilation requires source-completeness and pragma analysis not authorized by the execution safety gate,,"{""compiler"":""unresolved"",""node"":""no JavaScript package manager evidence""}","{""node_profile"":null,""oci_digest"":""sha256:3d73bca90bf416127375a3836cfa7272aae89da7d24f6af4071286174b7dd4f6"",""solc_versions"":[]}",2026-08-14T17:19:19.427755+00:00,0,900,,UNRESOLVED_BUILD_COMMAND,e3b0c44298fc1c149afbf4c8996fb92427ae41e4649b934ca495991b7852b855,e3b0c44298fc1c149afbf4c8996fb92427ae41e4649b934ca495991b7852b855,26424cd64b2df5d546a30c89f31e94d97e7d4be2b81fe5bcc9e37e48022c29a2,26424cd64b2df5d546a30c89f31e94d97e7d4be2b81fe5bcc9e37e48022c29a2,,false,BLOCKED_BUILD_RECONSTRUCTION,No arbitrary build command or tool version was tried.
web3bugs-81-build-screen-001,81,,"ambiguous lowest-rank commands: [""brownie compile"", ""npx hardhat compile""]",,"{""compiler"":""unresolved"",""node"":""Yarn v1 lockfile compatibility inventory""}","{""node_profile"":""node16-yarn1"",""oci_digest"":""sha256:3d73bca90bf416127375a3836cfa7272aae89da7d24f6af4071286174b7dd4f6"",""solc_versions"":[]}",2026-08-14T17:19:19.427755+00:00,0,900,,UNRESOLVED_BUILD_COMMAND,e3b0c44298fc1c149afbf4c8996fb92427ae41e4649b934ca495991b7852b855,e3b0c44298fc1c149afbf4c8996fb92427ae41e4649b934ca495991b7852b855,8f552bb7c15d2c60acbc4dfae3d4aa0a2b43a8ce283e64b96cf62b583906a73a,8f552bb7c15d2c60acbc4dfae3d4aa0a2b43a8ce283e64b96cf62b583906a73a,,false,BLOCKED_BUILD_RECONSTRUCTION,No arbitrary build command or tool version was tried.
web3bugs-83-build-screen-001,83,3,checked-in Hardhat configuration,npx hardhat compile,"{""compiler"":""exact native build configuration"",""node"":""no JavaScript package manager evidence""}","{""node_profile"":null,""oci_digest"":""sha256:3d73bca90bf416127375a3836cfa7272aae89da7d24f6af4071286174b7dd4f6"",""solc_versions"":[""0.8.11""]}",2026-08-14T17:19:19.427755+00:00,0,900,,ENVIRONMENT_UNAVAILABLE,e3b0c44298fc1c149afbf4c8996fb92427ae41e4649b934ca495991b7852b855,e3b0c44298fc1c149afbf4c8996fb92427ae41e4649b934ca495991b7852b855,b6095ad929a44bda7db9a3760a8b54d3e1754a64a27dec7745fcc9f83914bafc,b6095ad929a44bda7db9a3760a8b54d3e1754a64a27dec7745fcc9f83914bafc,,false,BLOCKED_ENVIRONMENT,Command and toolchains frozen but no build process ran: the account cannot enforce the frozen memory/swap cgroup and rootless Docker uidmap helpers are absent.
web3bugs-89-build-screen-001,89,,"ambiguous lowest-rank commands: [""npm run compile"", ""npm run vyper-compile""]",,"{""compiler"":""exact native build configuration"",""node"":""package-lock v2 compatibility inventory""}","{""node_profile"":""node16-npm8"",""oci_digest"":""sha256:3d73bca90bf416127375a3836cfa7272aae89da7d24f6af4071286174b7dd4f6"",""solc_versions"":[""0.8.9""]}",2026-08-14T17:19:19.427755+00:00,0,900,,UNRESOLVED_BUILD_COMMAND,e3b0c44298fc1c149afbf4c8996fb92427ae41e4649b934ca495991b7852b855,e3b0c44298fc1c149afbf4c8996fb92427ae41e4649b934ca495991b7852b855,44454b47d298472dfd924d0a5ba35d62e021c621dc1f4cf4656dced0289a00b5,44454b47d298472dfd924d0a5ba35d62e021c621dc1f4cf4656dced0289a00b5,,false,BLOCKED_BUILD_RECONSTRUCTION,No arbitrary build command or tool version was tried.
web3bugs-90-build-screen-001,90,,no permitted rank 1-3 command evidence; direct compilation requires source-completeness and pragma analysis not authorized by the execution safety gate,,"{""compiler"":""unresolved"",""node"":""no JavaScript package manager evidence""}","{""node_profile"":null,""oci_digest"":""sha256:3d73bca90bf416127375a3836cfa7272aae89da7d24f6af4071286174b7dd4f6"",""solc_versions"":[]}",2026-08-14T17:19:19.427755+00:00,0,900,,UNRESOLVED_BUILD_COMMAND,e3b0c44298fc1c149afbf4c8996fb92427ae41e4649b934ca495991b7852b855,e3b0c44298fc1c149afbf4c8996fb92427ae41e4649b934ca495991b7852b855,bd369610de7f2f926271a2949af57edec22db84855f57c7ddc1f9a675960843f,bd369610de7f2f926271a2949af57edec22db84855f57c7ddc1f9a675960843f,,false,BLOCKED_BUILD_RECONSTRUCTION,No arbitrary build command or tool version was tried.
web3bugs-92-build-screen-001,92,3,checked-in Makefile,make,"{""compiler"":""unresolved"",""node"":""package-lock v2 compatibility inventory""}","{""node_profile"":""node16-npm8"",""oci_digest"":""sha256:3d73bca90bf416127375a3836cfa7272aae89da7d24f6af4071286174b7dd4f6"",""solc_versions"":[]}",2026-08-14T17:19:19.427755+00:00,0,900,,ENVIRONMENT_UNAVAILABLE,e3b0c44298fc1c149afbf4c8996fb92427ae41e4649b934ca495991b7852b855,e3b0c44298fc1c149afbf4c8996fb92427ae41e4649b934ca495991b7852b855,6693ab76c904ee890631d4f0083377e9d336ef7d9d35249558cc6da420886212,6693ab76c904ee890631d4f0083377e9d336ef7d9d35249558cc6da420886212,,false,BLOCKED_ENVIRONMENT,Command and toolchains frozen but no build process ran: the account cannot enforce the frozen memory/swap cgroup and rootless Docker uidmap helpers are absent.
web3bugs-94-build-screen-001,94,1,documented CI or README command,yarn build,"{""compiler"":""exact native build configuration"",""node"":""Yarn v1 lockfile compatibility inventory""}","{""node_profile"":""node16-yarn1"",""oci_digest"":""sha256:3d73bca90bf416127375a3836cfa7272aae89da7d24f6af4071286174b7dd4f6"",""solc_versions"":[""0.8.12""]}",2026-08-14T17:19:19.427755+00:00,0,900,,ENVIRONMENT_UNAVAILABLE,e3b0c44298fc1c149afbf4c8996fb92427ae41e4649b934ca495991b7852b855,e3b0c44298fc1c149afbf4c8996fb92427ae41e4649b934ca495991b7852b855,7627416215265b279b90d6ea9565918afeccfae564ceac5e0a6e0d1f888fbd33,7627416215265b279b90d6ea9565918afeccfae564ceac5e0a6e0d1f888fbd33,,false,BLOCKED_ENVIRONMENT,Command and toolchains frozen but no build process ran: the account cannot enforce the frozen memory/swap cgroup and rootless Docker uidmap helpers are absent.
web3bugs-96-build-screen-001,96,,no permitted rank 1-3 command evidence; direct compilation requires source-completeness and pragma analysis not authorized by the execution safety gate,,"{""compiler"":""unresolved"",""node"":""no JavaScript package manager evidence""}","{""node_profile"":null,""oci_digest"":""sha256:3d73bca90bf416127375a3836cfa7272aae89da7d24f6af4071286174b7dd4f6"",""solc_versions"":[]}",2026-08-14T17:19:19.427755+00:00,0,900,,UNRESOLVED_BUILD_COMMAND,e3b0c44298fc1c149afbf4c8996fb92427ae41e4649b934ca495991b7852b855,e3b0c44298fc1c149afbf4c8996fb92427ae41e4649b934ca495991b7852b855,5e6cbfaf7b307a81b72ff2ca8c9fe3035bb6b4818d5d59b5765d0f5e6868c608,5e6cbfaf7b307a81b72ff2ca8c9fe3035bb6b4818d5d59b5765d0f5e6868c608,,false,BLOCKED_BUILD_RECONSTRUCTION,No arbitrary build command or tool version was tried.
web3bugs-97-build-screen-001,97,2,package.json script compile=hardhat compile,yarn compile,"{""compiler"":""exact native build configuration"",""node"":""Yarn v1 lockfile compatibility inventory""}","{""node_profile"":""node16-yarn1"",""oci_digest"":""sha256:3d73bca90bf416127375a3836cfa7272aae89da7d24f6af4071286174b7dd4f6"",""solc_versions"":[""0.8.0"",""0.8.2""]}",2026-08-14T17:19:19.427755+00:00,0,900,,ENVIRONMENT_UNAVAILABLE,e3b0c44298fc1c149afbf4c8996fb92427ae41e4649b934ca495991b7852b855,e3b0c44298fc1c149afbf4c8996fb92427ae41e4649b934ca495991b7852b855,2be5976aac5160d1172bcd46316bc2c124e7131c52d601c0eacc3e3c6de67504,2be5976aac5160d1172bcd46316bc2c124e7131c52d601c0eacc3e3c6de67504,,false,BLOCKED_ENVIRONMENT,Command and toolchains frozen but no build process ran: the account cannot enforce the frozen memory/swap cgroup and rootless Docker uidmap helpers are absent.
web3bugs-98-build-screen-001,98,,no permitted rank 1-3 command evidence; direct compilation requires source-completeness and pragma analysis not authorized by the execution safety gate,,"{""compiler"":""unresolved"",""node"":""no JavaScript package manager evidence""}","{""node_profile"":null,""oci_digest"":""sha256:3d73bca90bf416127375a3836cfa7272aae89da7d24f6af4071286174b7dd4f6"",""solc_versions"":[]}",2026-08-14T17:19:19.427755+00:00,0,900,,UNRESOLVED_BUILD_COMMAND,e3b0c44298fc1c149afbf4c8996fb92427ae41e4649b934ca495991b7852b855,e3b0c44298fc1c149afbf4c8996fb92427ae41e4649b934ca495991b7852b855,3eab223d5138e2363e615d892391c60cf1eebba4957fa026ed4e3081c83471a1,3eab223d5138e2363e615d892391c60cf1eebba4957fa026ed4e3081c83471a1,,false,BLOCKED_BUILD_RECONSTRUCTION,No arbitrary build command or tool version was tried.
web3bugs-100-build-screen-001,100,3,checked-in Hardhat configuration,npx hardhat compile,"{""compiler"":""exact native build configuration"",""node"":""Yarn v1 lockfile compatibility inventory""}","{""node_profile"":""node16-yarn1"",""oci_digest"":""sha256:3d73bca90bf416127375a3836cfa7272aae89da7d24f6af4071286174b7dd4f6"",""solc_versions"":[""0.8.7""]}",2026-08-14T17:19:19.427755+00:00,0,900,,ENVIRONMENT_UNAVAILABLE,e3b0c44298fc1c149afbf4c8996fb92427ae41e4649b934ca495991b7852b855,e3b0c44298fc1c149afbf4c8996fb92427ae41e4649b934ca495991b7852b855,9e83a470fe9de869c2030ecc5c8ed1215c5e670fed8cbb5751a3ffe6726339f1,9e83a470fe9de869c2030ecc5c8ed1215c5e670fed8cbb5751a3ffe6726339f1,,false,BLOCKED_ENVIRONMENT,Command and toolchains frozen but no build process ran: the account cannot enforce the frozen memory/swap cgroup and rootless Docker uidmap helpers are absent.
web3bugs-101-build-screen-001,101,,no permitted rank 1-3 command evidence; direct compilation requires source-completeness and pragma analysis not authorized by the execution safety gate,,"{""compiler"":""unresolved"",""node"":""no JavaScript package manager evidence""}","{""node_profile"":null,""oci_digest"":""sha256:3d73bca90bf416127375a3836cfa7272aae89da7d24f6af4071286174b7dd4f6"",""solc_versions"":[]}",2026-08-14T17:19:19.427755+00:00,0,900,,UNRESOLVED_BUILD_COMMAND,e3b0c44298fc1c149afbf4c8996fb92427ae41e4649b934ca495991b7852b855,e3b0c44298fc1c149afbf4c8996fb92427ae41e4649b934ca495991b7852b855,ed8b7a8773a9729b158f10ee3f8573250031f05de1cbb31baf9cf6f2e1f54509,ed8b7a8773a9729b158f10ee3f8573250031f05de1cbb31baf9cf6f2e1f54509,,false,BLOCKED_BUILD_RECONSTRUCTION,No arbitrary build command or tool version was tried.
web3bugs-102-build-screen-001,102,2,package.json script compile=forge build,npm run compile,"{""compiler"":""exact native build configuration"",""node"":""package-lock v2 compatibility inventory""}","{""node_profile"":""node16-npm8"",""oci_digest"":""sha256:3d73bca90bf416127375a3836cfa7272aae89da7d24f6af4071286174b7dd4f6"",""solc_versions"":[""0.4.18"",""0.8.10""]}",2026-08-14T17:19:19.427755+00:00,0,900,,ENVIRONMENT_UNAVAILABLE,e3b0c44298fc1c149afbf4c8996fb92427ae41e4649b934ca495991b7852b855,e3b0c44298fc1c149afbf4c8996fb92427ae41e4649b934ca495991b7852b855,794f96c56066afe079b0570b5e95726773ae8d357995d40d756f3866fcbe84f8,794f96c56066afe079b0570b5e95726773ae8d357995d40d756f3866fcbe84f8,,false,BLOCKED_ENVIRONMENT,Command and toolchains frozen but no build process ran: the account cannot enforce the frozen memory/swap cgroup and rootless Docker uidmap helpers are absent.
web3bugs-103-build-screen-001,103,2,package.json script compile=hardhat compile && hardhat diamondABI,yarn compile,"{""compiler"":""exact native build configuration"",""node"":"".nvmrc 14""}","{""node_profile"":""node14-yarn1"",""oci_digest"":""sha256:3d73bca90bf416127375a3836cfa7272aae89da7d24f6af4071286174b7dd4f6"",""solc_versions"":[""0.8.7""]}",2026-08-14T17:19:19.427755+00:00,0,900,,ENVIRONMENT_UNAVAILABLE,e3b0c44298fc1c149afbf4c8996fb92427ae41e4649b934ca495991b7852b855,e3b0c44298fc1c149afbf4c8996fb92427ae41e4649b934ca495991b7852b855,a08f4f58fdbcbaa87b0cbb93dbba00d513aa40fd6dbe07c05a5ec4ba33a55504,a08f4f58fdbcbaa87b0cbb93dbba00d513aa40fd6dbe07c05a5ec4ba33a55504,,false,BLOCKED_ENVIRONMENT,Command and toolchains frozen but no build process ran: the account cannot enforce the frozen memory/swap cgroup and rootless Docker uidmap helpers are absent.
web3bugs-104-build-screen-001,104,,no permitted rank 1-3 command evidence; direct compilation requires source-completeness and pragma analysis not authorized by the execution safety gate,,"{""compiler"":""unresolved"",""node"":""no JavaScript package manager evidence""}","{""node_profile"":null,""oci_digest"":""sha256:3d73bca90bf416127375a3836cfa7272aae89da7d24f6af4071286174b7dd4f6"",""solc_versions"":[]}",2026-08-14T17:19:19.427755+00:00,0,900,,UNRESOLVED_BUILD_COMMAND,e3b0c44298fc1c149afbf4c8996fb92427ae41e4649b934ca495991b7852b855,e3b0c44298fc1c149afbf4c8996fb92427ae41e4649b934ca495991b7852b855,78db4755e869eb630058b82e5baf25b34b8d3d959b6e2e53b59adcc82f35a133,78db4755e869eb630058b82e5baf25b34b8d3d959b6e2e53b59adcc82f35a133,,false,BLOCKED_BUILD_RECONSTRUCTION,No arbitrary build command or tool version was tried.
web3bugs-105-build-screen-001,105,,"ambiguous lowest-rank commands: [""npm run build"", ""npm run compile""]",,"{""compiler"":""exact native build configuration"",""node"":""package-lock v2 compatibility inventory""}","{""node_profile"":""node16-npm8"",""oci_digest"":""sha256:3d73bca90bf416127375a3836cfa7272aae89da7d24f6af4071286174b7dd4f6"",""solc_versions"":[""0.8.10"",""0.8.4""]}",2026-08-14T17:19:19.427755+00:00,0,900,,UNRESOLVED_BUILD_COMMAND,e3b0c44298fc1c149afbf4c8996fb92427ae41e4649b934ca495991b7852b855,e3b0c44298fc1c149afbf4c8996fb92427ae41e4649b934ca495991b7852b855,b55eb7922a013a4c6c5cbbce754ea00034554c078df365079ea8e2ba2b92f733,b55eb7922a013a4c6c5cbbce754ea00034554c078df365079ea8e2ba2b92f733,,false,BLOCKED_BUILD_RECONSTRUCTION,No arbitrary build command or tool version was tried.
web3bugs-106-build-screen-001,106,,"ambiguous lowest-rank commands: [""forge build"", ""npx hardhat compile""]",,"{""compiler"":""exact native build configuration"",""node"":""Yarn v1 lockfile compatibility inventory""}","{""node_profile"":""node16-yarn1"",""oci_digest"":""sha256:3d73bca90bf416127375a3836cfa7272aae89da7d24f6af4071286174b7dd4f6"",""solc_versions"":[""0.8.12""]}",2026-08-14T17:19:19.427755+00:00,0,900,,UNRESOLVED_BUILD_COMMAND,e3b0c44298fc1c149afbf4c8996fb92427ae41e4649b934ca495991b7852b855,e3b0c44298fc1c149afbf4c8996fb92427ae41e4649b934ca495991b7852b855,d866c703fc7f562a230f0bd4a7b41f648c2a112bfaceee1ad24e1ee7372a027b,d866c703fc7f562a230f0bd4a7b41f648c2a112bfaceee1ad24e1ee7372a027b,,false,BLOCKED_BUILD_RECONSTRUCTION,No arbitrary build command or tool version was tried.
web3bugs-107-build-screen-001,107,2,package.json script compile=hardhat compile,yarn compile,"{""compiler"":""exact native build configuration"",""node"":""Yarn v1 lockfile compatibility inventory""}","{""node_profile"":""node16-yarn1"",""oci_digest"":""sha256:3d73bca90bf416127375a3836cfa7272aae89da7d24f6af4071286174b7dd4f6"",""solc_versions"":[""0.8.0""]}",2026-08-14T17:19:19.427755+00:00,0,900,,ENVIRONMENT_UNAVAILABLE,e3b0c44298fc1c149afbf4c8996fb92427ae41e4649b934ca495991b7852b855,e3b0c44298fc1c149afbf4c8996fb92427ae41e4649b934ca495991b7852b855,920441bf98129a6c20d11468aab3d156b568f8e9d2f02b74fcb7b7a19ed50d35,920441bf98129a6c20d11468aab3d156b568f8e9d2f02b74fcb7b7a19ed50d35,,false,BLOCKED_ENVIRONMENT,Command and toolchains frozen but no build process ran: the account cannot enforce the frozen memory/swap cgroup and rootless Docker uidmap helpers are absent.
web3bugs-109-build-screen-001,109,1,documented CI or README command,npm run build,"{""compiler"":""unresolved"",""node"":""package-lock v2 compatibility inventory""}","{""node_profile"":""node16-npm8"",""oci_digest"":""sha256:3d73bca90bf416127375a3836cfa7272aae89da7d24f6af4071286174b7dd4f6"",""solc_versions"":[]}",2026-08-14T17:19:19.427755+00:00,0,900,,ENVIRONMENT_UNAVAILABLE,e3b0c44298fc1c149afbf4c8996fb92427ae41e4649b934ca495991b7852b855,e3b0c44298fc1c149afbf4c8996fb92427ae41e4649b934ca495991b7852b855,a2339c5c8a072df79bc2bbbd6fdcd8c274576c59321fe57d028c595f6b33cd15,a2339c5c8a072df79bc2bbbd6fdcd8c274576c59321fe57d028c595f6b33cd15,,false,BLOCKED_ENVIRONMENT,Command and toolchains frozen but no build process ran: the account cannot enforce the frozen memory/swap cgroup and rootless Docker uidmap helpers are absent.
web3bugs-110-build-screen-001,110,1,documented CI or README command,forge build,"{""compiler"":""exact native build configuration"",""node"":""package-lock v1 compatibility inventory""}","{""node_profile"":""node14-npm6"",""oci_digest"":""sha256:3d73bca90bf416127375a3836cfa7272aae89da7d24f6af4071286174b7dd4f6"",""solc_versions"":[""0.8.12""]}",2026-08-14T17:19:19.427755+00:00,0,900,,ENVIRONMENT_UNAVAILABLE,e3b0c44298fc1c149afbf4c8996fb92427ae41e4649b934ca495991b7852b855,e3b0c44298fc1c149afbf4c8996fb92427ae41e4649b934ca495991b7852b855,dae9e5e7792836a1b9e8c3cd11fcaae9834a6b4b0475c24552d99a2dff7070bb,dae9e5e7792836a1b9e8c3cd11fcaae9834a6b4b0475c24552d99a2dff7070bb,,false,BLOCKED_ENVIRONMENT,Command and toolchains frozen but no build process ran: the account cannot enforce the frozen memory/swap cgroup and rootless Docker uidmap helpers are absent.
web3bugs-112-build-screen-001,112,,no permitted rank 1-3 command evidence; direct compilation requires source-completeness and pragma analysis not authorized by the execution safety gate,,"{""compiler"":""unresolved"",""node"":""no JavaScript package manager evidence""}","{""node_profile"":null,""oci_digest"":""sha256:3d73bca90bf416127375a3836cfa7272aae89da7d24f6af4071286174b7dd4f6"",""solc_versions"":[]}",2026-08-14T17:19:19.427755+00:00,0,900,,UNRESOLVED_BUILD_COMMAND,e3b0c44298fc1c149afbf4c8996fb92427ae41e4649b934ca495991b7852b855,e3b0c44298fc1c149afbf4c8996fb92427ae41e4649b934ca495991b7852b855,c3950c076299bfa249a97ab498083726df18a2c1b158d5e5c48211cd50b26da9,c3950c076299bfa249a97ab498083726df18a2c1b158d5e5c48211cd50b26da9,,false,BLOCKED_BUILD_RECONSTRUCTION,No arbitrary build command or tool version was tried.
web3bugs-113-build-screen-001,113,2,package.json script build=hardhat compile,yarn build,"{""compiler"":""exact native build configuration"",""node"":"".nvmrc lts/erbium""}","{""node_profile"":""node12-yarn1"",""oci_digest"":""sha256:3d73bca90bf416127375a3836cfa7272aae89da7d24f6af4071286174b7dd4f6"",""solc_versions"":[""0.6.12"",""0.7.6"",""0.8.10"",""0.8.4"",""0.8.6"",""0.8.7"",""0.8.9""]}",2026-08-14T17:19:19.427755+00:00,0,900,,ENVIRONMENT_UNAVAILABLE,e3b0c44298fc1c149afbf4c8996fb92427ae41e4649b934ca495991b7852b855,e3b0c44298fc1c149afbf4c8996fb92427ae41e4649b934ca495991b7852b855,c2b6dfb92f09858894255d3faa3b172d61e98b2108f1e385c7476e9ed2617153,c2b6dfb92f09858894255d3faa3b172d61e98b2108f1e385c7476e9ed2617153,,false,BLOCKED_ENVIRONMENT,Command and toolchains frozen but no build process ran: the account cannot enforce the frozen memory/swap cgroup and rootless Docker uidmap helpers are absent.
web3bugs-114-build-screen-001,114,,no permitted rank 1-3 command evidence; direct compilation requires source-completeness and pragma analysis not authorized by the execution safety gate,,"{""compiler"":""unresolved"",""node"":""no JavaScript package manager evidence""}","{""node_profile"":null,""oci_digest"":""sha256:3d73bca90bf416127375a3836cfa7272aae89da7d24f6af4071286174b7dd4f6"",""solc_versions"":[]}",2026-08-14T17:19:19.427755+00:00,0,900,,UNRESOLVED_BUILD_COMMAND,e3b0c44298fc1c149afbf4c8996fb92427ae41e4649b934ca495991b7852b855,e3b0c44298fc1c149afbf4c8996fb92427ae41e4649b934ca495991b7852b855,71246e5282a0fe11138eccb7f5a6e5da4ff819fef5afa780c922e231cbff9807,71246e5282a0fe11138eccb7f5a6e5da4ff819fef5afa780c922e231cbff9807,,false,BLOCKED_BUILD_RECONSTRUCTION,No arbitrary build command or tool version was tried.
web3bugs-115-build-screen-001,115,,no permitted rank 1-3 command evidence; direct compilation requires source-completeness and pragma analysis not authorized by the execution safety gate,,"{""compiler"":""unresolved"",""node"":""no JavaScript package manager evidence""}","{""node_profile"":null,""oci_digest"":""sha256:3d73bca90bf416127375a3836cfa7272aae89da7d24f6af4071286174b7dd4f6"",""solc_versions"":[]}",2026-08-14T17:19:19.427755+00:00,0,900,,UNRESOLVED_BUILD_COMMAND,e3b0c44298fc1c149afbf4c8996fb92427ae41e4649b934ca495991b7852b855,e3b0c44298fc1c149afbf4c8996fb92427ae41e4649b934ca495991b7852b855,f9fe7f7325f542bf182483b2061da16770c1fbbcc9459429075552438061c493,f9fe7f7325f542bf182483b2061da16770c1fbbcc9459429075552438061c493,,false,BLOCKED_BUILD_RECONSTRUCTION,No arbitrary build command or tool version was tried.
web3bugs-122-build-screen-001,122,,no permitted rank 1-3 command evidence; direct compilation requires source-completeness and pragma analysis not authorized by the execution safety gate,,"{""compiler"":""unresolved"",""node"":""no JavaScript package manager evidence""}","{""node_profile"":null,""oci_digest"":""sha256:3d73bca90bf416127375a3836cfa7272aae89da7d24f6af4071286174b7dd4f6"",""solc_versions"":[]}",2026-08-14T17:19:19.427755+00:00,0,900,,UNRESOLVED_BUILD_COMMAND,e3b0c44298fc1c149afbf4c8996fb92427ae41e4649b934ca495991b7852b855,e3b0c44298fc1c149afbf4c8996fb92427ae41e4649b934ca495991b7852b855,36cd0cbdf562d1351cd69f679e9cecb0142b1b4ca2456216233202c9fe5848e2,36cd0cbdf562d1351cd69f679e9cecb0142b1b4ca2456216233202c9fe5848e2,,false,BLOCKED_BUILD_RECONSTRUCTION,No arbitrary build command or tool version was tried.
web3bugs-123-build-screen-001,123,1,documented CI or README command,yarn compile,"{""compiler"":""exact native build configuration"",""node"":""Yarn v1 lockfile compatibility inventory""}","{""node_profile"":""node16-yarn1"",""oci_digest"":""sha256:3d73bca90bf416127375a3836cfa7272aae89da7d24f6af4071286174b7dd4f6"",""solc_versions"":[""0.6.12"",""0.8.11""]}",2026-08-14T17:19:19.427755+00:00,0,900,,ENVIRONMENT_UNAVAILABLE,e3b0c44298fc1c149afbf4c8996fb92427ae41e4649b934ca495991b7852b855,e3b0c44298fc1c149afbf4c8996fb92427ae41e4649b934ca495991b7852b855,89b9ebc87049163f841c3f297315b65f7302c9f3d82cea478aa6459909b0091b,89b9ebc87049163f841c3f297315b65f7302c9f3d82cea478aa6459909b0091b,,false,BLOCKED_ENVIRONMENT,Command and toolchains frozen but no build process ran: the account cannot enforce the frozen memory/swap cgroup and rootless Docker uidmap helpers are absent.
web3bugs-124-build-screen-001,124,,no permitted rank 1-3 command evidence; direct compilation requires source-completeness and pragma analysis not authorized by the execution safety gate,,"{""compiler"":""unresolved"",""node"":""no JavaScript package manager evidence""}","{""node_profile"":null,""oci_digest"":""sha256:3d73bca90bf416127375a3836cfa7272aae89da7d24f6af4071286174b7dd4f6"",""solc_versions"":[]}",2026-08-14T17:19:19.427755+00:00,0,900,,UNRESOLVED_BUILD_COMMAND,e3b0c44298fc1c149afbf4c8996fb92427ae41e4649b934ca495991b7852b855,e3b0c44298fc1c149afbf4c8996fb92427ae41e4649b934ca495991b7852b855,3cffdb2803743a3139ce1aa943eef700a6a0344c38430745eeaf9c21b532de6d,3cffdb2803743a3139ce1aa943eef700a6a0344c38430745eeaf9c21b532de6d,,false,BLOCKED_BUILD_RECONSTRUCTION,No arbitrary build command or tool version was tried.
web3bugs-125-build-screen-001,125,,no permitted rank 1-3 command evidence; direct compilation requires source-completeness and pragma analysis not authorized by the execution safety gate,,"{""compiler"":""unresolved"",""node"":""no JavaScript package manager evidence""}","{""node_profile"":null,""oci_digest"":""sha256:3d73bca90bf416127375a3836cfa7272aae89da7d24f6af4071286174b7dd4f6"",""solc_versions"":[]}",2026-08-14T17:19:19.427755+00:00,0,900,,UNRESOLVED_BUILD_COMMAND,e3b0c44298fc1c149afbf4c8996fb92427ae41e4649b934ca495991b7852b855,e3b0c44298fc1c149afbf4c8996fb92427ae41e4649b934ca495991b7852b855,7187e814b3c43226b7d8e20050cd7c79b0380635f2cef67481d7efc8251bead9,7187e814b3c43226b7d8e20050cd7c79b0380635f2cef67481d7efc8251bead9,,false,BLOCKED_BUILD_RECONSTRUCTION,No arbitrary build command or tool version was tried.
web3bugs-131-build-screen-001,131,,no permitted rank 1-3 command evidence; direct compilation requires source-completeness and pragma analysis not authorized by the execution safety gate,,"{""compiler"":""unresolved"",""node"":""no JavaScript package manager evidence""}","{""node_profile"":null,""oci_digest"":""sha256:3d73bca90bf416127375a3836cfa7272aae89da7d24f6af4071286174b7dd4f6"",""solc_versions"":[]}",2026-08-14T17:19:19.427755+00:00,0,900,,UNRESOLVED_BUILD_COMMAND,e3b0c44298fc1c149afbf4c8996fb92427ae41e4649b934ca495991b7852b855,e3b0c44298fc1c149afbf4c8996fb92427ae41e4649b934ca495991b7852b855,a2c37a6ba2a27654c3865cfdf4282236600253da53af48e18e76b9a1354d5037,a2c37a6ba2a27654c3865cfdf4282236600253da53af48e18e76b9a1354d5037,,false,BLOCKED_BUILD_RECONSTRUCTION,No arbitrary build command or tool version was tried.
web3bugs-143-build-screen-001,143,,no permitted rank 1-3 command evidence; direct compilation requires source-completeness and pragma analysis not authorized by the execution safety gate,,"{""compiler"":""unresolved"",""node"":""no JavaScript package manager evidence""}","{""node_profile"":null,""oci_digest"":""sha256:3d73bca90bf416127375a3836cfa7272aae89da7d24f6af4071286174b7dd4f6"",""solc_versions"":[]}",2026-08-14T17:19:19.427755+00:00,0,900,,UNRESOLVED_BUILD_COMMAND,e3b0c44298fc1c149afbf4c8996fb92427ae41e4649b934ca495991b7852b855,e3b0c44298fc1c149afbf4c8996fb92427ae41e4649b934ca495991b7852b855,c5d4f9e9f0e01e3135a40f999da9f6427b39856d90c75bc82838a3aa348b0a29,c5d4f9e9f0e01e3135a40f999da9f6427b39856d90c75bc82838a3aa348b0a29,,false,BLOCKED_BUILD_RECONSTRUCTION,No arbitrary build command or tool version was tried.
web3bugs-145-build-screen-001,145,2,package.json script build=rm -rf ./build/deploy ./build/hardhat.config.js && hardhat compile && tsc,yarn build,"{""compiler"":""exact native build configuration"",""node"":""Yarn v1 lockfile compatibility inventory""}","{""node_profile"":""node16-yarn1"",""oci_digest"":""sha256:3d73bca90bf416127375a3836cfa7272aae89da7d24f6af4071286174b7dd4f6"",""solc_versions"":[""0.8.13""]}",2026-08-14T17:19:19.427755+00:00,0,900,,ENVIRONMENT_UNAVAILABLE,e3b0c44298fc1c149afbf4c8996fb92427ae41e4649b934ca495991b7852b855,e3b0c44298fc1c149afbf4c8996fb92427ae41e4649b934ca495991b7852b855,2a7687bdb0b892b6780574b972eda59618d563d8cb5bbe45e4a4c2dcaf19b63c,2a7687bdb0b892b6780574b972eda59618d563d8cb5bbe45e4a4c2dcaf19b63c,,false,BLOCKED_ENVIRONMENT,Command and toolchains frozen but no build process ran: the account cannot enforce the frozen memory/swap cgroup and rootless Docker uidmap helpers are absent.
web3bugs-190-build-screen-001,190,,no permitted rank 1-3 command evidence; direct compilation requires source-completeness and pragma analysis not authorized by the execution safety gate,,"{""compiler"":""unresolved"",""node"":""no JavaScript package manager evidence""}","{""node_profile"":null,""oci_digest"":""sha256:3d73bca90bf416127375a3836cfa7272aae89da7d24f6af4071286174b7dd4f6"",""solc_versions"":[]}",2026-08-14T17:19:19.427755+00:00,0,900,,UNRESOLVED_BUILD_COMMAND,e3b0c44298fc1c149afbf4c8996fb92427ae41e4649b934ca495991b7852b855,e3b0c44298fc1c149afbf4c8996fb92427ae41e4649b934ca495991b7852b855,13c3fe5c68fda30ba63d727e98c52ddf8bd7abc5d18478c7bc06e2b680214a04,13c3fe5c68fda30ba63d727e98c52ddf8bd7abc5d18478c7bc06e2b680214a04,,false,BLOCKED_BUILD_RECONSTRUCTION,No arbitrary build command or tool version was tried.
web3bugs-191-build-screen-001,191,3,checked-in Foundry configuration,forge build,"{""compiler"":""unresolved"",""node"":""Yarn v1 lockfile compatibility inventory""}","{""node_profile"":""node16-yarn1"",""oci_digest"":""sha256:3d73bca90bf416127375a3836cfa7272aae89da7d24f6af4071286174b7dd4f6"",""solc_versions"":[]}",2026-08-14T17:19:19.427755+00:00,0,900,,ENVIRONMENT_UNAVAILABLE,e3b0c44298fc1c149afbf4c8996fb92427ae41e4649b934ca495991b7852b855,e3b0c44298fc1c149afbf4c8996fb92427ae41e4649b934ca495991b7852b855,9df57ab393ac12b827bf9d0110e618859e520984e61b0af1a11be5ce89280799,9df57ab393ac12b827bf9d0110e618859e520984e61b0af1a11be5ce89280799,,false,BLOCKED_ENVIRONMENT,Command and toolchains frozen but no build process ran: the account cannot enforce the frozen memory/swap cgroup and rootless Docker uidmap helpers are absent.
web3bugs-192-build-screen-001,192,3,checked-in Hardhat configuration,npx hardhat compile,"{""compiler"":""exact native build configuration"",""node"":""package-lock v2 compatibility inventory""}","{""node_profile"":""node16-npm8"",""oci_digest"":""sha256:3d73bca90bf416127375a3836cfa7272aae89da7d24f6af4071286174b7dd4f6"",""solc_versions"":[""0.8.17""]}",2026-08-14T17:19:19.427755+00:00,0,900,,ENVIRONMENT_UNAVAILABLE,e3b0c44298fc1c149afbf4c8996fb92427ae41e4649b934ca495991b7852b855,e3b0c44298fc1c149afbf4c8996fb92427ae41e4649b934ca495991b7852b855,0c280f702c302f31ff3f61e01e6db5c29ab079cf34713dff761d7d1c69f6acfe,0c280f702c302f31ff3f61e01e6db5c29ab079cf34713dff761d7d1c69f6acfe,,false,BLOCKED_ENVIRONMENT,Command and toolchains frozen but no build process ran: the account cannot enforce the frozen memory/swap cgroup and rootless Docker uidmap helpers are absent.
web3bugs-193-build-screen-001,193,3,checked-in Foundry configuration,forge build,"{""compiler"":""exact native build configuration"",""node"":""Yarn v1 lockfile compatibility inventory""}","{""node_profile"":""node16-yarn1"",""oci_digest"":""sha256:3d73bca90bf416127375a3836cfa7272aae89da7d24f6af4071286174b7dd4f6"",""solc_versions"":[""0.8.17""]}",2026-08-14T17:19:19.427755+00:00,0,900,,ENVIRONMENT_UNAVAILABLE,e3b0c44298fc1c149afbf4c8996fb92427ae41e4649b934ca495991b7852b855,e3b0c44298fc1c149afbf4c8996fb92427ae41e4649b934ca495991b7852b855,6246ba62157332c794cbfc2c7408ff802fa63526a67cf3930aa17275c60f5bab,6246ba62157332c794cbfc2c7408ff802fa63526a67cf3930aa17275c60f5bab,,false,BLOCKED_ENVIRONMENT,Command and toolchains frozen but no build process ran: the account cannot enforce the frozen memory/swap cgroup and rootless Docker uidmap helpers are absent.
