snapshot_id,benchmark_overlap,overlap_basis,overlapping_oracle_row_ids,pre_freeze_exposure,exposure_note,reviewed_by,reviewed_at
3,true,exact report identity,isu-621f43af68268838,,,,
5,false,none found by exact report identity,,,,,
6,false,none found by exact report identity,,,,,
7,false,none found by exact report identity,,,,,
8,false,none found by exact report identity,,,,,
10,true,exact report identity,isu-76e6aa75733cd2f9;isu-fbf2b10a648eab46,,,,
12,false,none found by exact report identity,,,,,
13,false,none found by exact report identity,,,,,
14,true,exact report identity,isu-599fced4ea9a8be5,,,,
16,false,none found by exact report identity,,,,,
17,false,none found by exact report identity,,,,,
18,true,exact report identity,isu-883447fef1177d83,,,,
19,false,none found by exact report identity,,,,,
20,false,none found by exact report identity,,,,,
21,false,none found by exact report identity,,,,,
22,false,none found by exact report identity,,,,,
23,false,none found by exact report identity,,,,,
24,true,exact report identity,isu-a93c6b77cc1d4f75,,,,
25,true,exact report identity,isu-a346e0579cc411b2,,,,
26,false,none found by exact report identity,,,,,
27,false,none found by exact report identity,,,,,
28,false,none found by exact report identity,,,,,
29,false,none found by exact report identity,,,,,
30,false,none found by exact report identity,,,,,
31,false,none found by exact report identity,,,,,
32,false,none found by exact report identity,,,,,
34,false,none found by exact report identity,,,,,
35,true,exact report identity,isu-f1ac2ad156241780,,,,
36,true,exact report identity,isu-a36b810e7be9bc36,,,,
37,false,none found by exact report identity,,,,,
38,false,none found by exact report identity,,,,,
39,false,none found by exact report identity,,,,,
41,false,none found by exact report identity,,,,,
42,true,exact report identity,isu-c861ec930b030c28;isu-dbd7bec2a34c98ec,,,,
43,false,none found by exact report identity,,,,,
44,false,none found by exact report identity,,,,,
45,false,none found by exact report identity,,,,,
47,false,none found by exact report identity,,,,,
49,false,none found by exact report identity,,,,,
51,true,exact report identity,isu-4198ebcb807fbc55,,,,
52,false,none found by exact report identity,,,,,
53,false,none found by exact report identity,,,,,
54,true,exact report identity,isu-26042bb2179bcaca;isu-946bf9ba48ae786b,,,,
55,false,none found by exact report identity,,,,,
56,false,none found by exact report identity,,,,,
57,false,none found by exact report identity,,,,,
58,true,exact report identity,isu-afed826cfb09b1d0,,,,
59,false,none found by exact report identity,,,,,
60,false,none found by exact report identity,,,,,
61,false,none found by exact report identity,,,,,
62,true,exact report identity,isu-9873179830346843,,,,
64,false,none found by exact report identity,,,,,
65,true,exact report identity,isu-92cbfaf905a24490,,,,
66,false,none found by exact report identity,,,,,
67,false,none found by exact report identity,,,,,
68,true,exact report identity,isu-d82a8ede733c07e2,,,,
69,false,none found by exact report identity,,,,,
70,true,exact report identity,isu-04290457af95545c,,,,
71,false,none found by exact report identity,,,,,
72,false,none found by exact report identity,,,,,
73,false,none found by exact report identity,,,,,
74,false,none found by exact report identity,,,,,
75,false,none found by exact report identity,,,,,
76,false,none found by exact report identity,,,,,
77,false,none found by exact report identity,,,,,
78,true,exact report identity,isu-0e465664136af674,,,,
79,false,none found by exact report identity,,,,,
80,false,none found by exact report identity,,,,,
81,false,none found by exact report identity,,,,,
83,true,exact report identity,isu-7892f67a73ef5fa1,,,,
89,false,none found by exact report identity,,,,,
90,false,none found by exact report identity,,,,,
92,false,none found by exact report identity,,,,,
94,false,none found by exact report identity,,,,,
96,false,none found by exact report identity,,,,,
97,false,none found by exact report identity,,,,,
98,false,none found by exact report identity,,,,,
100,false,none found by exact report identity,,,,,
101,false,none found by exact report identity,,,,,
102,false,none found by exact report identity,,,,,
103,false,none found by exact report identity,,,,,
104,false,none found by exact report identity,,,,,
105,false,none found by exact report identity,,,,,
106,false,none found by exact report identity,,,,,
107,false,none found by exact report identity,,,,,
109,false,none found by exact report identity,,,,,
110,false,none found by exact report identity,,,,,
112,true,exact report identity,isu-0e01a20ef25bb2fb,,,,
113,true,exact report identity,isu-ed3f20846f5d653b,,,,
114,false,none found by exact report identity,,,,,
115,false,none found by exact report identity,,,,,
122,false,none found by exact report identity,,,,,
123,false,none found by exact report identity,,,,,
124,false,none found by exact report identity,,,,,
125,false,none found by exact report identity,,,,,
131,false,none found by exact report identity,,,,,
143,false,none found by exact report identity,,,,,
145,true,exact report identity,isu-a03c079be75678d0,,,,
190,false,none found by exact report identity,,,,,
191,true,exact report identity,isu-372237591d0d9a31,,,,
192,true,exact report identity,isu-b7d3203547e02ba9,,,,
193,false,none found by exact report identity,,,,,
