snapshot_id,repository,commit,population_path,file_count,byte_size,snapshot_sha256,solidity_file_count,solidity_byte_size,solidity_sha256,population_status
3,https://github.com/ZhangZhuoSJTU/Web3Bugs.git,fd8544e84f0d6cea4b4d6a44ee62d8f7623648f4,contracts/3,23,137189,1e77c70c18be8c4bc848b389f900a4c8600d7a49f1254f222627a799cc680e60,19,133637,a6edaf1a0457f998f4382a65265c5fe10910764fd0a921cc5851e9f8d5de59e3,INITIAL
5,https://github.com/ZhangZhuoSJTU/Web3Bugs.git,fd8544e84f0d6cea4b4d6a44ee62d8f7623648f4,contracts/5,42,225709,21ca6261ddaa0b734344311aed66442c7766732f3f637db7bce7e9edf5a9a0ea,23,118541,8175cbe1df87400ba8215f6d81fe3647ee2b3460fbb72bd52633f84cc1112155,INITIAL
6,https://github.com/ZhangZhuoSJTU/Web3Bugs.git,fd8544e84f0d6cea4b4d6a44ee62d8f7623648f4,contracts/6,2,24312,4c76bf4a02f154cac5491bc5bdad2e71fc9029cc33cf367ddc12e163005871f1,1,23785,b4f16cbaf999a2665651fff582c810f0a362d317fed7837da6724dd8cbc626c5,INITIAL
7,https://github.com/ZhangZhuoSJTU/Web3Bugs.git,fd8544e84f0d6cea4b4d6a44ee62d8f7623648f4,contracts/7,32,289933,3100d6b28292de10fee7db96c4cdf458e87b4918e8093576a46f4e556a8b58fc,31,288275,73d0b440cebbea955348725ae88add14cd9589c3844a4f2b26545979ad506a0a,INITIAL
8,https://github.com/ZhangZhuoSJTU/Web3Bugs.git,fd8544e84f0d6cea4b4d6a44ee62d8f7623648f4,contracts/8,90,644461,ba45e6122c637894b64af856f27af9d54ba93922eb0b8d85a4e987e65fa3a236,74,260701,6abca63d65c4de170db49757640901d4287e5357c25b2a3b8cbbf442530f56a9,INITIAL
10,https://github.com/ZhangZhuoSJTU/Web3Bugs.git,fd8544e84f0d6cea4b4d6a44ee62d8f7623648f4,contracts/10,37,144260,0502a6b9c4a5eaac0b15feab1f889430ea6ca38c87a0bf40e0dd4239494752b6,24,97500,bcee23a44b8bdee760499e809b5a2f0e9106593e43a86f0e234a361de369f70a,INITIAL
12,https://github.com/ZhangZhuoSJTU/Web3Bugs.git,fd8544e84f0d6cea4b4d6a44ee62d8f7623648f4,contracts/12,93,964327,de33f3c20c1b2c8a1acf182718148773ca37740a03cf129384b29ff2a2835881,71,254423,eb0b98b2cb8a7c948e6167fda894a5d21d96735ba56efeadc17b8e65399bdab4,INITIAL
13,https://github.com/ZhangZhuoSJTU/Web3Bugs.git,fd8544e84f0d6cea4b4d6a44ee62d8f7623648f4,contracts/13,47,1883293,c8586ab676ab7c60298cf5ee747cc65e2b8fdb473a9c6b52ec3cb08596b78373,23,170997,83fd91640633660fcc363edecdd433f8f226d2847999418989a63e937f71d6c4,INITIAL
14,https://github.com/ZhangZhuoSJTU/Web3Bugs.git,fd8544e84f0d6cea4b4d6a44ee62d8f7623648f4,contracts/14,13,716592,7a10aa1013285cda944c70ee5d59694a66e82c9146eba2d4baad52c4c447fb5d,10,93076,5b7b26aa531877e4cc9d0a51d5a3bf046cd52877ae63d45f3837bc7f53cbaafa,INITIAL
16,https://github.com/ZhangZhuoSJTU/Web3Bugs.git,fd8544e84f0d6cea4b4d6a44ee62d8f7623648f4,contracts/16,62,538236,14e284522b07157c0b476614a9c3ade59616f39285d28f4f50aa5f54741002d4,43,156563,3efc46e95614bd125770c3f5cbd32c1ab78864e5b02dcefcdebea407c3a1ecbd,INITIAL
17,https://github.com/ZhangZhuoSJTU/Web3Bugs.git,fd8544e84f0d6cea4b4d6a44ee62d8f7623648f4,contracts/17,86,850445,4816a733e12f7e6ac7f83279fc24824efa747994ef0281466d2de9c24a12b5ed,62,279313,9f715b065efc889e018759cb27f2c0dfede6f3aa91da5bc8bfc0ae467908ef06,INITIAL
18,https://github.com/ZhangZhuoSJTU/Web3Bugs.git,fd8544e84f0d6cea4b4d6a44ee62d8f7623648f4,contracts/18,31,80921,c65c4112e8ef408f1dbe34486e998730daa70e6cc7991b0a4e38cfaa9262b411,29,67232,5fca5c18b9f9e0c0f9fbcc205517fa0d80529783ed15692665a99c39f326aaee,INITIAL
19,https://github.com/ZhangZhuoSJTU/Web3Bugs.git,fd8544e84f0d6cea4b4d6a44ee62d8f7623648f4,contracts/19,7,48671,fb560ca1e035fffe811cf0836c5249fd3f74391b33104212b4ff51389e6da5d8,6,38883,476fc9a3ca1349f4ed31d7cee1715f41c7bf0cce155ae58122e22f546d1f263d,INITIAL
20,https://github.com/ZhangZhuoSJTU/Web3Bugs.git,fd8544e84f0d6cea4b4d6a44ee62d8f7623648f4,contracts/20,31,152555,d0fa58ac114a05c3ff2ca2a157aed73065f8fc4ffb9da1bc04c2982d11474325,29,144523,3dce01774804270eb11fa28f0a155a2ad55c224c859491ad85fd5278ab72735d,INITIAL
21,https://github.com/ZhangZhuoSJTU/Web3Bugs.git,fd8544e84f0d6cea4b4d6a44ee62d8f7623648f4,contracts/21,107,1422110,4b8d5954fcf6905e16da4e35efc01441f2d1d3c70c5478210ceebdda06df54f8,50,196324,09bdae74eddde9488450a86faea688c9d3969a66a2175db84a6ee57c7b1dbdfb,INITIAL
22,https://github.com/ZhangZhuoSJTU/Web3Bugs.git,fd8544e84f0d6cea4b4d6a44ee62d8f7623648f4,contracts/22,264,7047519,75930ecfeeb8cba38ca381ed0016429d66bc2e158100c8d819784f8a1fb19106,43,248167,c6a83f4c8c9f0ec8d2c7371e8906a69fa9c494612266b8735c28d3c6d5248a68,INITIAL
23,https://github.com/ZhangZhuoSJTU/Web3Bugs.git,fd8544e84f0d6cea4b4d6a44ee62d8f7623648f4,contracts/23,242,15828890,7d794494c3ff60b45a3f4c0a1c46978a847bc5dd35ac536f17b39f741dff5c42,98,762184,25e97c5d46b03ad5102cd99b0490d77aca4ffe7e4048486ac73789d1fb3818fd,INITIAL
24,https://github.com/ZhangZhuoSJTU/Web3Bugs.git,fd8544e84f0d6cea4b4d6a44ee62d8f7623648f4,contracts/24,53,3660662,072dab0ccc7424e539709b5b74027ffdf0f0dcb6c64029dbfa6a2b9929a28b8d,7,47086,ea42ebd1c66f4a4865dee7f03faec05b89809ce7aaa7cc9a69bb85c63d5a9a91,INITIAL
25,https://github.com/ZhangZhuoSJTU/Web3Bugs.git,fd8544e84f0d6cea4b4d6a44ee62d8f7623648f4,contracts/25,83,973788,769125773351ef1c974d8af10eef385441fe0624f57490ded695b774e6596fa6,61,266566,6ce24a5336e94effb85227648bca1ba8c75aaae0b26fe0ef2f29247c868bc562,INITIAL
26,https://github.com/ZhangZhuoSJTU/Web3Bugs.git,fd8544e84f0d6cea4b4d6a44ee62d8f7623648f4,contracts/26,73,2597496,9650d812e07fc6c8e660e3358f50e770d049bdb592c1550d5bee7642362768af,26,234550,77578b6dc04784107d3f0c255cbcda47d5c315a1b649e7a9d28f2d4ddae74b42,INITIAL
27,https://github.com/ZhangZhuoSJTU/Web3Bugs.git,fd8544e84f0d6cea4b4d6a44ee62d8f7623648f4,contracts/27,288,43709975,06e3c95440de3dfc1826b2709a010bd66b80496191779830635b319a0fe025e2,12,30839,05ef6459bf34ac7a7225304bc8b9aaa5a2f488f1403acf32199d3ed0d45801f6,INITIAL
28,https://github.com/ZhangZhuoSJTU/Web3Bugs.git,fd8544e84f0d6cea4b4d6a44ee62d8f7623648f4,contracts/28,283,20686008,74a133a04a23c7eef883227195b1bc23f1235e9998a777f41ea5d104c8e8681b,107,490058,9c6576cd72fcd9a868514b6724c4b6ba1f7a0024331218585dd31fca34c53c82,INITIAL
29,https://github.com/ZhangZhuoSJTU/Web3Bugs.git,fd8544e84f0d6cea4b4d6a44ee62d8f7623648f4,contracts/29,83,1958382,afa14bb80e7c47f84d9c644ce459f9c855f699322f1f14f849017a9bfe6d280c,34,228151,38afa72a5d2eaa826cc5b8facc79708e0ee4d0e1fa6277304018c77ff678b84b,INITIAL
30,https://github.com/ZhangZhuoSJTU/Web3Bugs.git,fd8544e84f0d6cea4b4d6a44ee62d8f7623648f4,contracts/30,395,21591554,4b79d0120b3ae58b1a2a211b22b7f381dc69ddc5f11a888b3e4d8c087ca06bb3,90,219785,92b7595ce4bc5ad72bdf345da68071fb16451e60910cd820c9a42973d23fdc9e,INITIAL
31,https://github.com/ZhangZhuoSJTU/Web3Bugs.git,fd8544e84f0d6cea4b4d6a44ee62d8f7623648f4,contracts/31,293,1974874,ba21299d47c470a7d09a47a390dd1321c7ff3f1b51af93961f970790e636c70e,218,791979,bc834c6da6cbfaebf5226358e3ee00637182de0fef0d80de2fad08c5fb7d164b,INITIAL
32,https://github.com/ZhangZhuoSJTU/Web3Bugs.git,fd8544e84f0d6cea4b4d6a44ee62d8f7623648f4,contracts/32,51,263174,7dab544bc25de03e36872bfc34cb5bcbd70d2ee1acd463ea668262529ab1f499,40,107429,8df50d6469ea1506ff0dc631cc34d33b047848aa4b6cafd89c092a75c0cbd81e,INITIAL
34,https://github.com/ZhangZhuoSJTU/Web3Bugs.git,fd8544e84f0d6cea4b4d6a44ee62d8f7623648f4,contracts/34,166,3368701,7d1402082cb63fd6b598f91a799e195669821be3427e45acbfcc1716531093db,61,242033,03a73972f850a6c1c4a1ed97b1ec20585d5e6ddbd11cd6344254f2aaa0599f9d,INITIAL
35,https://github.com/ZhangZhuoSJTU/Web3Bugs.git,fd8544e84f0d6cea4b4d6a44ee62d8f7623648f4,contracts/35,147,2282200,7beac64e0b31d7a913aa2dc6812c03eac744c7e1389956e59611aca8904e9d43,50,307293,b112a058c1e20ea84339765b8b9df145cab064677002e25b9258abeb3d8f7ff7,INITIAL
36,https://github.com/ZhangZhuoSJTU/Web3Bugs.git,fd8544e84f0d6cea4b4d6a44ee62d8f7623648f4,contracts/36,16,51643,ce58e4aaa641ab977b2bd7c06cea1e4737c948dafdb92d6abc4b94bf73c0014e,7,22170,e2a2f8111fbdfc782545e6bed5892352e68f65d6df5828cabe286da7e9dd29e7,INITIAL
37,https://github.com/ZhangZhuoSJTU/Web3Bugs.git,fd8544e84f0d6cea4b4d6a44ee62d8f7623648f4,contracts/37,90,941798,d15fc5086dd5dbfb4bd057566cd8b593d935287701f4713921fcfb3787efece9,40,180220,d2b54a8058a433afd739d98c3d824e58050f814d38e9a0806057e6d099c408cf,INITIAL
38,https://github.com/ZhangZhuoSJTU/Web3Bugs.git,fd8544e84f0d6cea4b4d6a44ee62d8f7623648f4,contracts/38,23,257515,a955b57d2ae3cb3627a771dad740774d2d307a26ef6b8eeeed65415d08edf54c,8,33014,0841b755a1a6688d137756f46ac4c9c1518682c630069b125a7043201e0377c5,INITIAL
39,https://github.com/ZhangZhuoSJTU/Web3Bugs.git,fd8544e84f0d6cea4b4d6a44ee62d8f7623648f4,contracts/39,228,2382178,8ad1609cb85882962f0a9b7c92e49b659ea4890bc5806efb20de5344f9a33ccb,39,169797,195cba9304c662dd5e27a804a846b9493bdf160e6e914285dcf1d900fd7d5c03,INITIAL
41,https://github.com/ZhangZhuoSJTU/Web3Bugs.git,fd8544e84f0d6cea4b4d6a44ee62d8f7623648f4,contracts/41,16,53196,223d29c6448bdbcae1bb1a1ce4efa9fb164134461e7f65a2fc6592334c5236dc,7,23556,9d24d2ae2124cfe6ddf7f418dc1aedebccc7a90c5deb544e45cd84d12ee81aee,INITIAL
42,https://github.com/ZhangZhuoSJTU/Web3Bugs.git,fd8544e84f0d6cea4b4d6a44ee62d8f7623648f4,contracts/42,430,4858719,74ad921cf73cad6cc8d1efda325fac97768096f19de644376a0fb3e50a082ab4,67,146619,ae57954cd524dd927e6a1d1400715f218569c1dd2f9374c94ead8f2caa6e6796,INITIAL
43,https://github.com/ZhangZhuoSJTU/Web3Bugs.git,fd8544e84f0d6cea4b4d6a44ee62d8f7623648f4,contracts/43,35,1245525,796fbba4fbdf0f96361eed882907e17bd6345a3bf9815bbf06bcaec8b748bbce,1,25795,ceac6da350d95ab61ada8ed063ee2ee8848da82de45e20af9e3a2da9798f30a8,INITIAL
44,https://github.com/ZhangZhuoSJTU/Web3Bugs.git,fd8544e84f0d6cea4b4d6a44ee62d8f7623648f4,contracts/44,31,5193889,0414ce1768ff4e6273decfe62d0c1d6349b35688f38511db3c08e27f5866bfc5,6,19529,66aec51a7b21de186062224c456ba4e071a245d53277bb920f9ff1e2aaefc5a5,INITIAL
45,https://github.com/ZhangZhuoSJTU/Web3Bugs.git,fd8544e84f0d6cea4b4d6a44ee62d8f7623648f4,contracts/45,146,4359297,8fe471f2e415f23d11fa296293e745a94a350d8fcd675d82ab4673c12becab90,45,200279,e1019e4eeb2421587a14fc9ef24c8f91d8e36d96e22daf269d73666da4f2a54f,INITIAL
47,https://github.com/ZhangZhuoSJTU/Web3Bugs.git,fd8544e84f0d6cea4b4d6a44ee62d8f7623648f4,contracts/47,137,1353148,c924b4849032d223ce8a5713b3367d37f8fa088b6f7a39005d92d5fb224c4a31,87,314415,f826d986c67d69c12c9315f0cf706c6e23321f14377ca260849009f4b7362fcb,INITIAL
49,https://github.com/ZhangZhuoSJTU/Web3Bugs.git,fd8544e84f0d6cea4b4d6a44ee62d8f7623648f4,contracts/49,106,9105204,15f2ba5f46643aa7282347e9a9581c71b16c196eb5581fffa51f5d43150bce54,58,254894,6e486338c0a19eff023f1ba801276f11fc00f3ae159b833e07731bcf18cd0be3,INITIAL
51,https://github.com/ZhangZhuoSJTU/Web3Bugs.git,fd8544e84f0d6cea4b4d6a44ee62d8f7623648f4,contracts/51,278,15651921,f8967faadf49fc64a0baf8352a0928952b3f7a2b5a4642182b90c9960470ea32,24,244765,c2542925c447f51bf9641196ecde7df4bc6e13a3b4ed777db48d76e502e2b378,INITIAL
52,https://github.com/ZhangZhuoSJTU/Web3Bugs.git,fd8544e84f0d6cea4b4d6a44ee62d8f7623648f4,contracts/52,98,317103,474ca37cf93c321ce89645c93d726f3114f10f1ff65c242c77ad5d34344ffcd6,86,283822,c7634206c1808b7a9e6ac9dc726a20ef722c8d1034d7f2c6144704b296b378a1,INITIAL
53,https://github.com/ZhangZhuoSJTU/Web3Bugs.git,fd8544e84f0d6cea4b4d6a44ee62d8f7623648f4,contracts/53,68,1734597,6ca82b3cf8e5d0176bfd2f9b2179c5e1fb047ba8f4d1561d10fe487bbecfe3b6,28,88654,e5493703b561fd2a77f7e5db894c6fe166269727793fc8f61050b1d4f9fc713f,INITIAL
54,https://github.com/ZhangZhuoSJTU/Web3Bugs.git,fd8544e84f0d6cea4b4d6a44ee62d8f7623648f4,contracts/54,233,5959186,947da3df58ef52ac436faec0c983c3ba8631e9deb6d02c08febb82682260814a,37,178760,24dbcae5c0b92d09fc2285d3007233deb773e540d1569fc4bbbbb182c2b52209,INITIAL
55,https://github.com/ZhangZhuoSJTU/Web3Bugs.git,fd8544e84f0d6cea4b4d6a44ee62d8f7623648f4,contracts/55,25,127145,a8ecd090dc3190f7b581dbc046f98a1bffdd989789a67980e6f0fdc19fd4ab54,13,79024,4957c6e3062c1f8f9ab68084eea1c993a743ba04a5edb2abb73dd48ee5d6af4a,INITIAL
56,https://github.com/ZhangZhuoSJTU/Web3Bugs.git,fd8544e84f0d6cea4b4d6a44ee62d8f7623648f4,contracts/56,227,10745979,2eb7ad807154a635470ca4a66fbcfcf2f5c7e76384e580555dd4f47d457c76e9,126,343006,736225151575faaf13f36b686308cae8604dbbc4314981d5a46badbee4f419be,INITIAL
57,https://github.com/ZhangZhuoSJTU/Web3Bugs.git,fd8544e84f0d6cea4b4d6a44ee62d8f7623648f4,contracts/57,49,1778773,2ad230e34e7a0bb6c93d491dbab6d6cd1c6edcda13dc3bd09f954705c181d58a,24,60258,897066c6f3b1cdd5ff86e097cbc77853f13e4216b2503d0dd97151bbcac57e0a,INITIAL
58,https://github.com/ZhangZhuoSJTU/Web3Bugs.git,fd8544e84f0d6cea4b4d6a44ee62d8f7623648f4,contracts/58,278,1557952,93e42ac7536cd9ec452fc87bdb751d7bf67eb0e5c0fffbcaef5ad0ac53b98b4d,184,601074,93a4c087341e206be2784cec0c1531fb179f91b53effab615c6860ea3bcbe0e1,INITIAL
59,https://github.com/ZhangZhuoSJTU/Web3Bugs.git,fd8544e84f0d6cea4b4d6a44ee62d8f7623648f4,contracts/59,180,13500754,c907f54c8155fd11e7db658a7681340f5903cb8c58304790733c672eec259664,59,231618,5726e3a201d0f5faa6ab983e3a111e63513eeb19a11cf04fae4aef2f6f8f9b49,INITIAL
60,https://github.com/ZhangZhuoSJTU/Web3Bugs.git,fd8544e84f0d6cea4b4d6a44ee62d8f7623648f4,contracts/60,71,982971,98da048beff53a9abbac83f5e67f64bf2d43427cbd45fcbcf972f94cdcf5f5b5,37,154328,0c5413882a0052eabdddb1e6c22aedf7d21b121c4e6636a09a6425e269a78a5b,INITIAL
61,https://github.com/ZhangZhuoSJTU/Web3Bugs.git,fd8544e84f0d6cea4b4d6a44ee62d8f7623648f4,contracts/61,133,2306879,2d81abb2c179e280d4a8ed520c7993a15ee706b1a227d070853f0f335817cc57,44,305943,c72f04efdd8c1b57b41696f975ebbddffe6b8539d7e01f869aa6c8cb03aa900c,INITIAL
62,https://github.com/ZhangZhuoSJTU/Web3Bugs.git,fd8544e84f0d6cea4b4d6a44ee62d8f7623648f4,contracts/62,92,11588697,480a20c265816e77a4531a034a1780d7df9cd3bdb5962aa7a66ceb62d94ca8d2,46,200458,6fb6cc1c1ea53b055dfec838fd962223ebc8e8ba320ba3931ce31e907ee0fa5a,INITIAL
64,https://github.com/ZhangZhuoSJTU/Web3Bugs.git,fd8544e84f0d6cea4b4d6a44ee62d8f7623648f4,contracts/64,170,2064825,afe64cc21c3c85ed2465253a2f31398bf4b51ea54217b7e8a6e676ecb4a44d52,76,350687,59b9bd1ab5f0c7061986d4c9998f735e5d38e603e9b03e43c48ae45032aa9570,INITIAL
65,https://github.com/ZhangZhuoSJTU/Web3Bugs.git,fd8544e84f0d6cea4b4d6a44ee62d8f7623648f4,contracts/65,41,2008341,21f070fa24cbe0cb8bb75204030ae9a53fd04ea892a0b62d53e4404cc0f4b18a,7,25517,2a627fa5e60e7badc2d57e001266b9655f0dff828fbbdedbadc3016a89d8276e,INITIAL
66,https://github.com/ZhangZhuoSJTU/Web3Bugs.git,fd8544e84f0d6cea4b4d6a44ee62d8f7623648f4,contracts/66,340,20753206,84601043003eb4e6f609040a6a2af49702e5a4d368c63e1e3f1df7088eace589,144,750702,593de8010ba1086b4bda87040d6a6491cb7d7f3b94cf5780494954d87f9a363c,INITIAL
67,https://github.com/ZhangZhuoSJTU/Web3Bugs.git,fd8544e84f0d6cea4b4d6a44ee62d8f7623648f4,contracts/67,83,1123078,244ec131ccb4accdd42a1a6391d439c661c030354797afe4c7828083e1105a83,25,62415,470b95dcdc57e1f8561fa7c58b761fb59dae26f43bc3239107ba0a47b859facf,INITIAL
68,https://github.com/ZhangZhuoSJTU/Web3Bugs.git,fd8544e84f0d6cea4b4d6a44ee62d8f7623648f4,contracts/68,89,4010660,e287d7569da3809b6a361d8317bdef849012c8a0eac6fd6e91c5ed15eeff0d31,44,101508,0df9ccd5b0792e494665a1f92d5022d7c16d5aec2d484c32360bdcb305043402,INITIAL
69,https://github.com/ZhangZhuoSJTU/Web3Bugs.git,fd8544e84f0d6cea4b4d6a44ee62d8f7623648f4,contracts/69,162,4935406,eb1ddff7ce2d46f0db06359a2ce7c0dea76bc0c61fd49290af36e2da60d8b9ad,113,417169,af55e17e012c40edbf4126c5743e8d0e585988919b0cd68c4427e6861f0bc349,INITIAL
70,https://github.com/ZhangZhuoSJTU/Web3Bugs.git,fd8544e84f0d6cea4b4d6a44ee62d8f7623648f4,contracts/70,156,5118687,d97725bec7432762b0cbfafa98c32ad41e9ac5d08e51c58d02a476c5873c5e8a,93,326156,23ee58a8a98812abc403b8c579d230701aefa8d31f0162dbbc533db58b8dbae1,INITIAL
71,https://github.com/ZhangZhuoSJTU/Web3Bugs.git,fd8544e84f0d6cea4b4d6a44ee62d8f7623648f4,contracts/71,49,616365,8e1df640ff2994ee31da8d7d540a6edbf0e73cc73fb8822863c75c8f58144c9e,30,146672,9baa9f26a97f2d7a98f8b598d528729eab6b5a0dae8bb8c292c0032ce947bb41,INITIAL
72,https://github.com/ZhangZhuoSJTU/Web3Bugs.git,fd8544e84f0d6cea4b4d6a44ee62d8f7623648f4,contracts/72,140,6888408,648b6dbe836f51d5f33b142dc75ea56d05cb01aa1994d96c5bde9f8c5cd6eaf8,70,388264,2186e2fcbd6c87beeebc8dfbc61175326b1a673452339d7b4bf8b005ddb6f8b9,INITIAL
73,https://github.com/ZhangZhuoSJTU/Web3Bugs.git,fd8544e84f0d6cea4b4d6a44ee62d8f7623648f4,contracts/73,260,4144850,b07346cf6edd7cb8d0321c4e336bee9754607ee66a620747e074579f99fc82ec,111,614686,105bf502be960aba54ff8d24015fc4db8dbc400ea606837be94eea1b750eabcf,INITIAL
74,https://github.com/ZhangZhuoSJTU/Web3Bugs.git,fd8544e84f0d6cea4b4d6a44ee62d8f7623648f4,contracts/74,224,2213569,59c25a73fff9c472eb05f40d4a6d7fa7dd793584ef02de116cf6fe230a534b54,101,317278,e3ba0f1a8a2a02e42b08acdfd48f230a6c974370f896ee18f070663c50ca07b6,INITIAL
75,https://github.com/ZhangZhuoSJTU/Web3Bugs.git,fd8544e84f0d6cea4b4d6a44ee62d8f7623648f4,contracts/75,36,920443,7328e990f19155b9cd3aa83ba7f9479c0e8a3af9fed500d22ca2c69a66f3476f,6,25170,4ef948fdbe65bdd4287a75951b469c2f63bdab080656063885bb9c4a02783d2a,INITIAL
76,https://github.com/ZhangZhuoSJTU/Web3Bugs.git,fd8544e84f0d6cea4b4d6a44ee62d8f7623648f4,contracts/76,101,3858753,d2b50b813b836f09fe1f56aad7c7462610cc870dee68d2fd1a39512995421925,48,264586,244f1fcae6cd0ce3fde72f6f484a1341eb304dfaa1eab322d8910cf993edd4a0,INITIAL
77,https://github.com/ZhangZhuoSJTU/Web3Bugs.git,fd8544e84f0d6cea4b4d6a44ee62d8f7623648f4,contracts/77,51,1562925,1f982046e134502e06860ff1a9468233739eb6c556fa33740913c7d738dd8433,6,49263,2364aa9f5108bd43b1b4c306f08e4f8dd405c2f9ed70ee348477a26753ba17cf,INITIAL
78,https://github.com/ZhangZhuoSJTU/Web3Bugs.git,fd8544e84f0d6cea4b4d6a44ee62d8f7623648f4,contracts/78,137,6085586,a6e9746054d709ce6fe41ad073e70522117ecea1fc3ae0fa079949ff996d14e9,73,272899,d8b24efba225c2e3e3d0ce00f8cf5b96fb74ab3c80864bf533e9ec5cf91081e9,INITIAL
79,https://github.com/ZhangZhuoSJTU/Web3Bugs.git,fd8544e84f0d6cea4b4d6a44ee62d8f7623648f4,contracts/79,60,2907508,418d70ef547ceb56d612dbf391a0ffc9010a517f016d987de8efe418455efe9c,14,58870,d397b6fd9649e2c2a318bf1782e22a1a24f93ea278fa4a7e10d7aac783787d14,INITIAL
80,https://github.com/ZhangZhuoSJTU/Web3Bugs.git,fd8544e84f0d6cea4b4d6a44ee62d8f7623648f4,contracts/80,51,2146165,26424cd64b2df5d546a30c89f31e94d97e7d4be2b81fe5bcc9e37e48022c29a2,11,31922,72e51f5c30efb8ee2b431e6797c4496a82022c802b69641e463c36386ae7a12d,INITIAL
81,https://github.com/ZhangZhuoSJTU/Web3Bugs.git,fd8544e84f0d6cea4b4d6a44ee62d8f7623648f4,contracts/81,63,763337,8f552bb7c15d2c60acbc4dfae3d4aa0a2b43a8ce283e64b96cf62b583906a73a,33,79448,da21889c4b5f40c2b978ef61b3511a14be7eeea233ec0b3d59c67586e426af20,INITIAL
83,https://github.com/ZhangZhuoSJTU/Web3Bugs.git,fd8544e84f0d6cea4b4d6a44ee62d8f7623648f4,contracts/83,20,65264,b6095ad929a44bda7db9a3760a8b54d3e1754a64a27dec7745fcc9f83914bafc,15,48076,292b4452a9849bd9bdd274b18735084a368f96e67b6ef2df253739d1a991a48d,INITIAL
89,https://github.com/ZhangZhuoSJTU/Web3Bugs.git,fd8544e84f0d6cea4b4d6a44ee62d8f7623648f4,contracts/89,30,1468876,44454b47d298472dfd924d0a5ba35d62e021c621dc1f4cf4656dced0289a00b5,21,126150,7db92fca3e2703808ae1e290c16d06e547fe77b7faa3b724d68dc388234b0eb9,INITIAL
90,https://github.com/ZhangZhuoSJTU/Web3Bugs.git,fd8544e84f0d6cea4b4d6a44ee62d8f7623648f4,contracts/90,48,113797,bd369610de7f2f926271a2949af57edec22db84855f57c7ddc1f9a675960843f,46,93036,da1a8926626fb17bc9497742cb86bd0352c241149d051b7a7c8e03b742c00ac5,INITIAL
92,https://github.com/ZhangZhuoSJTU/Web3Bugs.git,fd8544e84f0d6cea4b4d6a44ee62d8f7623648f4,contracts/92,35,153121,6693ab76c904ee890631d4f0083377e9d336ef7d9d35249558cc6da420886212,23,101706,61cec08a53e5330c9a480bf4b3fbed97f846f1e53c3a0ed3edb9e798003909a6,INITIAL
94,https://github.com/ZhangZhuoSJTU/Web3Bugs.git,fd8544e84f0d6cea4b4d6a44ee62d8f7623648f4,contracts/94,104,3187631,7627416215265b279b90d6ea9565918afeccfae564ceac5e0a6e0d1f888fbd33,34,172619,a57dc327d922068208d139fa1a90783e74eba1b86e271d5d326d2eab0f875abb,INITIAL
96,https://github.com/ZhangZhuoSJTU/Web3Bugs.git,fd8544e84f0d6cea4b4d6a44ee62d8f7623648f4,contracts/96,282,11840714,5e6cbfaf7b307a81b72ff2ca8c9fe3035bb6b4818d5d59b5765d0f5e6868c608,85,336501,c90a63240616872e0b09c6ae85640918d6e50a4695f0990cf17a7d26b005c8dc,INITIAL
97,https://github.com/ZhangZhuoSJTU/Web3Bugs.git,fd8544e84f0d6cea4b4d6a44ee62d8f7623648f4,contracts/97,65,761633,2be5976aac5160d1172bcd46316bc2c124e7131c52d601c0eacc3e3c6de67504,38,211649,8f1ba7e53c799036ab275e2894f0390b76d69c600d228307840c63e5d3419330,INITIAL
98,https://github.com/ZhangZhuoSJTU/Web3Bugs.git,fd8544e84f0d6cea4b4d6a44ee62d8f7623648f4,contracts/98,91,1056556,3eab223d5138e2363e615d892391c60cf1eebba4957fa026ed4e3081c83471a1,54,281054,bfd6e158263a5725794d54952f39fb67b712f85082b7189f89814d22ef28a8a4,INITIAL
100,https://github.com/ZhangZhuoSJTU/Web3Bugs.git,fd8544e84f0d6cea4b4d6a44ee62d8f7623648f4,contracts/100,116,3922981,9e83a470fe9de869c2030ecc5c8ed1215c5e670fed8cbb5751a3ffe6726339f1,22,80570,09e2673043e147bee741fe72e7a42e205d43a474e3c502aad96ed78bb14ecf17,INITIAL
101,https://github.com/ZhangZhuoSJTU/Web3Bugs.git,fd8544e84f0d6cea4b4d6a44ee62d8f7623648f4,contracts/101,231,3893777,ed8b7a8773a9729b158f10ee3f8573250031f05de1cbb31baf9cf6f2e1f54509,150,2025651,732e9a35f5680d5530c6d88d1d100a893044badb06637b5488e1fd013db35069,INITIAL
102,https://github.com/ZhangZhuoSJTU/Web3Bugs.git,fd8544e84f0d6cea4b4d6a44ee62d8f7623648f4,contracts/102,86,5440759,794f96c56066afe079b0570b5e95726773ae8d357995d40d756f3866fcbe84f8,60,247249,2e08a9832652b7000e50af38b91f7acf424d51aa08d5ad3a94d22fac6221df31,INITIAL
103,https://github.com/ZhangZhuoSJTU/Web3Bugs.git,fd8544e84f0d6cea4b4d6a44ee62d8f7623648f4,contracts/103,98,5796220,a08f4f58fdbcbaa87b0cbb93dbba00d513aa40fd6dbe07c05a5ec4ba33a55504,28,92405,e3ec672425c516e287bf97bbc0ca4de66e8108c0cefebdf3d9b95acdd82d4dc6,INITIAL
104,https://github.com/ZhangZhuoSJTU/Web3Bugs.git,fd8544e84f0d6cea4b4d6a44ee62d8f7623648f4,contracts/104,82,1625058,78db4755e869eb630058b82e5baf25b34b8d3d959b6e2e53b59adcc82f35a133,33,63598,06d087b20f092ab514f3b63d1f887f1104097141f3a5fc28c653fe2134c92d57,INITIAL
105,https://github.com/ZhangZhuoSJTU/Web3Bugs.git,fd8544e84f0d6cea4b4d6a44ee62d8f7623648f4,contracts/105,64,4174948,b55eb7922a013a4c6c5cbbce754ea00034554c078df365079ea8e2ba2b92f733,23,173357,855cec0d181072acfaa770bd251a2e4dbef3a38b912cbbc5e06279fd75a73fda,INITIAL
106,https://github.com/ZhangZhuoSJTU/Web3Bugs.git,fd8544e84f0d6cea4b4d6a44ee62d8f7623648f4,contracts/106,72,4350847,d866c703fc7f562a230f0bd4a7b41f648c2a112bfaceee1ad24e1ee7372a027b,27,143678,c473e1791837cb41090c2f3351fe58bbc728ad7ec330922454ebba58855cae55,INITIAL
107,https://github.com/ZhangZhuoSJTU/Web3Bugs.git,fd8544e84f0d6cea4b4d6a44ee62d8f7623648f4,contracts/107,63,747774,920441bf98129a6c20d11468aab3d156b568f8e9d2f02b74fcb7b7a19ed50d35,43,154055,992cb2ad10ec66cb2f1a44218b6318a98c222a13d94f7c3cc2f4a585bdac8d62,INITIAL
109,https://github.com/ZhangZhuoSJTU/Web3Bugs.git,fd8544e84f0d6cea4b4d6a44ee62d8f7623648f4,contracts/109,35,1059270,a2339c5c8a072df79bc2bbbd6fdcd8c274576c59321fe57d028c595f6b33cd15,24,96855,92dca96919dd470c9c96a3ec99dcb78ce0576b02bfeae212eb66b4a9911c40b0,INITIAL
110,https://github.com/ZhangZhuoSJTU/Web3Bugs.git,fd8544e84f0d6cea4b4d6a44ee62d8f7623648f4,contracts/110,1095,12242496,dae9e5e7792836a1b9e8c3cd11fcaae9834a6b4b0475c24552d99a2dff7070bb,605,2049863,1dba8be2df5eb2323752cbb24d3bfe2dd98afd134701d245ccea760a39374cce,INITIAL
112,https://github.com/ZhangZhuoSJTU/Web3Bugs.git,fd8544e84f0d6cea4b4d6a44ee62d8f7623648f4,contracts/112,368,16626351,c3950c076299bfa249a97ab498083726df18a2c1b158d5e5c48211cd50b26da9,158,547184,7817471ddafb05ccc19a4fd7b1a583cd2d274a046329d982902483b6e76bd2ad,INITIAL
113,https://github.com/ZhangZhuoSJTU/Web3Bugs.git,fd8544e84f0d6cea4b4d6a44ee62d8f7623648f4,contracts/113,62,2163006,c2b6dfb92f09858894255d3faa3b172d61e98b2108f1e385c7476e9ed2617153,19,144076,e8dcdbe1ae23436fd7d7ba32cef6109a8720f9ba6c16158e67ebbb5022d5c382,INITIAL
114,https://github.com/ZhangZhuoSJTU/Web3Bugs.git,fd8544e84f0d6cea4b4d6a44ee62d8f7623648f4,contracts/114,34,1204806,71246e5282a0fe11138eccb7f5a6e5da4ff819fef5afa780c922e231cbff9807,4,20318,6aa3d62568fd8b10a2c6244822c9b7cf2f6c4d5a622ab92b9db2d540d888eca1,INITIAL
115,https://github.com/ZhangZhuoSJTU/Web3Bugs.git,fd8544e84f0d6cea4b4d6a44ee62d8f7623648f4,contracts/115,312,4772814,f9fe7f7325f542bf182483b2061da16770c1fbbcc9459429075552438061c493,146,441061,193d20fdfe992388c58023f1f6a1c03668f1c686788f78faa3bf0853895fb316,INITIAL
122,https://github.com/ZhangZhuoSJTU/Web3Bugs.git,fd8544e84f0d6cea4b4d6a44ee62d8f7623648f4,contracts/122,607,4970424,36cd0cbdf562d1351cd69f679e9cecb0142b1b4ca2456216233202c9fe5848e2,347,1152615,8e6c5cd9e4665c3f484264d4fd25c57e898b38f860702d8c5ba65e00902c9e69,INITIAL
123,https://github.com/ZhangZhuoSJTU/Web3Bugs.git,fd8544e84f0d6cea4b4d6a44ee62d8f7623648f4,contracts/123,121,1536933,89b9ebc87049163f841c3f297315b65f7302c9f3d82cea478aa6459909b0091b,60,271346,7a4fd5a52db736c4f3da4bd8d4c4bd91674c1fc7971af16cf4a5b0ed3216ead1,INITIAL
124,https://github.com/ZhangZhuoSJTU/Web3Bugs.git,fd8544e84f0d6cea4b4d6a44ee62d8f7623648f4,contracts/124,515,17524984,3cffdb2803743a3139ce1aa943eef700a6a0344c38430745eeaf9c21b532de6d,317,2565024,654844738aaeee0f207bac30a64039c20285b0fc12276f7e0b1d1a38fc9cd31e,INITIAL
125,https://github.com/ZhangZhuoSJTU/Web3Bugs.git,fd8544e84f0d6cea4b4d6a44ee62d8f7623648f4,contracts/125,6,37686,7187e814b3c43226b7d8e20050cd7c79b0380635f2cef67481d7efc8251bead9,5,31529,4d63a8d0fffc0af3f7873a9b07ff81d1a3404d9da35ba4e5d1ff9f101cdb84aa,INITIAL
131,https://github.com/ZhangZhuoSJTU/Web3Bugs.git,fd8544e84f0d6cea4b4d6a44ee62d8f7623648f4,contracts/131,364,16644554,a2c37a6ba2a27654c3865cfdf4282236600253da53af48e18e76b9a1354d5037,161,564949,d40a64c7c769e0c7b5bbe61089ad3716d097c2125cd57d18484708607f399848,INITIAL
143,https://github.com/ZhangZhuoSJTU/Web3Bugs.git,fd8544e84f0d6cea4b4d6a44ee62d8f7623648f4,contracts/143,253,16343216,c5d4f9e9f0e01e3135a40f999da9f6427b39856d90c75bc82838a3aa348b0a29,95,481098,84067611f1c93b8b76d4b7fce3dde580e2aba15b045292e6f3f78d714ca6ff4c,INITIAL
145,https://github.com/ZhangZhuoSJTU/Web3Bugs.git,fd8544e84f0d6cea4b4d6a44ee62d8f7623648f4,contracts/145,244,4415196,2a7687bdb0b892b6780574b972eda59618d563d8cb5bbe45e4a4c2dcaf19b63c,91,230122,bc25dbbfb1ed7d5f31856448dfc6bca843cf77d5519bfd52ac9daa5712623838,INITIAL
190,https://github.com/ZhangZhuoSJTU/Web3Bugs.git,fd8544e84f0d6cea4b4d6a44ee62d8f7623648f4,contracts/190,1675,57948272,13c3fe5c68fda30ba63d727e98c52ddf8bd7abc5d18478c7bc06e2b680214a04,217,717109,79c44d61a44385cfd63c1f640fdc4c09d8c59552c730a052f57b7ff61bd455c6,INITIAL
191,https://github.com/ZhangZhuoSJTU/Web3Bugs.git,fd8544e84f0d6cea4b4d6a44ee62d8f7623648f4,contracts/191,20,90117,9df57ab393ac12b827bf9d0110e618859e520984e61b0af1a11be5ce89280799,14,57839,9df96e15825b40e16e41f393e79d322fb4d18d667e058a6f0e0599ea5449ed9d,INITIAL
192,https://github.com/ZhangZhuoSJTU/Web3Bugs.git,fd8544e84f0d6cea4b4d6a44ee62d8f7623648f4,contracts/192,159,10957842,0c280f702c302f31ff3f61e01e6db5c29ab079cf34713dff761d7d1c69f6acfe,35,185065,caef5729feb727769aa744e4800370af9f18c5522ea68dad3128e6e0fcb4bcb8,INITIAL
193,https://github.com/ZhangZhuoSJTU/Web3Bugs.git,fd8544e84f0d6cea4b4d6a44ee62d8f7623648f4,contracts/193,130,14220215,6246ba62157332c794cbfc2c7408ff802fa63526a67cf3930aa17275c60f5bab,34,103539,dbcd47f5f1ec04ee63858c62f21905d9d82ede95bb4614d03022c2601dcb154e,INITIAL
