deviation_id,date,reason,affected_subjects,affected_artifacts,semantic_output_inspected,impact_on_claims
INFRA-20260814-001,2026-08-14,System Docker socket denied to the unprivileged research account; no container operation executed.,none,environment,false,none; rootless project-local container path investigated
INFRA-20260814-002,2026-08-14,Sudo Docker check denied because the research account is not a sudoer.,none,environment,false,none
INFRA-20260814-003,2026-08-14,Initial patch transport used Codex wrapper syntax unsupported by remote git apply and changed no files.,none,evaluation infrastructure,false,none
INFRA-20260814-004,2026-08-14,Project-local rootless Docker launch failed because host newuidmap and newgidmap helpers are absent; daemon log preserved.,none,environment,false,none; daemonless OCI construction used and runtime enforcement remains blocked
INFRA-20260814-005,2026-08-14,First Python lock finalizer invocation referenced a nonexistent shared helper; it wrote no freeze artifacts before correction.,none,environment/python.lock,false,none
INFRA-20260814-006,2026-08-14,First Foundry manifest captured temporary extraction paths; invalid manifest preserved and stable-path manifest regenerated from verified binaries.,none,environment/foundry_manifest.json,false,none
INFRA-20260814-007,2026-08-14,First daemonless OCI validation found host-pip nested prefix paths; failed attempt preserved and second attempt normalized paths before image assembly.,none,environment/oci,false,none
INFRA-20260814-008,2026-08-14,Broad automated pragma inventory command was denied by execution safety review; no benchmark semantic or detector output was inspected.,web3bugs,build screen and toolchain inventory,false,build and project-specific toolchain screen remains unresolved
INFRA-20260814-009,2026-08-14,Web3Bugs metadata compiler parser first included Vyper and then overescaped regexes; both generated inventories were preserved before the corrected metadata-only freeze.,web3bugs,benchmarks/web3bugs/build_evidence.json,false,none; exact compiler inventory derived only after correction
INFRA-20260814-010,2026-08-14,First solc acquisition received HTTP 403 and the user-agent patch first encoded literal newlines; partial acquisition preserved and no invalid compiler inventory was emitted.,web3bugs,environment/compiler_inventory.json,false,none
INFRA-20260814-011,2026-08-14,First Node extraction rejected the archive root directory entry; archive and partial extraction preserved before corrected extraction.,web3bugs,environment/node_toolchain_inventory.json,false,none
INFRA-20260814-012,2026-08-14,Daemonless resource enforcement probes failed because session processes cannot enter the delegated cgroup and transient user services exit 219; fixture attempts preserved and stopped child reaped.,none,environment resource enforcement,false,accepted builds and analyses remain blocked
INFRA-20260814-013,2026-08-14,Several remote patch-generator strings failed locally because of delimiter escaping or an undeclared generator variable; those attempts wrote no remote project files.,none,evaluation infrastructure,false,none
INFRA-20260814-014,2026-08-14,The first final audit preceded the final seal-integrity guard tests and readiness refresh; its artifacts were preserved before regeneration.,none,reports/audit_attempts/001-before-final-readiness-refresh,false,none
INFRA-20260814-015,2026-08-14,Completion audit found runner terminalization OOM-recording and allocation-concurrency seal-dependency and F2-plan-validation and exact-configuration enforcement gaps plus incomplete oracle shape enforcement; two malformed patch attempts changed no files; corrected infrastructure and the second audit were preserved before regeneration.,none,runners/run_mvscan.py; runners/container_exec.py; runners/validate_output.py; runners/validate_human_materials.py; runners/check_f1.py; tests/test_evaluation_infrastructure.py; reports/audit_attempts/002-before-completion-audit-corrections,false,none
PROTOCOL-20260817-016,2026-08-17,Adopt blind execution before human evaluation; semantic outputs remain embargoed until annotation adjudication oracle and exposure materials are frozen.,all accepted ISU and Web3Bugs execution subjects,protocol/OPTION_B_BLIND_EXECUTION_AMENDMENT.md; runners/check_f1.py; freeze/F1_SEALED.json,false,ordering change only; no change to populations configurations estimands or claims
INFRA-20260817-017,2026-08-17,"Docker daemon and delegated cgroup writes are unavailable on the execution host. Use bubblewrap user/network namespaces with a read-only root filesystem, four-CPU taskset affinity, and a 32 GiB RLIMIT_AS ceiling. Host swap cannot be disabled inside the user session.",all accepted ISU and Web3Bugs execution subjects,environment/resource_manifest.json; environment/environment_manifest.json; environment/daemonless_environment_manifest.json; runners/run_mvscan.py; runners/container_exec.py,false,No semantic configuration change. Timing and resource-efficiency claims are excluded; timeout and failure attrition will be reported under the frozen policy.
INFRA-20260817-018,2026-08-17,"The initial non-semantic smoke and four early canonical attempts exposed an A4 expected-metadata mismatch: the detector reports mapping-insensitive identity as base_collapsed and disables same-slot-key matching, while the runner expected insensitive and true. Execution was paused; all pre-correction attempts were quarantined without semantic inspection; runner expectations were aligned to the already-frozen detector semantics and the evaluation was resealed before restart.",all accepted ISU and Web3Bugs execution subjects,runners/configuration.py; configs/configurations.json; quarantine/pre-a4-contract-fix; freeze/F1_SEALED.json,false,No detector or ablation semantics changed; only the runner validation contract was corrected and all canonical attempts were restarted.
INFRA-20260817-019,2026-08-17,"Status-only supervision found every direct-solc attempt failing identically while Foundry attempts succeeded. Blind automated classification exposed only exception class, traceback frame metadata, and hashes and localized the cause to the wrapper-only MVSCAN_WORKING_DIRECTORY variable leaking into the detector strict-environment validator. Execution was paused; affected attempts were quarantined; the wrapper now consumes but does not forward that variable; tests and freeze artifacts were regenerated before restart.",all direct-solc execution subjects,runners/container_exec.py; tests/test_evaluation_infrastructure.py; quarantine/pre-working-directory-boundary-fix; freeze/F1_SEALED.json,false,No semantic detector output was inspected and no detector semantics changed; this corrects the execution-wrapper environment boundary.
INFRA-20260818-020,2026-08-18,"The launcher stopped on subject isu:259153db5bcad1231d62 before detector execution because its manifest build hash covered the enclosing accepted workspace while the runner executes the nested source_path. The source snapshot remained identical. Four manifests with this scope mismatch were normalized to source_path artifact hashes while preserving the original accepted workspace hashes as provenance; the 36 completed attempts were quarantined and the freeze was regenerated.",four affected accepted execution subjects,benchmarks/subject_manifests; runners/normalize_execution_artifact_scopes.py; quarantine/pre-artifact-scope-fix; freeze/F1_SEALED.json,false,No detector output was inspected; this is a build-artifact scope correction only.
INFRA-20260818-021,2026-08-18,"The sequential launcher stopped after a transient nonzero runner exit while finalizing subject isu:4ca8847e64fbb6fb2f6b A5. The detector process itself exited successfully and an exact controlled rerun also succeeded. A sealed resume mode was added to index terminal run identities, skip completed entries, preserve conditional seed behavior, and refuse duplicate terminal identities; incomplete attempt directories were quarantined before resumption.",all F2 execution subjects,runners/begin_f2.py; tests/test_evaluation_infrastructure.py; quarantine/incomplete-finalization-20260818; freeze/F1_SEALED.json,false,No detector semantics or completed detector outputs changed; this adds crash-safe orchestration only.
