review_id,oracle_row_id,known_finding,C1,C2,C3,C4,C5,review_complete,annotation_notes
ISU-001,isu-02d8a520d0da4d32,known_findings/ISU-001.md,,,,,,,
ISU-002,isu-04290457af95545c,known_findings/ISU-002.md,,,,,,,
ISU-003,isu-07e25f367baf0ecb,known_findings/ISU-003.md,,,,,,,
ISU-004,isu-08012d284cc5c894,known_findings/ISU-004.md,,,,,,,
ISU-005,isu-0e01a20ef25bb2fb,known_findings/ISU-005.md,,,,,,,
ISU-006,isu-0e465664136af674,known_findings/ISU-006.md,,,,,,,
ISU-007,isu-1326fc61d280d92a,known_findings/ISU-007.md,,,,,,,
ISU-008,isu-140bdc30e6ad4e0f,known_findings/ISU-008.md,,,,,,,
ISU-009,isu-1489a907db2c88e6,known_findings/ISU-009.md,,,,,,,
ISU-010,isu-18d31ac12f1753ed,known_findings/ISU-010.md,,,,,,,
ISU-011,isu-1b5be01d594891c0,known_findings/ISU-011.md,,,,,,,
ISU-012,isu-1c705b46e47ec11f,known_findings/ISU-012.md,,,,,,,
ISU-013,isu-205a80b00fbad2f4,known_findings/ISU-013.md,,,,,,,
ISU-014,isu-211c9c334eb3c204,known_findings/ISU-014.md,,,,,,,
ISU-015,isu-217034fbb08f5c0d,known_findings/ISU-015.md,,,,,,,
ISU-016,isu-22f5ab17878ded98,known_findings/ISU-016.md,,,,,,,
ISU-017,isu-22f9f26d7f3ed280,known_findings/ISU-017.md,,,,,,,
ISU-018,isu-26042bb2179bcaca,known_findings/ISU-018.md,,,,,,,
ISU-019,isu-2b297e5f738d42f7,known_findings/ISU-019.md,,,,,,,
ISU-020,isu-2b94c599523fa1df,known_findings/ISU-020.md,,,,,,,
ISU-021,isu-2bc4442d2f8c0d9e,known_findings/ISU-021.md,,,,,,,
ISU-022,isu-2c16ce676efb9c65,known_findings/ISU-022.md,,,,,,,
ISU-023,isu-2d5b45fab3d5c487,known_findings/ISU-023.md,,,,,,,
ISU-024,isu-2f54a050d80e44db,known_findings/ISU-024.md,,,,,,,
ISU-025,isu-31ee582e2e7591af,known_findings/ISU-025.md,,,,,,,
ISU-026,isu-3600db65b0363d63,known_findings/ISU-026.md,,,,,,,
ISU-027,isu-372237591d0d9a31,known_findings/ISU-027.md,,,,,,,
ISU-028,isu-376534817b6f3897,known_findings/ISU-028.md,,,,,,,
ISU-029,isu-3828918ea43c25ff,known_findings/ISU-029.md,,,,,,,
ISU-030,isu-3c60182de8dc2cd0,known_findings/ISU-030.md,,,,,,,
ISU-031,isu-3e38d51d43d09a02,known_findings/ISU-031.md,,,,,,,
ISU-032,isu-3f04c08732ee612c,known_findings/ISU-032.md,,,,,,,
ISU-033,isu-40ff331ab2d74b97,known_findings/ISU-033.md,,,,,,,
ISU-034,isu-4198ebcb807fbc55,known_findings/ISU-034.md,,,,,,,
ISU-035,isu-43ea9dbca4e2aa00,known_findings/ISU-035.md,,,,,,,
ISU-036,isu-4466760c47c2baca,known_findings/ISU-036.md,,,,,,,
ISU-037,isu-4552f0e361ef04d8,known_findings/ISU-037.md,,,,,,,
ISU-038,isu-457df0c341b72a40,known_findings/ISU-038.md,,,,,,,
ISU-039,isu-483c1ab3704b6517,known_findings/ISU-039.md,,,,,,,
ISU-040,isu-4d0b80c5f3074c1c,known_findings/ISU-040.md,,,,,,,
ISU-041,isu-5364060b2d89c4e1,known_findings/ISU-041.md,,,,,,,
ISU-042,isu-587a2cf2917ee620,known_findings/ISU-042.md,,,,,,,
ISU-043,isu-599fced4ea9a8be5,known_findings/ISU-043.md,,,,,,,
ISU-044,isu-5a378fce12442b76,known_findings/ISU-044.md,,,,,,,
ISU-045,isu-618635470000c006,known_findings/ISU-045.md,,,,,,,
ISU-046,isu-61e8584be12659ba,known_findings/ISU-046.md,,,,,,,
ISU-047,isu-621f43af68268838,known_findings/ISU-047.md,,,,,,,
ISU-048,isu-675c757b9950fa5e,known_findings/ISU-048.md,,,,,,,
ISU-049,isu-68088a5b0a6df553,known_findings/ISU-049.md,,,,,,,
ISU-050,isu-696e521de930042e,known_findings/ISU-050.md,,,,,,,
ISU-051,isu-6a4103498e96a7d2,known_findings/ISU-051.md,,,,,,,
ISU-052,isu-6e464662eff8b167,known_findings/ISU-052.md,,,,,,,
ISU-053,isu-6ebf8383a0d41341,known_findings/ISU-053.md,,,,,,,
ISU-054,isu-7068f206eea19247,known_findings/ISU-054.md,,,,,,,
ISU-055,isu-71121263613cd4c7,known_findings/ISU-055.md,,,,,,,
ISU-056,isu-749924b9c7ff076d,known_findings/ISU-056.md,,,,,,,
ISU-057,isu-75daa7931b85c90d,known_findings/ISU-057.md,,,,,,,
ISU-058,isu-76e6aa75733cd2f9,known_findings/ISU-058.md,,,,,,,
ISU-059,isu-788dfab3feaf2dd1,known_findings/ISU-059.md,,,,,,,
ISU-060,isu-7892f67a73ef5fa1,known_findings/ISU-060.md,,,,,,,
ISU-061,isu-7bab5a8cb4269c50,known_findings/ISU-061.md,,,,,,,
ISU-062,isu-7d695607cb1d5ebf,known_findings/ISU-062.md,,,,,,,
ISU-063,isu-7fa2dc5fe1d424e1,known_findings/ISU-063.md,,,,,,,
ISU-064,isu-803f2b23e37d2038,known_findings/ISU-064.md,,,,,,,
ISU-065,isu-825044c76fedfbf3,known_findings/ISU-065.md,,,,,,,
ISU-066,isu-883447fef1177d83,known_findings/ISU-066.md,,,,,,,
ISU-067,isu-8dda8bf0c932db3f,known_findings/ISU-067.md,,,,,,,
ISU-068,isu-8e28a9dae87c4960,known_findings/ISU-068.md,,,,,,,
ISU-069,isu-9097ab32e6443dd6,known_findings/ISU-069.md,,,,,,,
ISU-070,isu-92cbfaf905a24490,known_findings/ISU-070.md,,,,,,,
ISU-071,isu-93e7300724394af9,known_findings/ISU-071.md,,,,,,,
ISU-072,isu-94218c1aa2acd123,known_findings/ISU-072.md,,,,,,,
ISU-073,isu-946bf9ba48ae786b,known_findings/ISU-073.md,,,,,,,
ISU-074,isu-9873179830346843,known_findings/ISU-074.md,,,,,,,
ISU-075,isu-99d4c25ac922028c,known_findings/ISU-075.md,,,,,,,
ISU-076,isu-9bb2eb3155febcd7,known_findings/ISU-076.md,,,,,,,
ISU-077,isu-a03c079be75678d0,known_findings/ISU-077.md,,,,,,,
ISU-078,isu-a27f2f1d35d4f56d,known_findings/ISU-078.md,,,,,,,
ISU-079,isu-a346e0579cc411b2,known_findings/ISU-079.md,,,,,,,
ISU-080,isu-a36b810e7be9bc36,known_findings/ISU-080.md,,,,,,,
ISU-081,isu-a4f232f8e3995505,known_findings/ISU-081.md,,,,,,,
ISU-082,isu-a5b45354645d49e9,known_findings/ISU-082.md,,,,,,,
ISU-083,isu-a81e34895c47243a,known_findings/ISU-083.md,,,,,,,
ISU-084,isu-a93c6b77cc1d4f75,known_findings/ISU-084.md,,,,,,,
ISU-085,isu-afed826cfb09b1d0,known_findings/ISU-085.md,,,,,,,
ISU-086,isu-b293708ac8e38fa3,known_findings/ISU-086.md,,,,,,,
ISU-087,isu-b544ae99b1509882,known_findings/ISU-087.md,,,,,,,
ISU-088,isu-b681cc0782ab7098,known_findings/ISU-088.md,,,,,,,
ISU-089,isu-b7d3203547e02ba9,known_findings/ISU-089.md,,,,,,,
ISU-090,isu-bd1cee16e89b05be,known_findings/ISU-090.md,,,,,,,
ISU-091,isu-bed3fb17def1a543,known_findings/ISU-091.md,,,,,,,
ISU-092,isu-c2b72eea7d3386af,known_findings/ISU-092.md,,,,,,,
ISU-093,isu-c861ec930b030c28,known_findings/ISU-093.md,,,,,,,
ISU-094,isu-c8e0f60aa46e48a0,known_findings/ISU-094.md,,,,,,,
ISU-095,isu-ca5f6661a91a0ea5,known_findings/ISU-095.md,,,,,,,
ISU-096,isu-d40734add7641db5,known_findings/ISU-096.md,,,,,,,
ISU-097,isu-d82a8ede733c07e2,known_findings/ISU-097.md,,,,,,,
ISU-098,isu-da726f3c7052bc2d,known_findings/ISU-098.md,,,,,,,
ISU-099,isu-dbd7bec2a34c98ec,known_findings/ISU-099.md,,,,,,,
ISU-100,isu-dddbc27879224819,known_findings/ISU-100.md,,,,,,,
ISU-101,isu-e419c46c714b5de0,known_findings/ISU-101.md,,,,,,,
ISU-102,isu-e6225382384fe664,known_findings/ISU-102.md,,,,,,,
ISU-103,isu-e7bbd2d210067dcd,known_findings/ISU-103.md,,,,,,,
ISU-104,isu-e9b6781be5ff75b5,known_findings/ISU-104.md,,,,,,,
ISU-105,isu-eb587e226bbc8d94,known_findings/ISU-105.md,,,,,,,
ISU-106,isu-eca0ea552ad071da,known_findings/ISU-106.md,,,,,,,
ISU-107,isu-ecf9619f09fc2036,known_findings/ISU-107.md,,,,,,,
ISU-108,isu-ed3f20846f5d653b,known_findings/ISU-108.md,,,,,,,
ISU-109,isu-eede234fdc432adf,known_findings/ISU-109.md,,,,,,,
ISU-110,isu-f1ac2ad156241780,known_findings/ISU-110.md,,,,,,,
ISU-111,isu-f1fe35637a0d3f8e,known_findings/ISU-111.md,,,,,,,
ISU-112,isu-f352a265e8532ba2,known_findings/ISU-112.md,,,,,,,
ISU-113,isu-f7386becee7ae490,known_findings/ISU-113.md,,,,,,,
ISU-114,isu-fbf2b10a648eab46,known_findings/ISU-114.md,,,,,,,
ISU-115,isu-fd0d74c979018cd3,known_findings/ISU-115.md,,,,,,,
ISU-116,isu-fd0e69f56642d218,known_findings/ISU-116.md,,,,,,,
