review_id,global_candidate_id,subject,packet,label,nonbug_primary_cause,C1,C2,C3,C4,C5,review_complete,evidence_notes
W3B-0008,01823c9ec7c51ced53cefee4a432974c8580aec9dca01c02c201d82b804d56b5,105,web3bugs_packets/W3B-0008.json,,,,,,,,,
W3B-0016,028fb13d49aaa98197e857cba1e557e48669540a8061ebeae6a79c4de4fd7a1b,79,web3bugs_packets/W3B-0016.json,,,,,,,,,
W3B-0017,02a2edc7ea101c24ce6b8f557dce01796bd177f59e059076154d906fb36a380e,105,web3bugs_packets/W3B-0017.json,,,,,,,,,
W3B-0024,0375fe6c83a57893a8962f70d3d758d4c28d31da0ac7a4c781ab5e63df5eb832,105,web3bugs_packets/W3B-0024.json,,,,,,,,,
W3B-0028,03e139686a4fd59045e1d29a652024f3f2c4b3d5baaf6a7b841476d30bc3e964,112,web3bugs_packets/W3B-0028.json,,,,,,,,,
W3B-0030,04ea1a47ada7baef4655f084bdfd32f970b7ca791c84d26a289e3226ccc0f87e,45,web3bugs_packets/W3B-0030.json,,,,,,,,,
W3B-0033,05f9fe3f92af76cd5928803ff76001eb8844239806eb4095a94fd4e971105a6b,105,web3bugs_packets/W3B-0033.json,,,,,,,,,
W3B-0046,08904b583a518f975d87510b765e2a61a8a16d393da2a936fab7e16d1bc02ffd,26,web3bugs_packets/W3B-0046.json,,,,,,,,,
W3B-0055,0a8b1317d10e6bfb397b4f25d24e8bdc58e4681df866582cf3e095b2ba58564b,26,web3bugs_packets/W3B-0055.json,,,,,,,,,
W3B-0057,0afd42aa9dbb9afa8d2ea6edfa5faadf80373c3be95a2d27400a0211612cf082,26,web3bugs_packets/W3B-0057.json,,,,,,,,,
W3B-0071,0e4acbbecab5be6ef4923a50f3b1445536a4f104ad86a19f4dd797c018d7e626,26,web3bugs_packets/W3B-0071.json,,,,,,,,,
W3B-0076,0f1eacdfc985f7b3be57e039d068ba78d37bae79c7a98f8cbff85352e634969f,6,web3bugs_packets/W3B-0076.json,,,,,,,,,
W3B-0089,126bbb93f67d202fba4a3459938655bd5696dd396b37fb7f6ba35543585e1aa3,26,web3bugs_packets/W3B-0089.json,,,,,,,,,
W3B-0095,12dfb43661bcaa942eb3a5ddadf4efb0dcd04c38c5d923e06deb3d4df28f1ef1,26,web3bugs_packets/W3B-0095.json,,,,,,,,,
W3B-0119,16a55a62b173e24c8d01ac311ace1b92b534fb1af0041c9fb935dfed4d4ada45,28,web3bugs_packets/W3B-0119.json,,,,,,,,,
W3B-0127,1811413e11855f37fb537e1ca50bb5b4b14bf76cacf8316290501dcf393d04db,26,web3bugs_packets/W3B-0127.json,,,,,,,,,
W3B-0142,1b0f4c793712858a71767e6cef48092dcfbabc1ee54d7f36528b82eef1b57748,105,web3bugs_packets/W3B-0142.json,,,,,,,,,
W3B-0148,1c44809a22e7913a9a911086b42928d9057ae1bf2f9eabb94a73e74bb350564f,26,web3bugs_packets/W3B-0148.json,,,,,,,,,
W3B-0159,1d993d62aef4023559d8a9eac249650d2b3bed14f6500527221f611608ce8739,78,web3bugs_packets/W3B-0159.json,,,,,,,,,
W3B-0161,1da73e49c57ca3d2d7d1b41ac8136a37c77f1142d00b1cc6bd21fc547506e028,76,web3bugs_packets/W3B-0161.json,,,,,,,,,
W3B-0171,1f7d8e9bfea55cc779b3098937463a5487f7aee92d87e729c051d167d82d1fd7,112,web3bugs_packets/W3B-0171.json,,,,,,,,,
W3B-0173,20057525bb793358a855184fcbfd65f0934bbd90e5922b079f2cb8ee970ab35b,49,web3bugs_packets/W3B-0173.json,,,,,,,,,
W3B-0196,2750828dfa375795d0c17f5ccd1f0bec6d138d8e4eea15adfb903e627b74f667,35,web3bugs_packets/W3B-0196.json,,,,,,,,,
W3B-0206,29a3e19c8f0bafc1e42061489c215bf6d71b169e761f4fa587059adb076abcb5,26,web3bugs_packets/W3B-0206.json,,,,,,,,,
W3B-0209,2a275acd725ead4a54bc7039cf84f1c5cddc2388d33c19297df05bf15e9719e7,107,web3bugs_packets/W3B-0209.json,,,,,,,,,
W3B-0211,2a6d0fa86d0d775f6bbdd9cfa54dabc2756698520559417f8457803da79d94d3,76,web3bugs_packets/W3B-0211.json,,,,,,,,,
W3B-0215,2c3962e90984ab7026ae5a009cad0c698a1d2eb0b3f94829f38963f10f4ea9ce,105,web3bugs_packets/W3B-0215.json,,,,,,,,,
W3B-0223,2e3940a4f11fcf2f5db6d0ccd9b9c0c3cdf8081cf7f37a32c037ccb68ed9b54c,105,web3bugs_packets/W3B-0223.json,,,,,,,,,
W3B-0225,2ea18a5849d435e05bec9c6982750cfc6af82069f16b3da956d98f629236cb05,26,web3bugs_packets/W3B-0225.json,,,,,,,,,
W3B-0236,30ead41a182533bd8189dcbcc541bd0b6b32dd31cbc43ce9a6177fd4e8d80657,22,web3bugs_packets/W3B-0236.json,,,,,,,,,
W3B-0242,3204cc5ff892adda97f3e49e4aad159ad4796fd368dd0527d7519f8b7e8540e8,26,web3bugs_packets/W3B-0242.json,,,,,,,,,
W3B-0243,3213e4dfd755b018f05085a38230bc30f0e8c6aa98ced2789c59587a8f22f871,45,web3bugs_packets/W3B-0243.json,,,,,,,,,
W3B-0245,3309d9edc52f2dbc31e04ec638b7dbb55144961eed06eadbe8bec6117d80de25,107,web3bugs_packets/W3B-0245.json,,,,,,,,,
W3B-0252,34b56361c38864d5ffb2589f3921091718d070c178e7f2c71f9d44e60ae3e499,34,web3bugs_packets/W3B-0252.json,,,,,,,,,
W3B-0253,34b655932af775148e7596943dd3db9bf9c518863acf365ec71077b0ea7fe71f,45,web3bugs_packets/W3B-0253.json,,,,,,,,,
W3B-0256,35ad403333a9086ca41dd372901589cbeb15a8fc649c4637822471e385f04b81,105,web3bugs_packets/W3B-0256.json,,,,,,,,,
W3B-0261,36af72e8e6e61034f6fbe008d900e40b9834a7b8f3a52d3e2af2608e28c104fa,52,web3bugs_packets/W3B-0261.json,,,,,,,,,
W3B-0265,37644f54afe328c87074961ff346244b28bb19edcf2657f2b5abff4afe7dc3f1,78,web3bugs_packets/W3B-0265.json,,,,,,,,,
W3B-0278,39e8308932a90bf5a2b4a2600f82f2935e60870cb36fa4350769ed5d4347fcbe,26,web3bugs_packets/W3B-0278.json,,,,,,,,,
W3B-0281,3a7b77235e28ca185438e4c2a4b4293d0da411cec647d991317de2db9b625b65,26,web3bugs_packets/W3B-0281.json,,,,,,,,,
W3B-0283,3b2938b734030dd5848cc98695a0b2cc9b9826eefa5b01994cdcf5073e88c664,5,web3bugs_packets/W3B-0283.json,,,,,,,,,
W3B-0290,3cdc0fd51958673816baf1c9f957c1b28b1d2e35cd9feeff162319949821a3c7,26,web3bugs_packets/W3B-0290.json,,,,,,,,,
W3B-0304,3fd88aebc264969a9d723ad37e4e8d01196794cec8a5d3dbefc617c3f07f7b32,76,web3bugs_packets/W3B-0304.json,,,,,,,,,
W3B-0309,40ef649fad7d410117ce3e4b98264fdc58cde4cd80aeeed291f2da2bcac10ceb,76,web3bugs_packets/W3B-0309.json,,,,,,,,,
W3B-0313,41c1b913211106586d5ac3e62d9a6148e531a757c7b85dcc153177705f7bc8a5,107,web3bugs_packets/W3B-0313.json,,,,,,,,,
W3B-0319,42407a3d6cf7bf6d1e0d095b5b157a545ba459a02e99c71b8b913b88f7e84ac4,45,web3bugs_packets/W3B-0319.json,,,,,,,,,
W3B-0323,432c36015a359ef741bf5bbbd22a59f6396c6d33634b7865ed489072e4ad4178,105,web3bugs_packets/W3B-0323.json,,,,,,,,,
W3B-0326,43b0f4177a589238225399760b315fd95762b64443327166c5e6f5673e342743,22,web3bugs_packets/W3B-0326.json,,,,,,,,,
W3B-0328,43e0a831404b5ac888ccebbea86e68c53d9c3ebc875746841d100bb576b33051,112,web3bugs_packets/W3B-0328.json,,,,,,,,,
W3B-0329,440f1cddf1182d3e7b36788b191634becd000e05ee1d27a74d3d4bb766ce5059,123,web3bugs_packets/W3B-0329.json,,,,,,,,,
W3B-0331,442c217ec14ea4e7aeb4d26c9422138ad8b89c3aba8a5ee7ef1c01163bc231ad,26,web3bugs_packets/W3B-0331.json,,,,,,,,,
W3B-0341,4652cbe9434d01cb0ca5235b2fcd5b1f37ee358ea5b53781ee094a5497559779,22,web3bugs_packets/W3B-0341.json,,,,,,,,,
W3B-0351,47bd1e029e924963309adc00f4e1db6626f1c6e437b712fd8547b54744b961ee,12,web3bugs_packets/W3B-0351.json,,,,,,,,,
W3B-0352,47c773b3ed7728a75e8e0093f6b8d07d6b6678457483c3e013f1cda03d0e233c,22,web3bugs_packets/W3B-0352.json,,,,,,,,,
W3B-0356,48bbde45b3ba71479bb3b22ec568155c48cd14be0d0aa71d4fde8c78b648a73f,45,web3bugs_packets/W3B-0356.json,,,,,,,,,
W3B-0366,4b0e140a0fd85a6e47bdef4beb29ad99a685cac14bc39b204fae849b6b015706,26,web3bugs_packets/W3B-0366.json,,,,,,,,,
W3B-0369,4b8bb2d641e15a7d47b1bc172a88924fd3e5adac5fafe1da190f9531108f3a34,76,web3bugs_packets/W3B-0369.json,,,,,,,,,
W3B-0378,4e9520a10d3e36f37ffa21fcf2c11ec298863e8a6e3ee0f149c3455c0f727cb6,76,web3bugs_packets/W3B-0378.json,,,,,,,,,
W3B-0382,4f1aa354f0ea1d6e722908be51b641940862d473ac8d8dfc586b1613ffdcbeca,105,web3bugs_packets/W3B-0382.json,,,,,,,,,
W3B-0383,4f81f8244bc418b8b3b36abd30828d4123cc79a30b1cb16c59b7405a853d6481,22,web3bugs_packets/W3B-0383.json,,,,,,,,,
W3B-0384,4f8c9cb502006fc42fc66df66b16f279b02e81c33196621e8758c95b748cd810,26,web3bugs_packets/W3B-0384.json,,,,,,,,,
W3B-0389,50228631fc716b0c4a6eaa935e5df0e62a962f32044dc9947a489832d457cc29,52,web3bugs_packets/W3B-0389.json,,,,,,,,,
W3B-0391,503130213ead3b4359fc884b09f7359850cfbbdc4ffb100a1beaef2a2e89328f,105,web3bugs_packets/W3B-0391.json,,,,,,,,,
W3B-0392,50d7820a86207b8085174f0cd562a7fcc27b550651695d62787e0a5d6b676e9e,29,web3bugs_packets/W3B-0392.json,,,,,,,,,
W3B-0400,53043be6c69f9a9b644d9760d10b6ba06fcfd205cf8145d0d9172eeb1124f859,52,web3bugs_packets/W3B-0400.json,,,,,,,,,
W3B-0401,530bec198cc8d1a7259d99084f11c3fd38f45a01402d434eea5f2214b429c84c,45,web3bugs_packets/W3B-0401.json,,,,,,,,,
W3B-0406,536d38c7a004e9b0f016f7628b12f25a0c32f5993e6959446dfb1f386cec0e4f,112,web3bugs_packets/W3B-0406.json,,,,,,,,,
W3B-0428,582a5ade2c55bb0109d838bd08995173e9d672f27ef9830ab01e44ed9e934934,105,web3bugs_packets/W3B-0428.json,,,,,,,,,
W3B-0429,583b4857f53468f600e0c6726537718bfa1d671a2d61bf28c6e0d1a888d1c640,105,web3bugs_packets/W3B-0429.json,,,,,,,,,
W3B-0432,58956c993326dc29f16612a52d5ab33f38317cf633f0dc7c052fa6170a6a0078,79,web3bugs_packets/W3B-0432.json,,,,,,,,,
W3B-0435,5987fb6def285b1b7eb07d8e6c295737586686a41c794c2e2c8526f30b4bb611,51,web3bugs_packets/W3B-0435.json,,,,,,,,,
W3B-0437,59a2ce18aff7cf9adbd954562c6a3c1b0e54f7979321295ba181f8dab068ff8d,51,web3bugs_packets/W3B-0437.json,,,,,,,,,
W3B-0446,5a8e3186cbe698c6012eb370504ace05fbf23fc92f4a368a9276f8a4d620311e,26,web3bugs_packets/W3B-0446.json,,,,,,,,,
W3B-0451,5bda091d6faccfce96e181e8603458d4f712a0a72f46589975d43f69dc0fbf60,26,web3bugs_packets/W3B-0451.json,,,,,,,,,
W3B-0452,5c1418397b811b543658308e5c2aef4340b945d87c801bf07d221748b6728dbf,26,web3bugs_packets/W3B-0452.json,,,,,,,,,
W3B-0460,5dae2d17af472436ceb94688547eaa4690d39bf219f1110463f094c04b4a21be,110,web3bugs_packets/W3B-0460.json,,,,,,,,,
W3B-0463,5e3251a8e12f7bc9b33912ee9b774bc3fc2c530574da06cfe53e98aaabb7a049,26,web3bugs_packets/W3B-0463.json,,,,,,,,,
W3B-0466,5ed06d243fc1b64cea82073e4cc1bb526fdbfd21cfbb7b97b4be0102f0ef0e32,22,web3bugs_packets/W3B-0466.json,,,,,,,,,
W3B-0467,5f2993095e82cbe050f53912e19c5517f028af4c279d0c894f17cc6758fd845d,112,web3bugs_packets/W3B-0467.json,,,,,,,,,
W3B-0470,6116e658ad7a1d37e155d7a99b25f85e8c847cc28bfcf51ab754fdaeebd5b7cd,54,web3bugs_packets/W3B-0470.json,,,,,,,,,
W3B-0495,65e7443bd1922f56ec3490692db6613927ab03d1801e4ce5d822f28677a47b92,28,web3bugs_packets/W3B-0495.json,,,,,,,,,
W3B-0496,65eeeea56790f3b600989231d51c87e7bcde912fcb16347c273ec6ea5265faff,53,web3bugs_packets/W3B-0496.json,,,,,,,,,
W3B-0528,6c9addd0e356cd6f30aa68e31c8d75c0353a8453da2c8326e6db2054b1076bef,28,web3bugs_packets/W3B-0528.json,,,,,,,,,
W3B-0532,6d44e98b1c0122ef5336d5636b8a170a730ba0f1df03b0acfe7f7da5e70ae011,35,web3bugs_packets/W3B-0532.json,,,,,,,,,
W3B-0533,6db2eabed8151f521b89db804d753a3f48f147741d7581441d7c4ee3a31bbc77,26,web3bugs_packets/W3B-0533.json,,,,,,,,,
W3B-0541,6eca4cca790b56446feecec84da4bff97567092c328adfebcabdc864e69ac77a,45,web3bugs_packets/W3B-0541.json,,,,,,,,,
W3B-0543,6ee477bd90c06c1ab8065b79d7e752860713e6ca3afa579f8f53bdc1ce74c44d,61,web3bugs_packets/W3B-0543.json,,,,,,,,,
W3B-0547,6fc96d4e7897cccc613405155555bb25c112c9140d06b842c3e10f21b9cdb58b,112,web3bugs_packets/W3B-0547.json,,,,,,,,,
W3B-0559,714ada167cba99cc2b8a52503b45fbc5d99bf961a80dc9e2aad10b0b49bf6fbb,45,web3bugs_packets/W3B-0559.json,,,,,,,,,
W3B-0561,7152b6538c824405f5b3179d721157e1f9751804f4142ed82152764a969f61bf,52,web3bugs_packets/W3B-0561.json,,,,,,,,,
W3B-0564,71e23a11e6396096fea87c2012543a6ec70db7fb607bdee395c9ea59f3eeadd1,105,web3bugs_packets/W3B-0564.json,,,,,,,,,
W3B-0565,7212ef7688f89357ceb25514a8c8b8c9211cdfd0cf0088d504b6aa4370110988,76,web3bugs_packets/W3B-0565.json,,,,,,,,,
W3B-0566,7255eb7e03cec36b67e55f75b6e5d681080ed104e42530ed44c886e9f048912a,105,web3bugs_packets/W3B-0566.json,,,,,,,,,
W3B-0573,7383a3e71fca7076b81dca29bee7b593ae9dc033993149e622c6faeb05b5cc3a,26,web3bugs_packets/W3B-0573.json,,,,,,,,,
W3B-0578,741ccf12ce7db08564967b37faa906c982c628163aa93cecd848460ac1aae803,76,web3bugs_packets/W3B-0578.json,,,,,,,,,
W3B-0582,75121eb6d236b3840b57ce0d1ce0d81b1e72be11ecfdba3ae1f88a57d8724c47,26,web3bugs_packets/W3B-0582.json,,,,,,,,,
W3B-0584,754966103fbaa7ee2c08bd3dded31e6b231facb81961296e223c33255ab32600,22,web3bugs_packets/W3B-0584.json,,,,,,,,,
W3B-0602,792a7f5da893d3ab68676f7e046aabc0f540eb36776393e662feb4e6b225065c,26,web3bugs_packets/W3B-0602.json,,,,,,,,,
W3B-0603,79360f3032645755ea90f935e34db35e46d897ee21d503afbac7acacd19b6f01,53,web3bugs_packets/W3B-0603.json,,,,,,,,,
W3B-0604,793c2301bd3c26db70b5cf623bdb26497c15bbce0ee82664e9481c2519698de7,123,web3bugs_packets/W3B-0604.json,,,,,,,,,
W3B-0607,799d3961a8c41395f6410ec9a6a516851b4a0e5c570b9130ac38c3c4e8b16c9a,105,web3bugs_packets/W3B-0607.json,,,,,,,,,
W3B-0619,7c213799de0b310b1a4599dc1e6e3a6780ed2bbaab59215e9de44423cbfc1583,26,web3bugs_packets/W3B-0619.json,,,,,,,,,
W3B-0624,7ca05668f77cd86e85a31ea3739152e0e31c84a6cb7f33b5166795f3665e98c0,76,web3bugs_packets/W3B-0624.json,,,,,,,,,
W3B-0641,806ab5c87dbcb4fe4ac96d75f49f09a4a1b4ddb81043c5bf3630c5665b22e1c8,28,web3bugs_packets/W3B-0641.json,,,,,,,,,
W3B-0648,817217b1267fcbfd5bf8011ee42b868c24c46bb99981e284538d351bc4b830ca,26,web3bugs_packets/W3B-0648.json,,,,,,,,,
W3B-0656,832c328ec0f0af362e0dd64fe8455b5f89b5b5c94352123217163dd84f248e63,29,web3bugs_packets/W3B-0656.json,,,,,,,,,
W3B-0662,83f3877de7520a479d0b7684589e058673d33720176fcb27b0ccb7d4288f7439,49,web3bugs_packets/W3B-0662.json,,,,,,,,,
W3B-0666,84f19e86ffce7d637595fcc93c700629d5ed574fa223c69c2016df8277fec77e,110,web3bugs_packets/W3B-0666.json,,,,,,,,,
W3B-0668,850b29ab9d9193e8dba18d31db13b2287527937d006bfa08bc51ea1ae0ab5020,76,web3bugs_packets/W3B-0668.json,,,,,,,,,
W3B-0669,85bab833928a456ed72116f2ed9e2c1575b1f5a0b353e08242367e0e915ebc18,45,web3bugs_packets/W3B-0669.json,,,,,,,,,
W3B-0676,870d43fd9649f14129eefaffdc96ca89d4be622db3db74d078711d9986dedba1,124,web3bugs_packets/W3B-0676.json,,,,,,,,,
W3B-0678,87bba9a4881c7001d349b1e6620fd35af2dc6488981ae66071506900c185fd6e,53,web3bugs_packets/W3B-0678.json,,,,,,,,,
W3B-0685,891f56dad81bebed1c654d107ce7ec61f10bf529043ced8bce6c37361f6859de,105,web3bugs_packets/W3B-0685.json,,,,,,,,,
W3B-0688,8a239b5b2542356b457f04a0c5c01532bc4d55b749016781c33bae533a00b730,105,web3bugs_packets/W3B-0688.json,,,,,,,,,
W3B-0698,8c04d7a0da9aa3c6c2d609bcdfcf1f56cde64d13127492a95883f1f7a4266807,26,web3bugs_packets/W3B-0698.json,,,,,,,,,
W3B-0705,8ce275b5b719fbcba7e4b89dad7720c44ce3de5d36533681ca5fd463e6552339,45,web3bugs_packets/W3B-0705.json,,,,,,,,,
W3B-0708,8dbd5cf80811a527bffa6cc7de5fc6d63d27632450d44140bbed563e86c2c6ce,105,web3bugs_packets/W3B-0708.json,,,,,,,,,
W3B-0711,8e7661c70312430a99ded2f5ea51c60c4a851e9c5a72038b30ee1e5f6590cc2c,22,web3bugs_packets/W3B-0711.json,,,,,,,,,
W3B-0720,901342fe9142e29818c0bfdfcaaebffa233f56043f879498cc57f3d0e1a25769,192,web3bugs_packets/W3B-0720.json,,,,,,,,,
W3B-0721,905ff23b8c62d98dff19f7bc59efca1e8ab2a166ef66615682f741ad12314712,31,web3bugs_packets/W3B-0721.json,,,,,,,,,
W3B-0727,90cd2ad9aa5efc29140e9e71fd59074eb09e67d9f0ee6b26de374e8b1c3b2b88,107,web3bugs_packets/W3B-0727.json,,,,,,,,,
W3B-0729,9107f56aa2fbba24ec19c3697a0d2f2904175b4db2bca96e5a2401c504be0e85,76,web3bugs_packets/W3B-0729.json,,,,,,,,,
W3B-0730,9139623e8995f2436051a3b5c41b59dd5d75f204903d6ddd3e5ebe5f276b068c,45,web3bugs_packets/W3B-0730.json,,,,,,,,,
W3B-0750,95d0fb464967abc9e15d59a0a3419e53064b8b6960a6204d095fd836006c3a57,76,web3bugs_packets/W3B-0750.json,,,,,,,,,
W3B-0760,96e8a21dd3eb944b74d9f9f3305abf61b12b71bca5822dbb36cd1baa2bfc0240,107,web3bugs_packets/W3B-0760.json,,,,,,,,,
W3B-0766,981e9fb32fae562d37e0052383e788a1e0800e12dd25177041fc1a18673946d5,52,web3bugs_packets/W3B-0766.json,,,,,,,,,
W3B-0772,999e0ca55c4b8f146f4b0025ebff3c0881a81ff4dcf226bf81cbd75c2565918f,26,web3bugs_packets/W3B-0772.json,,,,,,,,,
W3B-0774,9a046e4524fa5391dec89e8f0fc922126edeb955d16ae337727e589c58bb3776,26,web3bugs_packets/W3B-0774.json,,,,,,,,,
W3B-0775,9a26013b807df1a5160c0f38249d51882a91d5fa8b6c915e804a8e19c371c063,76,web3bugs_packets/W3B-0775.json,,,,,,,,,
W3B-0798,a0b243dd12ac271d39b112869fabd88f20f94135900de0f63c13d8b42f2b7392,45,web3bugs_packets/W3B-0798.json,,,,,,,,,
W3B-0801,a0d3071ef86d965baae4027abf1d02b994833d85deec63bf02d8e29544e5e2ad,10,web3bugs_packets/W3B-0801.json,,,,,,,,,
W3B-0804,a100aaf4f9d20efed866c5dd5b81e9cbef8e7ffbb2a3188680389814ace6448f,26,web3bugs_packets/W3B-0804.json,,,,,,,,,
W3B-0805,a13b766854cd72101e8cf603b467e0ba6bc2fd0175f3dc5bbae5a423c655cc59,105,web3bugs_packets/W3B-0805.json,,,,,,,,,
W3B-0815,a293269936e71965311aecddcb32b317f8a1a53b445c79b21ddb5e29a9ba0968,45,web3bugs_packets/W3B-0815.json,,,,,,,,,
W3B-0825,a449fa1303949a343f01bf43b0e343ba9300c8d2f1e4032299b6df4bff140b4d,45,web3bugs_packets/W3B-0825.json,,,,,,,,,
W3B-0829,a5968e57011e3a6aacfea0143d14d1abe0247f028c34818ab759ea80721b760d,105,web3bugs_packets/W3B-0829.json,,,,,,,,,
W3B-0835,a6c0a140f5d4a0d11251ab7717f11c48ac73833ea99568375d79a36e5f2ea4e1,35,web3bugs_packets/W3B-0835.json,,,,,,,,,
W3B-0841,a8479c8d543437bf669fc54e652bfa47cfe326df3cf3b04f1715d52c964b3c6d,6,web3bugs_packets/W3B-0841.json,,,,,,,,,
W3B-0854,aa7afc09f911e890f52850c1086f16ccc5f8228bc0b091a3a9867eb430315ba8,28,web3bugs_packets/W3B-0854.json,,,,,,,,,
W3B-0858,ab02d3dfd05ecfcd630df7bfe9c75bfcf48a2f5535f5b282e586d12435dd4463,22,web3bugs_packets/W3B-0858.json,,,,,,,,,
W3B-0861,abe063c638b7f12ab443d591763629388221453b1bc2462a6d893734276d0650,45,web3bugs_packets/W3B-0861.json,,,,,,,,,
W3B-0871,adb580944a3568f45edc760305d57d459735e08a8c348655558f0c37962b9257,53,web3bugs_packets/W3B-0871.json,,,,,,,,,
W3B-0872,addced71b33ac062fb9b0deddde17c496a19114c284d1f822915d14c819f8247,35,web3bugs_packets/W3B-0872.json,,,,,,,,,
W3B-0875,ae9bf2898aa54dc61b5e8939f52dbb1a458c398806e9d76661eaee7427a9a91b,45,web3bugs_packets/W3B-0875.json,,,,,,,,,
W3B-0879,aefd6248fa1909ae7a29f72350653bded99a34df78513c6c31051a495d9009c8,45,web3bugs_packets/W3B-0879.json,,,,,,,,,
W3B-0880,af0f741efbaa0fe437d6db9dbf66df522e4cf93b747e7d166376a7f0f5095d29,22,web3bugs_packets/W3B-0880.json,,,,,,,,,
W3B-0889,b0b08ec81e40ad4d6426a0ec64ed2648e59e48e09466a09db5d1d07e623bf3e6,22,web3bugs_packets/W3B-0889.json,,,,,,,,,
W3B-0893,b1a785e9304fa503ace17931a2d97d172b3c6253a3b51358f6acee0903cfabe6,61,web3bugs_packets/W3B-0893.json,,,,,,,,,
W3B-0909,b51cda9f2cddf7c0f0c7738d585f0666f5f95994143e4727e2b4e63dd26711f2,26,web3bugs_packets/W3B-0909.json,,,,,,,,,
W3B-0911,b5e314aaec596c20ab5cced34fe7ad801011655fee368549b331c1dc61257b4e,22,web3bugs_packets/W3B-0911.json,,,,,,,,,
W3B-0915,b762d398aec602b4bc0d5138950262594243cf767466e601249299607c61f39e,45,web3bugs_packets/W3B-0915.json,,,,,,,,,
W3B-0922,b94f5f9494be6ef30625cf8a3a4874f0472639173b41ee78ed32c6cb8f3ca71c,105,web3bugs_packets/W3B-0922.json,,,,,,,,,
W3B-0924,b99f114efc4843696c0df825d4fb80c2a9142c1d8a89c199706e20cf5fddaa4a,26,web3bugs_packets/W3B-0924.json,,,,,,,,,
W3B-0941,bd1467d6aca3361ea81b8c122e9044a95ac5583198c0064de9841e48fad63499,76,web3bugs_packets/W3B-0941.json,,,,,,,,,
W3B-0942,bd26e4a35172aa2ec406b0cf8f5a4d38018ddbe0ebf4b14ecb12af1f20bb72a6,107,web3bugs_packets/W3B-0942.json,,,,,,,,,
W3B-0955,bed248879ba23dd21d83057be8ce42f2423ff676e7c0d4110d7b1aaf1b91c68c,100,web3bugs_packets/W3B-0955.json,,,,,,,,,
W3B-0956,bef0bc4f61a21b63021b0bfc2d9c4e86ff11b1988c6c73d98519a66f40cc3630,26,web3bugs_packets/W3B-0956.json,,,,,,,,,
W3B-0970,c30fb4af1183779b6333d3674b3f34d6522bbaa68ea2e574c8f664a9f38db8c3,52,web3bugs_packets/W3B-0970.json,,,,,,,,,
W3B-0971,c3438fee901244a4e71312b39890839ba2e4a022adda2d4bbfd89c86b783f395,110,web3bugs_packets/W3B-0971.json,,,,,,,,,
W3B-0987,c5dfee75a662a4099bdb716e940cbc8ce1ce88cd41dfd56a1fd4432c11598c34,45,web3bugs_packets/W3B-0987.json,,,,,,,,,
W3B-0992,c6d3fe2328618bb5264cf29ea35bb323153b69cdb7fa87236699ce8df84a464b,26,web3bugs_packets/W3B-0992.json,,,,,,,,,
W3B-0994,c761274472a8609fdc1721dd128b99b1d6cb9ff70ee7631963b21282f1b2f120,45,web3bugs_packets/W3B-0994.json,,,,,,,,,
W3B-0996,c76c5d12f3208f11777520f07791756bee07938d048b089e4b4588e56a87bae3,45,web3bugs_packets/W3B-0996.json,,,,,,,,,
W3B-0997,c79b44c1833a39707e3b2224a0e3076259e61b33c793b9209b8daa4339cf5bff,76,web3bugs_packets/W3B-0997.json,,,,,,,,,
W3B-1001,c8a6bf587fb25186eea96f14027f752195d90238761cdbdeeff304825c892622,22,web3bugs_packets/W3B-1001.json,,,,,,,,,
W3B-1032,cea56d7050fa027065acc4532967bd54341e5918b5e732a32262d54468ebbd66,26,web3bugs_packets/W3B-1032.json,,,,,,,,,
W3B-1042,d03f3caa2ba2bffccfccfc0cc0da83064942447682cb622d7c8d97d154c5968e,76,web3bugs_packets/W3B-1042.json,,,,,,,,,
W3B-1043,d049d184811431060a002d0ddc44ef5ea51fe4c52c5c49ddda36f882957d6b32,45,web3bugs_packets/W3B-1043.json,,,,,,,,,
W3B-1044,d05e3b94a7a646cbe7d0bae5c2c08862aab82de654246bedb96ac4d490383a2c,22,web3bugs_packets/W3B-1044.json,,,,,,,,,
W3B-1047,d0e23da49a0a1b54176824db4f478c80bfd584bb68efee2247137be1974c388c,45,web3bugs_packets/W3B-1047.json,,,,,,,,,
W3B-1052,d1d91f0fd01114a9029da7c65e42ffd8ab7b4e87b8c0d7310c61b4afe8121e99,26,web3bugs_packets/W3B-1052.json,,,,,,,,,
W3B-1060,d39b1a3561c0dfcca35e7eeeec7671a80ec2d835384a600a07af25b5b637cbdf,26,web3bugs_packets/W3B-1060.json,,,,,,,,,
W3B-1061,d41b96170021f611d1bfcb0d51f187d3dfb88c97d52d874aaa952ade21cb0453,105,web3bugs_packets/W3B-1061.json,,,,,,,,,
W3B-1072,d74949945857bb4e796fa4acf41979536d0cf953038dedb6b094e4f950d145ae,45,web3bugs_packets/W3B-1072.json,,,,,,,,,
W3B-1075,d8028c8cb15b4be85a2bd83260e9aaf06924ede8c194d5085e47b56f7e22171e,26,web3bugs_packets/W3B-1075.json,,,,,,,,,
W3B-1078,d89de754da49b03372a8bcbd53eb89f7ba033c4f535d749ccedd403cf12114f4,22,web3bugs_packets/W3B-1078.json,,,,,,,,,
W3B-1082,d96a175617729185ed6bec5e7771621c0ba091acf9c1e56bc96ec447efcd1ae9,76,web3bugs_packets/W3B-1082.json,,,,,,,,,
W3B-1091,db4eec61b4c8ce9fd0825bb9f067dc3b48b0f91a4ee9bed7310f08a428720a9b,22,web3bugs_packets/W3B-1091.json,,,,,,,,,
W3B-1093,db868a425efdc7bd8a72291f230940177f48a16bcfe773efd5e8962eecef9985,5,web3bugs_packets/W3B-1093.json,,,,,,,,,
W3B-1106,ddbe93e2b19db64054df3eaf41d4db2f3728927f21ce9b32a19e27e92909160f,76,web3bugs_packets/W3B-1106.json,,,,,,,,,
W3B-1112,ded5a0479be095ed47512cb1090211b6e3f7e5ab3b5e4aad8315c5e4a06cb8dc,76,web3bugs_packets/W3B-1112.json,,,,,,,,,
W3B-1136,e523e35c1c62da914274e54df704d6edbac6d2a5b44dac5d0c15fe25085eb8d4,52,web3bugs_packets/W3B-1136.json,,,,,,,,,
W3B-1137,e572cf44b3edffbbb14adc155a1170761d23935c828fe5435c45af451ab812c1,26,web3bugs_packets/W3B-1137.json,,,,,,,,,
W3B-1139,e5c05d2f1892846d2ff51a050e22b1cabf2fedeca56e467b61dee3ec4ed14670,35,web3bugs_packets/W3B-1139.json,,,,,,,,,
W3B-1151,e89df7362c0ffa055dbd96511b862fb8f1a95aa6dd5f4806fa6a152b09d9e740,22,web3bugs_packets/W3B-1151.json,,,,,,,,,
W3B-1158,ea067c2ecedf6b4f479a55bfddd06b5f6c7af3a86d801f652170e699f05889e9,35,web3bugs_packets/W3B-1158.json,,,,,,,,,
W3B-1163,eb61ec2608fa4ffaecb06fd7b01a19a2df4cde2f94e1ba66bd404f0f6d31be7e,76,web3bugs_packets/W3B-1163.json,,,,,,,,,
W3B-1165,ec50bfc2bc53a8b704257b92abe338b9c5e548c6d500bd7165941eedb4b42def,107,web3bugs_packets/W3B-1165.json,,,,,,,,,
W3B-1166,ec82afcf6e4bf027125e381944ebcbeb44e9c26fee3ae396dbdce8059611ccd1,35,web3bugs_packets/W3B-1166.json,,,,,,,,,
W3B-1168,ecfd01d5190b61e0cc945c686e59d8624cfde06bf632ba89fb7a6b5e9ef6c85c,78,web3bugs_packets/W3B-1168.json,,,,,,,,,
W3B-1171,ed9524b61623f6f03de9b8228a391a7473895be8eb228b08d4d82832eb40556a,45,web3bugs_packets/W3B-1171.json,,,,,,,,,
W3B-1195,f1e54ef7d80d889449d5e3bb6aa3c3b610f67fe7474d9872d6e6207644314b6b,45,web3bugs_packets/W3B-1195.json,,,,,,,,,
W3B-1212,f496ddf99d99430eab5650c9aacd9f658e4aa4fd66048799645c6cb395ed0793,107,web3bugs_packets/W3B-1212.json,,,,,,,,,
W3B-1213,f4f76cd0f6fce147d873ec941e6075eba24bcd1c301fe350b23b4ecd1be5ef2f,35,web3bugs_packets/W3B-1213.json,,,,,,,,,
W3B-1220,f61f7a23a1b35fede231b1a8c0b4c5763fd5f31acfb17fc40915f8bc700e5dff,64,web3bugs_packets/W3B-1220.json,,,,,,,,,
W3B-1221,f6818c64f15bbb05dd98eb0eb6ab2b60086b9cd209b8524fff901b21b58c9f03,12,web3bugs_packets/W3B-1221.json,,,,,,,,,
W3B-1224,f72dddd5efafcb0565ed7180bb963a49561f771164e868a378a7f8a8fff2b0ff,76,web3bugs_packets/W3B-1224.json,,,,,,,,,
W3B-1231,f90cd1749d9834d20902b86c4e44a7951eed88c5fcc0c3503ae295e57a5b654c,26,web3bugs_packets/W3B-1231.json,,,,,,,,,
W3B-1242,fa9c3a5c8e3b6e830ec1ba5035522750961af947ee75b2f73aa76c148411924b,45,web3bugs_packets/W3B-1242.json,,,,,,,,,
W3B-1261,fe34f174a585f9eff24158a5426c22278aa60d5b00d20bde491980a8ab3ee230,105,web3bugs_packets/W3B-1261.json,,,,,,,,,
